Location,MinTemp,MaxTemp,Rainfall,WindGustDir,WindGustSpeed,WindDir9am,WindDir3pm,WindSpeed9am,WindSpeed3pm,Humidity9am,Humidity3pm,Pressure9am,Pressure3pm,Temp9am,Temp3pm,RainToday,RainTomorrow,Year,Month,Day
0,0.7095654914133155,-0.05104071093019127,0.0,-0.6266466267866334,0.7221158963869028,-0.9674479845133174,-1.1997847673802395,1.5892670466402488,1.0318104335301777,1.5358840265462057,2.341125961472515,-1.0237677489748591,-0.9095216208145649,0.08905873685980148,-0.08967774185722353,0,0,-1.4257240240714117,-0.9972830734704672,-1.6720866211019363
0,0.9676534759281045,0.3584737219520626,0.0,-1.0407372369496601,-0.8122871977805178,-0.9674479845133174,-0.5524424960355787,0.5637133382731015,-0.8868406935037297,0.06308735732580258,0.7461704278429392,-1.0395088140424098,-1.0660355731965732,0.46666514065654563,0.30659811975635815,0,0,-1.4257240240714117,-0.9972830734704672,-1.5582823214211574
0,0.9269027415310325,0.7547780118381147,0.0,-1.0407372369496601,-0.8122871977805178,-0.7181203804692189,0.9580228037686299,0.8201017653648883,-0.5916635970369748,-0.1670371222398854,0.2904688468059175,-1.6061871564741055,-1.6607885922481969,0.8572924549290393,0.7438680360196203,0,0,-1.4257240240714117,-0.9972830734704672,-1.4444780217403788
0,1.144239991648749,0.9661402997773425,0.0,-0.8336919318681467,-0.1985259601135496,-0.9674479845133174,0.9580228037686299,1.3328786195484619,-0.5916635970369748,-0.3511367058924358,-0.0892824707249339,-1.747856742082025,-1.7546969636774052,1.0005224701622866,0.8668501999686625,0,0,-1.4257240240714117,-0.9972830734704672,-1.3306737220595999
0,1.2936593511046794,1.1378721587279648,0.0,0.6156252037024466,-0.1985259601135496,-0.9674479845133174,0.526461289538856,0.3073249111813148,0.29386769236329013,-0.443186497718711,-0.16523273423110416,-1.6061871564741055,-1.5355774303425975,1.156773395871284,1.1264792127499743,0,0,-1.4257240240714117,-0.9972830734704672,-1.2168694223788212
0,1.3344100855017513,1.2303431597013772,0.0,0.6156252037024466,0.51752881716458,-0.9674479845133174,1.3895843179984038,0.5637133382731015,-0.2964865005702198,-0.3051118099792982,-0.4690337882557853,-1.4487765057986355,-1.4729718493897976,1.221877948250033,1.2357966918157903,0,0,-1.4257240240714117,-0.9972830734704672,-1.1030651226980426
0,1.6468323825459692,1.085031586743158,0.0,2.06494233927304,-0.8122871977805178,-0.9674479845133174,0.9580228037686299,0.8201017653648883,-0.2964865005702198,-0.07498733041361022,-0.16523273423110416,-1.385812245528451,-1.3790634779605893,1.156773395871284,1.099149842983521,0,0,-1.4257240240714117,-0.9972830734704672,-0.9892608230172637
0,1.6875831169430409,1.1907127307127714,0.0,1.0297158138654732,1.3358771340538709,-0.9674479845133174,1.173803560883517,-0.590034583639939,-0.2964865005702198,-0.1670371222398854,0.06261805628740667,-1.2913658551231655,-1.2851551065313809,1.2869825006287818,1.0581557883338395,0,0,-1.4257240240714117,-0.9972830734704672,-0.8754565233364849
0,1.3479936636341083,1.2699735886899821,0.0,0.8226705087839599,1.3358771340538709,-0.46879277642512046,-0.33666173892069173,0.5637133382731015,-1.1820177899704847,0.5233363164571785,0.06261805628740667,-1.0552498791099603,-1.1599439446257815,0.9875015596865371,1.1538085825164286,0,0,-1.4257240240714117,-0.9972830734704672,-0.7616522236557063
0,1.4838294449576812,1.2435533026975782,0.0,-0.21255601662360676,-0.40311303933587234,-0.9674479845133174,0.7422420466537429,0.8201017653648883,-0.5916635970369748,-0.12101222632674781,-0.24118299773727445,-1.0080266839073087,-1.0190813874819777,1.3000034111045318,1.1811379522828829,0,0,-1.4257240240714117,-0.9972830734704672,-0.6478479239749275
0,1.2800757729723218,1.2039228737089733,0.0,-0.8336919318681467,0.006061119108773155,0.2791900357071748,-1.1997847673802395,-0.0772577294563654,0.29386769236329013,-0.7653607691106742,-0.7728348422804664,-1.070990944177511,-1.144292549387577,1.4171916053862799,1.208467322049336,0,0,-1.4257240240714117,-0.9972830734704672,-0.5340436242941488
0,0.8318176946045315,1.3888648756557975,0.0,0.6156252037024466,1.6427577528873551,-0.7181203804692189,-0.33666173892069173,-0.33364615654815216,-1.4771948864372397,-0.9494603527632245,-0.7728348422804664,-1.2441426599205136,-1.25385231605499,1.4302125158620298,1.4544316499474217,0,0,-1.4257240240714117,-0.9972830734704672,-0.42023932461337
0,1.0627385228546053,0.9132997277925349,0.0,0.6156252037024466,1.1312900548315483,1.525828055927667,1.173803560883517,1.3328786195484619,0.29386769236329013,0.6153861082834537,0.06261805628740667,-0.708946447623919,-0.7530076684325568,0.40156058827779667,0.7575327209028474,0,0,-1.4257240240714117,-0.9972830734704672,-0.3064350249325912
0,0.7231490695456729,0.4509447229254742,0.0,-0.6266466267866334,-0.1985259601135496,-0.46879277642512046,0.7422420466537429,1.0764901924566752,-0.8868406935037297,-0.39716160180557336,0.06261805628740667,-0.5200536668133657,-0.612145111288753,0.2973933044717983,0.4979037081215356,0,0,-1.4257240240714117,-0.9972830734704672,-0.19263072525181246
0,0.36997603810438306,0.7283577258457108,0.0,-1.0407372369496601,-0.6077001185581951,-0.9674479845133174,-1.1997847673802395,0.8201017653648883,-1.4771948864372397,-0.6272860813712614,-0.7728348422804664,-0.2839376908001606,-0.4086769731921318,0.3234351254232978,0.7575327209028474,0,0,-1.4257240240714117,-0.9972830734704672,-0.07882642557103371
0,0.628064022619172,0.9925605857697455,0.0,0.8226705087839599,0.21064819833109588,-0.9674479845133174,-0.7682232531504656,0.5637133382731015,0.7366333370634226,-1.0415101445894996,-1.0006856327989773,-0.15800917025977382,-0.09564906842811557,0.8963551863562882,1.0718204732170666,0,0,-1.4257240240714117,-0.9972830734704672,0.03497787410974503
0,1.008404210325176,0.6623070108647021,0.0,-0.6266466267866334,0.51752881716458,-0.46879277642512046,0.7422420466537429,1.973849687277929,-0.0013094041034648074,-0.443186497718711,-0.24118299773727445,0.23551745642890132,0.06086488395389254,0.7010415292200414,0.7028739813699398,0,0,-1.4257240240714117,-0.9972830734704672,0.14878217379052378
0,0.6959819132809585,0.5962562958836934,0.0,-1.0407372369496601,-0.6077001185581951,-0.9674479845133174,0.9580228037686299,1.0764901924566752,-0.0013094041034648074,-0.48921139363184857,-0.24118299773727445,-0.12652704012469054,-0.2052088350955284,0.44062331970504565,0.6072211871873509,0,0,-1.4257240240714117,-0.9972830734704672,0.26258647347130254
0,0.7503162258103875,0.8208287268191233,0.0,-1.0407372369496601,-1.119167816614002,-0.9674479845133174,-0.9840040102653526,0.5637133382731015,0.29386769236329013,-1.1795848323289124,-0.6209343152681258,-0.23671449559750884,-0.2834658112865324,0.5838533349382935,0.7985267755525278,0,0,-1.4257240240714117,-0.9972830734704672,0.3763907731520813
0,0.7095654914133155,1.2171330167051753,0.0,2.06494233927304,-1.119167816614002,-0.7181203804692189,0.09489977530908213,-1.1028114378235125,-0.8868406935037297,-1.1795848323289124,-0.7728348422804664,-0.3626430161378956,-0.6277965065269574,0.8442715444532892,1.194802637166109,0,0,-1.4257240240714117,-0.9972830734704672,0.49019507283286007
0,1.5517473356194678,1.2435533026975782,0.0,1.2367611189469865,-0.1985259601135496,1.0271728478394702,1.3895843179984038,0.5637133382731015,0.29386769236329013,-0.8113856650238117,-0.4690337882557853,-1.0552498791099603,-1.0347327827201642,1.5864634415710275,1.3177848011151523,0,0,-1.4257240240714117,-0.9972830734704672,0.6039993725136388
0,1.144239991648749,0.9793504427735436,0.0,0.6156252037024466,-0.6077001185581951,1.2765004518835685,0.9580228037686299,0.3073249111813148,-0.0013094041034648074,-0.1670371222398854,-0.4690337882557853,-0.5043126017458152,-0.4869339493831359,0.5838533349382935,0.9625029941512515,0,0,-1.4257240240714117,-0.9972830734704672,0.7178036721944175
0,1.0763221009869623,0.5566258668950886,0.0,-1.0407372369496601,0.51752881716458,-0.9674479845133174,-0.7682232531504656,1.3328786195484619,0.7366333370634226,-0.07498733041361022,0.13856831979357695,-0.34690195107034505,-0.17390604461911965,0.45364423018079564,0.4842390232383085,0,0,-1.4257240240714117,-0.9972830734704672,0.8316079718751963
0,1.0899056791193198,0.9000895847963338,0.0,1.2367611189469865,2.0519319113320007,-0.9674479845133174,-0.12088098180580481,1.0764901924566752,0.44145624059666766,-0.6733109772843989,-0.16523273423110416,-0.23671449559750884,-0.34607139223933214,0.9223970073077882,0.8668501999686625,0,0,-1.4257240240714117,-0.9972830734704672,0.9454122715559751
0,0.9269027415310325,0.27921286397485207,0.0,1.2367611189469865,0.7221158963869028,1.2765004518835685,-0.12088098180580481,-1.1028114378235125,0.29386769236329013,0.5693612123703161,2.341125961472515,-0.2839376908001606,-0.34607139223933214,0.3234351254232978,-0.29464801510562766,0,0,-1.4257240240714117,-0.9972830734704672,1.0592165712367538
0,0.6959819132809585,1.0057707287659474,0.0,-0.4196013217051201,0.51752881716458,-0.7181203804692189,-0.5524424960355787,1.0764901924566752,1.3269875299969325,-1.0415101445894996,-0.0892824707249339,-1.1024730743125941,-1.3790634779605893,0.9614597387350372,1.0444911034506135,0,0,-1.4257240240714117,-0.9972830734704672,1.1730208709175325
0,1.4838294449576812,0.5698360098912906,0.0,1.4438064240284998,0.9267029756092254,1.0271728478394702,1.3895843179984038,-0.33364615654815216,-0.0013094041034648074,0.8455105878491417,1.2018720088799608,-1.1654373345827787,-1.0503841779583687,0.7531251711230409,0.4979037081215356,0,1,-1.4257240240714117,-0.9972830734704672,1.2868251705983114
0,0.32922530370731107,-1.3720550105503646,0.0,-0.6266466267866334,0.51752881716458,1.2765004518835685,-0.7682232531504656,0.5637133382731015,1.9173417229304426,2.5484317366352327,2.45505135673177,0.1568121310911663,0.5147553458617126,-0.43177768217019,-1.3058346964644214,1,0,-1.4257240240714117,-0.9972830734704672,1.40062947027909
0,0.057553741060165385,-0.513395715797252,0.0,-1.0407372369496601,0.9267029756092254,-0.9674479845133174,-0.7682232531504656,1.717461260186142,0.7366333370634226,0.7074359001097289,1.9613746439416637,-0.016339584651854352,-0.06434627795172464,-0.4578195031216895,-0.5952710825366203,0,1,-1.4257240240714117,-0.9972830734704672,1.514433769959869
0,0.043970162927808136,-1.8476201584136271,0.0,-1.0407372369496601,0.006061119108773155,1.0271728478394702,0.9580228037686299,0.8201017653648883,0.44145624059666766,2.5484317366352327,2.45505135673177,-0.2839376908001606,0.12347046490669224,-0.796363175491184,-1.89341614644318,1,0,-1.4257240240714117,-0.9972830734704672,1.6282380696406475
0,-0.010364149601621101,-0.9229101486795058,0.0,-0.6266466267866334,0.21064819833109588,-0.9674479845133174,-0.7682232531504656,-0.0772577294563654,1.0318104335301777,-0.1670371222398854,2.45505135673177,-0.016339584651854352,0.29563581252690474,0.049996005432552025,-1.0052116290334288,0,0,-1.4257240240714117,-0.9972830734704672,1.7420423693214264
0,-0.11903277466047957,-0.407714571827638,0.0,-1.0407372369496601,0.31294173794225727,-0.46879277642512046,-0.7682232531504656,0.8201017653648883,1.3269875299969325,0.8455105878491417,0.9740212183614501,0.4716334324421064,0.5147553458617126,-0.22344311455819324,-0.44495954882112376,0,0,-1.4257240240714117,-0.701138419737611,-1.6720866211019363
0,0.2069731005160956,-0.3548739998428312,0.0,-1.0407372369496601,0.31294173794225727,-0.9674479845133174,0.7422420466537429,1.3328786195484619,0.44145624059666766,0.15513714915207777,0.4423693738182581,0.4401513023070052,0.46780116014709944,-0.015108546946196913,-0.4312948639378971,0,0,-1.4257240240714117,-0.701138419737611,-1.5582823214211574
0,0.07113731919252263,-0.06425085392639318,0.0,-1.0407372369496601,0.51752881716458,-0.46879277642512046,-0.9840040102653526,1.0764901924566752,0.7366333370634226,0.017062461412664976,-0.01333220721876361,0.31422278176663637,0.23303023157408725,0.063016915908302,-0.035019002324315464,0,0,-1.4257240240714117,-0.701138419737611,-1.4444780217403788
0,0.12547163172195186,-0.09067113991879656,0.0,-0.8336919318681467,0.31294173794225727,-0.9674479845133174,-0.7682232531504656,0.5637133382731015,-0.5916635970369748,-0.12101222632674781,-0.01333220721876361,0.39292810710437137,0.34258999824150005,0.11510055781130096,-0.11700711162367732,0,0,-1.4257240240714117,-0.701138419737611,-1.3306737220595999
0,0.6552311788838865,-0.1699319978960067,0.0,-0.8336919318681467,-0.6077001185581951,-0.9674479845133174,-0.33666173892069173,0.8201017653648883,-1.6247834346706171,-0.3051118099792982,0.3664191103120878,0.3614459769692702,0.38954418395609536,0.2583305730445488,-0.035019002324315464,0,0,-1.4257240240714117,-0.701138419737611,-1.2168694223788212
0,0.003219428530736147,0.14711143401283472,0.0,-0.21255601662360676,-0.1985259601135496,1.2765004518835685,-1.1997847673802395,-1.4873940784611928,1.0318104335301777,0.38526162871776576,0.13856831979357695,0.2512585214964519,0.10781906966848787,0.1802051101900499,0.15628658604086157,0,0,-1.4257240240714117,-0.701138419737611,-1.1030651226980426
0,0.39714319436909756,0.3056331499672559,0.0,-1.0407372369496601,-0.1985259601135496,-0.46879277642512046,-1.1997847673802395,-0.0772577294563654,-0.2964865005702198,-0.443186497718711,-0.393083524749615,0.1253300009560651,0.15477325538308317,0.44062331970504565,0.292933434873131,0,0,-1.4257240240714117,-0.701138419737611,-0.9892608230172637
0,0.36997603810438306,0.2527925779824482,0.0,-1.0407372369496601,0.21064819833109588,-0.9674479845133174,0.7422420466537429,0.3073249111813148,1.0318104335301777,-0.3511367058924358,-0.393083524749615,0.40866917217192195,0.38954418395609536,0.42760240922929615,0.40225091393894663,0,0,-1.4257240240714117,-0.701138419737611,-0.8754565233364849
0,0.35639245997202607,0.1735317200052381,0.0,-1.0407372369496601,0.51752881716458,-0.9674479845133174,-0.7682232531504656,0.1791306976354214,1.3269875299969325,-0.5352362895449861,-0.5449840517619555,0.566079822847392,0.46780116014709944,0.41458149875354616,0.16995127092408868,0,0,-1.4257240240714117,-0.701138419737611,-0.7616522236557063
0,0.057553741060165385,0.18674186300144002,0.0,0.8226705087839599,1.1312900548315483,-0.46879277642512046,-0.7682232531504656,-0.33364615654815216,0.7366333370634226,-0.5812611854581238,-0.5449840517619555,0.42441023723945465,0.3269386030032957,0.2843723939960483,0.1972806406905425,0,0,-1.4257240240714117,-0.701138419737611,-0.6478479239749275
0,0.043970162927808136,0.09427086202802798,0.0,-0.6266466267866334,0.9267029756092254,-0.46879277642512046,-0.7682232531504656,-0.590034583639939,1.0318104335301777,-0.5812611854581238,-0.5449840517619555,0.21977639136135074,0.2486816268122916,0.19322602066579989,0.11529253139118063,0,0,-1.4257240240714117,-0.701138419737611,-0.5340436242941488
0,0.08472089732487988,0.02822014704701932,0.0,-1.0407372369496601,0.21064819833109588,-0.9674479845133174,-0.7682232531504656,0.3073249111813148,0.29386769236329013,-0.6733109772843989,-0.4690337882557853,0.20403532629380014,0.17042465062128756,0.3885396778020467,0.06063379185827305,0,0,-1.4257240240714117,-0.701138419737611,-0.42023932461337
0,-0.3635371810429108,0.2131621489938434,0.0,-0.8336919318681467,-1.119167816614002,-0.9674479845133174,1.3895843179984038,-1.1028114378235125,-1.1820177899704847,-0.39716160180557336,-0.5449840517619555,0.015142545483246818,0.013910698239279429,0.03697509495680251,0.18361595580731535,0,0,-1.4257240240714117,-0.701138419737611,-0.3064350249325912
0,0.07113731919252263,0.4377345799292732,0.0,1.2367611189469865,-1.3237548958363246,-0.9674479845133174,2.036926589343065,-1.7437825055529794,-1.4771948864372397,-0.5352362895449861,-0.6968845787742961,-0.2996787558676933,-0.37737418271574086,0.41458149875354616,0.5935565023041237,0,0,-1.4257240240714117,-0.701138419737611,-0.19263072525181246
0,0.546562553825028,0.26600272097865013,0.0,0.8226705087839599,-1.119167816614002,1.2765004518835685,1.173803560883517,0.3073249111813148,-0.0013094041034648074,-0.39716160180557336,0.2145185832997472,-0.630241122286184,-0.56519092557414,0.5838533349382935,0.22461001045699627,0,0,-1.4257240240714117,-0.701138419737611,-0.07882642557103371
0,0.1390552098543091,-0.06425085392639318,0.0,-0.8336919318681467,-0.6077001185581951,-0.9674479845133174,-1.1997847673802395,0.8201017653648883,-1.9199605311373722,0.24718694097835295,0.4423693738182581,-0.189491300394875,-0.23651162557193714,0.08905873685980148,0.03330442209181926,0,0,-1.4257240240714117,-0.701138419737611,0.03497787410974503
0,0.057553741060165385,0.19995200599764149,0.0,1.0297158138654732,-1.3237548958363246,-0.46879277642512046,1.173803560883517,-0.590034583639939,-1.4771948864372397,-0.213062018153023,-0.16523273423110416,-0.2996787558676933,-0.3147686017629412,0.10207964733555146,0.1972806406905425,0,0,-1.4257240240714117,-0.701138419737611,0.14878217379052378
0,0.2069731005160956,0.292423006971054,0.0,-0.8336919318681467,-1.0168742770028405,-0.9674479845133174,0.09489977530908213,0.5637133382731015,-1.4771948864372397,-0.48921139363184857,-0.3171332612434447,-0.23671449559750884,-0.1426032541427287,0.21926784161729937,0.40225091393894663,0,0,-1.4257240240714117,-0.701138419737611,0.26258647347130254
0,0.2205566786484531,0.4113142939368694,0.0,-0.8336919318681467,-1.0168742770028405,-0.46879277642512046,-0.7682232531504656,-0.590034583639939,-1.1820177899704847,-0.443186497718711,-0.3171332612434447,0.07810680575343126,0.04521348871568817,0.21926784161729937,0.538897762771216,0,0,-1.4257240240714117,-0.701138419737611,0.3763907731520813
0,0.19338952238373835,0.7415678688419127,0.0,0.20153459353941988,-1.119167816614002,-0.46879277642512046,2.036926589343065,-1.1028114378235125,-0.2964865005702198,-0.3511367058924358,-0.6209343152681258,-0.3311608860027945,-0.5182367398595447,0.2583305730445488,0.812191460435755,0,0,-1.4257240240714117,-0.701138419737611,0.49019507283286007
0,0.12547163172195186,0.4509447229254742,0.0,0.6156252037024466,-0.1985259601135496,1.7751556599717655,2.036926589343065,0.8201017653648883,-0.2964865005702198,-0.5352362895449861,0.2145185832997472,-1.0395088140424098,-0.8156132493853565,0.544790603511044,0.5662271325376703,0,0,-1.4257240240714117,-0.701138419737611,0.6039993725136388
0,0.1662223661190236,0.10748100502422944,0.0,-0.8336919318681467,-1.0168742770028405,-0.9674479845133174,-1.1997847673802395,0.1791306976354214,-0.8868406935037297,0.15513714915207777,0.4423693738182581,-0.47283047161071395,-0.37737418271574086,0.2843723939960483,0.06063379185827305,0,0,-1.4257240240714117,-0.701138419737611,0.7178036721944175
0,0.2477238349131676,-0.06425085392639318,0.0,-0.8336919318681467,-0.1985259601135496,-0.9674479845133174,-0.33666173892069173,0.5637133382731015,-0.2964865005702198,0.20116204506521534,0.3664191103120878,0.04662467561833009,0.17042465062128756,0.08905873685980148,0.03330442209181926,0,0,-1.4257240240714117,-0.701138419737611,0.8316079718751963
0,0.016803006663093395,-0.1435117119036033,0.0,-1.0407372369496601,-0.1985259601135496,-0.46879277642512046,0.7422420466537429,0.1791306976354214,0.29386769236329013,-0.07498733041361022,0.06261805628740667,0.644785148185127,0.5617095315763079,-0.06719218884919588,-0.18533053603981203,0,0,-1.4257240240714117,-0.701138419737611,0.9454122715559751
0,-0.09186561839576483,-0.19635228388841053,0.0,-0.8336919318681467,-0.1985259601135496,-0.46879277642512046,-0.9840040102653526,0.1791306976354214,0.44145624059666766,-0.12101222632674781,-0.16523273423110416,0.928124319400966,0.9216916220549373,-0.2364640250339432,-0.1443364813901311,0,0,-1.4257240240714117,-0.701138419737611,1.0592165712367538
0,-0.47220580610176927,-0.10388128291499801,0.0,-0.8336919318681467,0.7221158963869028,-0.7181203804692189,-0.33666173892069173,0.8201017653648883,0.29386769236329013,-0.39716160180557336,-0.6968845787742961,0.8809011241983321,0.8121318553875244,-0.0411503678976964,-0.11700711162367732,0,0,-1.4257240240714117,-0.701138419737611,1.1730208709175325
0,-0.825378837543059,-0.15672185489980522,0.0,-0.21255601662360676,-1.9375161335032929,-0.46879277642512046,0.7422420466537429,-1.3591998649152994,-0.8868406935037297,-0.7193358731975366,-0.5449840517619555,0.5503387577798414,0.45214976490891284,-0.24948493550969272,-0.11700711162367732,0,0,-1.4257240240714117,-0.701138419737611,1.2868251705983114
0,-0.47220580610176927,0.05464043303942269,0.0,0.6156252037024466,-1.3237548958363246,1.2765004518835685,1.3895843179984038,-1.3591998649152994,-2.2151376276041272,-0.3051118099792982,-0.8487851057866367,0.31422278176663637,0.2799844172887004,-0.5099031450246885,0.08796316162472684,0,0,-1.4257240240714117,-0.701138419737611,1.40062947027909
0,-0.825378837543059,0.292423006971054,0.0,0.20153459353941988,-1.73292905428097,1.525828055927667,-0.12088098180580481,-0.8464230107317258,-1.4771948864372397,-0.48921139363184857,-1.0006856327989773,0.32996384683418695,0.37389278871790876,-0.3796940402671906,0.45690965347185425,0,0,-1.4257240240714117,-0.701138419737611,1.514433769959869
0,-0.3499536029105535,0.31884329296345687,0.0,1.0297158138654732,-0.40311303933587234,-0.9674479845133174,-0.9840040102653526,-1.1028114378235125,-0.2964865005702198,-0.9954852486763621,-1.0006856327989773,0.487374497509657,0.4364983696707085,0.1802051101900499,0.3612568592892657,0,0,-1.4257240240714117,-0.701138419737611,1.6282380696406475
0,-0.3907043373076255,0.27921286397485207,0.0,-1.0407372369496601,-0.40311303933587234,1.2765004518835685,-0.9840040102653526,-0.8464230107317258,0.29386769236329013,-0.9954852486763621,-0.924735369292807,0.487374497509657,0.45214976490891284,-0.06719218884919588,0.34759217440603907,0,0,-1.4257240240714117,-0.40499376600475495,-1.6720866211019363
0,-0.28203571224876706,0.26600272097865013,0.0,-0.6266466267866334,0.006061119108773155,-0.9674479845133174,-1.1997847673802395,-0.0772577294563654,-0.0013094041034648074,-0.9954852486763621,-0.8487851057866367,0.39292810710437137,0.42084697443250413,0.07603782638405197,0.3612568592892657,0,0,-1.4257240240714117,-0.40499376600475495,-1.5582823214211574
0,-0.051114883998693086,0.31884329296345687,0.0,-0.005510711542093443,-0.6077001185581951,-0.46879277642512046,-0.9840040102653526,-0.33364615654815216,-0.8868406935037297,-0.443186497718711,-0.6209343152681258,0.4401513023070052,0.42084697443250413,-0.06719218884919588,0.3202628046395848,0,0,-1.4257240240714117,-0.40499376600475495,-1.4444780217403788
0,-0.02394772773397835,0.34526357895586074,0.0,-0.005510711542093443,-1.3237548958363246,1.2765004518835685,-0.9840040102653526,-0.8464230107317258,-1.9199605311373722,-0.443186497718711,-0.6209343152681258,0.5345976927122909,0.42084697443250413,0.08905873685980148,0.4842390232383085,0,0,-1.4257240240714117,-0.40499376600475495,-1.3306737220595999
0,0.19338952238373835,-0.1831421408922086,0.0,1.4438064240284998,-0.40311303933587234,1.7751556599717655,-0.5524424960355787,0.5637133382731015,-1.6247834346706171,0.43128652463090333,0.3664191103120878,0.34570491190171965,0.23303023157408725,0.07603782638405197,-0.06234837209076925,0,0,-1.4257240240714117,-0.40499376600475495,-1.2168694223788212
0,-0.3499536029105535,0.12069114802043136,0.0,-0.8336919318681467,-1.9375161335032929,-0.46879277642512046,-0.7682232531504656,-0.8464230107317258,-1.1820177899704847,0.06308735732580258,-0.3171332612434447,0.10958893588851454,-0.0017406969989249425,0.049996005432552025,0.16995127092408868,0,0,-1.4257240240714117,-0.40499376600475495,-1.1030651226980426
0,-0.32278644664583905,0.292423006971054,0.0,-0.005510711542093443,0.21064819833109588,-0.46879277642512046,-0.33666173892069173,-0.8464230107317258,-0.2964865005702198,-0.3051118099792982,-0.5449840517619555,-0.07930384492203879,-0.07999767318992901,-0.05417127837344591,0.37492154417249285,0,0,-1.4257240240714117,-0.40499376600475495,-0.9892608230172637
0,-0.010364149601621101,0.2527925779824482,0.0,-0.8336919318681467,-0.8122871977805178,-0.46879277642512046,-0.33666173892069173,-0.33364615654815216,-1.1820177899704847,-0.5812611854581238,-0.5449840517619555,0.2669995865639846,0.1391218601448966,0.03697509495680251,0.3885862290557195,0,0,-1.4257240240714117,-0.40499376600475495,-0.8754565233364849
0,-0.09186561839576483,0.06785057603562414,0.0,-0.005510711542093443,-1.0168742770028405,1.2765004518835685,-0.12088098180580481,-1.3591998649152994,-1.1820177899704847,-0.1670371222398854,-0.16523273423110416,0.2669995865639846,0.34258999824150005,-0.05417127837344591,0.11529253139118063,0,0,-1.4257240240714117,-0.40499376600475495,-0.7616522236557063
0,-0.14619993092519407,0.19995200599764149,0.0,0.4085798986209332,-1.5283419750586473,1.0271728478394702,-0.12088098180580481,-1.1028114378235125,-0.5916635970369748,0.8455105878491417,-0.0892824707249339,0.3614459769692702,0.21737883633590066,-0.5099031450246885,0.2656040651066772,0,0,-1.4257240240714117,-0.40499376600475495,-0.6478479239749275
0,0.15263878798666636,0.12069114802043136,0.0,0.6156252037024466,0.9267029756092254,1.525828055927667,0.526461289538856,-0.33364615654815216,0.29386769236329013,0.38526162871776576,0.8221206913491095,-0.03208064971940494,-0.06434627795172464,0.049996005432552025,-0.0486836872075426,0,1,-1.4257240240714117,-0.40499376600475495,-0.5340436242941488
0,-0.02394772773397835,-1.3456347245579612,0.0,0.8226705087839599,-1.119167816614002,1.525828055927667,0.7422420466537429,-0.8464230107317258,-0.2964865005702198,2.042157881590719,2.45505135673177,0.7549726036579454,0.9842972030077369,-0.6921958916851858,-1.2921700115811943,1,0,-1.4257240240714117,-0.40499376600475495,-0.42023932461337
0,-0.8661295719401308,-1.3324245815617592,0.0,1.0297158138654732,-0.6077001185581951,1.525828055927667,0.526461289538856,0.3073249111813148,-0.0013094041034648074,1.0756350674148296,1.0499714818676202,1.1799813604817038,1.062554179198741,-1.0046977431031805,-1.3468287511141022,0,0,-1.4257240240714117,-0.40499376600475495,-0.3064350249325912
0,-0.9068803063372027,-1.7683593004364166,0.0,-0.6266466267866334,-1.0168742770028405,-0.46879277642512046,0.7422420466537429,-0.590034583639939,0.29386769236329013,0.7534607960228665,1.2018720088799608,0.7549726036579454,0.7025720887201116,-1.173969579287928,-1.7567692976109106,0,0,-1.4257240240714117,-0.40499376600475495,-0.19263072525181246
0,-0.5401236967635558,-1.689098442459206,0.0,-0.005510711542093443,-1.119167816614002,1.0271728478394702,-0.33666173892069173,-1.1028114378235125,-1.1820177899704847,1.029610171501692,2.1892254344601745,0.28274065163153517,0.29563581252690474,-1.1609486688121782,-1.7840986673773644,0,0,-1.4257240240714117,-0.40499376600475495,-0.07882642557103371
0,-1.5181413222932814,-1.1606927226111365,0.0,-1.0407372369496601,-1.3237548958363246,1.2765004518835685,0.9580228037686299,-1.4873940784611928,-0.8868406935037297,1.6739587142856185,0.5183196373244283,0.28274065163153517,0.4051955791942997,-1.3953250573756741,-1.169187847632152,0,0,-1.4257240240714117,-0.40499376600475495,0.03497787410974503
0,-1.2736369159108498,-0.9625405776681106,0.0,-0.21255601662360676,-0.6077001185581951,1.2765004518835685,-1.1997847673802395,-0.590034583639939,-0.5916635970369748,0.7534607960228665,1.1259217453737906,0.34570491190171965,0.38954418395609536,-1.1088650269091789,-1.0598703685663362,0,0,-1.4257240240714117,-0.40499376600475495,0.14878217379052378
0,-1.2193026033814205,-0.8832797196909006,0.0,-1.0407372369496601,-1.119167816614002,1.2765004518835685,0.7422420466537429,-1.1028114378235125,-2.2151376276041272,0.799485691936004,0.13856831979357695,0.5975619529824753,0.4834525553853038,-1.1218859373849286,-0.895894149967613,0,0,-1.4257240240714117,-0.40499376600475495,0.26258647347130254
0,-0.40428791543998277,-0.9229101486795058,0.0,0.20153459353941988,-1.3237548958363246,-0.46879277642512046,-0.12088098180580481,-1.7437825055529794,-1.6247834346706171,0.6614110041965913,2.4170762249786852,0.1568121310911663,0.07651627919207912,-0.666154070733686,-0.8822294650843859,0,0,-1.4257240240714117,-0.40499376600475495,0.3763907731520813
0,-0.11903277466047957,-1.3324245815617592,0.0,-0.21255601662360676,-0.8122871977805178,-0.7181203804692189,-0.12088098180580481,-1.4873940784611928,-0.0013094041034648074,1.2137097551542424,2.45505135673177,-0.4570894065431634,-0.26781441604832806,-0.44479859264593957,-1.5381343394792792,0,1,-1.4257240240714117,-0.40499376600475495,0.49019507283286007
0,0.28847456931023957,-1.0682217216377246,0.0,-0.4196013217051201,-0.1985259601135496,2.024483264015864,2.036926589343065,-0.8464230107317258,0.44145624059666766,2.41035704889582,2.265175697966345,-1.1182141393801448,-0.7530076684325568,-0.43177768217019,-1.1008644232160172,1,0,-1.4257240240714117,-0.40499376600475495,0.6039993725136388
0,-0.6080415874253422,-1.2531637235845492,0.0,1.2367611189469865,-0.6077001185581951,1.7751556599717655,0.526461289538856,0.3073249111813148,0.29386769236329013,1.5358840265462057,2.341125961472515,-0.09504490998958938,0.38954418395609536,-0.8354259069184334,-1.2375112720482866,0,0,-1.4257240240714117,-0.40499376600475495,0.7178036721944175
0,-0.6216251655576994,-1.5702071554933905,0.0,0.8226705087839599,-0.1985259601135496,1.525828055927667,0.7422420466537429,0.8201017653648883,0.29386769236329013,1.2137097551542424,1.8094741169293231,1.006829644738701,1.172113945866136,-1.0698022954819295,-1.565463709245733,0,0,-1.4257240240714117,-0.40499376600475495,0.8316079718751963
0,-0.8389624156754162,-1.398475296542768,0.0,-1.0407372369496601,0.51752881716458,-0.46879277642512046,-1.1997847673802395,0.3073249111813148,1.3269875299969325,1.489859130633068,1.2018720088799608,1.4790615967651113,1.5477474315829698,-1.2781368630939263,-1.3878228057637831,0,0,-1.4257240240714117,-0.40499376600475495,0.9454122715559751
0,-0.8389624156754162,-1.3192144385655578,0.0,-0.21255601662360676,0.7221158963869028,-0.46879277642512046,-1.1997847673802395,0.8201017653648883,1.6221646264636875,1.1676848592411049,0.6702201643367689,1.4790615967651113,1.4851418506301521,-1.1609486688121782,-1.3058346964644214,0,0,-1.4257240240714117,-0.40499376600475495,1.0592165712367538
0,-1.1649682908519914,-1.3060042955693558,0.0,-0.8336919318681467,0.51752881716458,-0.9674479845133174,-0.9840040102653526,1.3328786195484619,1.3269875299969325,0.7074359001097289,0.2904688468059175,1.242945620751906,1.093856969675132,-1.226053221190927,-1.2511759569315137,0,0,-1.4257240240714117,-0.40499376600475495,1.1730208709175325
0,-1.2057190252490633,-1.2663738665807507,0.0,-1.0407372369496601,-0.1985259601135496,-0.46879277642512046,-1.1997847673802395,-0.590034583639939,-0.5916635970369748,0.799485691936004,0.5183196373244283,0.9438653844685165,0.8747374363403241,-1.3692832364241747,-1.3058346964644214,0,0,-1.4257240240714117,-0.40499376600475495,1.2868251705983114
0,-1.1785518689843488,-0.7775985757212865,0.0,-0.4196013217051201,-1.119167816614002,-0.9674479845133174,0.09489977530908213,-1.1028114378235125,-0.8868406935037297,0.8455105878491417,0.2904688468059175,0.5031155625771897,0.49910395062350815,-1.2000114002394273,-0.6772591918359817,0,0,-1.4257240240714117,-0.40499376600475495,1.40062947027909
0,-0.9747981969989893,-0.3945044288314365,0.0,-0.4196013217051201,-1.0168742770028405,1.2765004518835685,0.31068053242396904,-1.3591998649152994,-0.5916635970369748,0.7534607960228665,-0.01333220721876361,0.21977639136135074,0.15477325538308317,-0.8614677278699329,-0.25365396045594674,0,0,-1.4257240240714117,-0.40499376600475495,1.514433769959869
0,-0.010364149601621101,-0.7511782897288832,0.0,-0.005510711542093443,-1.73292905428097,-0.7181203804692189,-1.1997847673802395,-0.590034583639939,-2.2151376276041272,0.8455105878491417,1.5816233264108122,0.030883610550779508,0.07651627919207912,-0.32761039836419165,-0.7455826162521164,0,1,-1.4257240240714117,-0.40499376600475495,1.6282380696406475
0,0.2205566786484531,-0.896489862687102,0.0,2.06494233927304,-1.3237548958363246,-0.7181203804692189,1.6053650751132906,-1.7437825055529794,-0.8868406935037297,2.180232569330132,2.45505135673177,-0.03208064971940494,0.2017274410976963,-0.5229240555004384,-0.8275707255514783,1,0,-1.4257240240714117,-0.40499376600475495,1.7420423693214264
0,-0.32278644664583905,-2.2439244482996785,0.0,1.2367611189469865,-1.0168742770028405,1.0271728478394702,0.526461289538856,0.1791306976354214,-0.5916635970369748,1.1216599633279674,2.45505135673177,0.9123832543334154,1.172113945866136,-1.1479277583364285,-2.1803745289909457,0,0,-1.4257240240714117,-0.10884911227189885,-1.6720866211019363
0,-0.5265401186311984,-1.7023085854554079,0.0,-0.6266466267866334,0.006061119108773155,1.2765004518835685,-0.7682232531504656,-0.0772577294563654,1.0318104335301777,1.6279338183724807,2.45505135673177,1.242945620751906,1.438187664915557,-1.0177186535789304,-1.661116503428322,0,0,-1.4257240240714117,-0.10884911227189885,-1.5582823214211574
0,-0.47220580610176927,-1.9136708733946355,0.0,-0.6266466267866334,0.006061119108773155,-0.9674479845133174,-1.1997847673802395,0.8201017653648883,0.7366333370634226,1.3057595469805177,2.4170762249786852,1.368874141292275,1.516444641106561,-1.1869904897636776,-1.8797514615599529,0,0,-1.4257240240714117,-0.10884911227189885,-1.4444780217403788
0,-0.44503864983705477,-2.09861287534146,0.0,-1.0407372369496601,-0.8122871977805178,-0.9674479845133174,-1.1997847673802395,0.3073249111813148,-0.0013094041034648074,0.8915354837622793,2.45505135673177,0.8336779289956804,0.8903888315785284,-1.1869904897636776,-2.139380474341265,0,1,-1.4257240240714117,-0.10884911227189885,-1.3306737220595999
0,-0.49937296236648376,-1.8476201584136271,0.0,-0.8336919318681467,-2.1421032127256154,-0.9674479845133174,-0.5524424960355787,-1.1028114378235125,-1.6247834346706171,2.1342076734169946,2.45505135673177,0.34570491190171965,0.46780116014709944,-1.2130323107151773,-1.7567692976109106,1,1,-1.4257240240714117,-0.10884911227189885,-1.2168694223788212
0,-0.37712075917526827,-2.0193520173642496,0.0,-1.0407372369496601,-2.1421032127256154,-0.9674479845133174,0.7422420466537429,-1.1028114378235125,-1.6247834346706171,2.272282361156407,2.45505135673177,0.5818208879149247,0.9529944125313282,-0.9786559221516811,-1.9617395708593148,1,0,-1.4257240240714117,-0.10884911227189885,-1.1030651226980426
0,-0.3092028685134818,-1.5173665835085839,0.0,-1.0407372369496601,-0.40311303933587234,1.2765004518835685,-0.7682232531504656,-0.8464230107317258,0.29386769236329013,2.042157881590719,2.45505135673177,1.3531330762247422,1.5320960363447653,-0.9395931907244316,-1.4834755999463718,0,0,-1.4257240240714117,-0.10884911227189885,-0.9892608230172637
0,-0.11903277466047957,-1.4248955825351712,0.0,-1.0407372369496601,-0.8122871977805178,-0.9674479845133174,-1.1997847673802395,0.8201017653648883,-0.0013094041034648074,2.0881827775038566,2.45505135673177,1.3059098810221084,1.1877653411043403,-0.8354259069184334,-1.374158120880556,0,0,-1.4257240240714117,-0.10884911227189885,-0.8754565233364849
0,-0.4857893842341265,-0.80401886171369,0.0,-1.0407372369496601,-1.73292905428097,1.2765004518835685,0.526461289538856,-0.33364615654815216,-1.1820177899704847,1.6279338183724807,1.5816233264108122,0.8021957988605971,0.7495262744347247,-0.913551369772932,-0.7865766709017974,0,0,-1.4257240240714117,-0.10884911227189885,-0.7616522236557063
0,-0.5808744311606278,-0.5530261447858572,0.0,-0.8336919318681467,-1.73292905428097,-0.46879277642512046,-0.12088098180580481,-0.33364615654815216,-1.4771948864372397,1.5358840265462057,1.0499714818676202,0.4401513023070052,0.42084697443250413,-0.7573004440639347,-0.5269476581204856,0,0,-1.4257240240714117,-0.10884911227189885,-0.6478479239749275
0,-0.3499536029105535,-1.1739028656073385,0.0,0.6156252037024466,0.21064819833109588,1.0271728478394702,1.173803560883517,0.8201017653648883,1.0318104335301777,1.6279338183724807,0.8221206913491095,0.29848171669908574,0.6712692982437206,-0.6270913393064369,-1.1008644232160172,0,0,-1.4257240240714117,-0.10884911227189885,-0.5340436242941488
0,-1.5453084785579958,-1.7287288714478113,0.0,0.6156252037024466,-0.8122871977805178,1.0271728478394702,0.9580228037686299,-1.1028114378235125,-0.2964865005702198,1.7660085061118935,1.6575735899169826,0.8336779289956804,0.7025720887201116,-1.603659624987671,-1.7157752429612296,0,0,-1.4257240240714117,-0.10884911227189885,-0.42023932461337
0,-0.8661295719401308,-1.504156440512382,0.0,-0.6266466267866334,-1.119167816614002,1.525828055927667,-1.1997847673802395,-1.1028114378235125,-0.5916635970369748,1.397809338806793,1.1259217453737906,0.3614459769692702,0.4364983696707085,-1.3171995945211754,-1.4971402848295983,0,0,-1.4257240240714117,-0.10884911227189885,-0.3064350249325912
0,-1.2464697596461354,-1.6494680134706012,0.0,-0.6266466267866334,0.21064819833109588,-0.46879277642512046,-1.1997847673802395,0.3073249111813148,1.0318104335301777,1.3057595469805177,1.1259217453737906,0.7234904735228621,0.7495262744347247,-1.5125132516574222,-1.6201224487786412,0,0,-1.4257240240714117,-0.10884911227189885,-0.19263072525181246
0,-0.7167102124842006,-1.7551491574402147,0.0,-1.0407372369496601,-0.8122871977805178,-0.46879277642512046,-0.7682232531504656,-0.33364615654815216,-0.2964865005702198,1.0756350674148296,1.4297227993984716,0.7549726036579454,0.7808290649111157,-1.3953250573756741,-1.7294399278444568,0,0,-1.4257240240714117,-0.10884911227189885,-0.07882642557103371
0,-0.7438773687489152,-1.9400911593870391,0.0,-0.6266466267866334,-1.119167816614002,-0.46879277642512046,-0.7682232531504656,-0.0772577294563654,-1.1820177899704847,1.489859130633068,2.265175697966345,0.5503387577798414,0.49910395062350815,-1.408345967851424,-1.866086776676726,0,0,-1.4257240240714117,-0.10884911227189885,0.03497787410974503
0,-0.6487923218224142,-1.543786869500987,0.0,-1.0407372369496601,-2.1421032127256154,1.2765004518835685,-1.1997847673802395,-1.1028114378235125,-0.8868406935037297,1.7660085061118935,1.6575735899169826,0.07810680575343126,0.17042465062128756,-1.239074131666677,-1.5108049697128254,0,0,-1.4257240240714117,-0.10884911227189885,0.14878217379052378
0,-0.689543056219486,-1.5834172984895925,0.0,-1.0407372369496601,-1.5283419750586473,-0.46879277642512046,-1.1997847673802395,-0.0772577294563654,0.29386769236329013,0.9835852755885545,1.3537725358923014,0.1568121310911663,0.4834525553853038,-1.226053221190927,-1.5108049697128254,0,1,-1.4257240240714117,-0.10884911227189885,0.26258647347130254
0,-0.6487923218224142,-2.4949171652275117,0.0,0.8226705087839599,-1.5283419750586473,-0.46879277642512046,-0.7682232531504656,-0.33364615654815216,-0.5916635970369748,2.1342076734169946,2.45505135673177,0.487374497509657,0.9686458077695326,-1.4213668783271738,-2.521991651071619,1,1,-1.4257240240714117,-0.10884911227189885,0.3763907731520813
0,-0.9204638844695601,-1.8740404444060306,0.0,0.8226705087839599,-1.3237548958363246,-0.9674479845133174,0.9580228037686299,-0.8464230107317258,-0.5916635970369748,2.272282361156407,2.45505135673177,0.9438653844685165,1.140811155389745,-1.4604296097544232,-1.89341614644318,1,0,-1.4257240240714117,-0.10884911227189885,0.49019507283286007
0,-1.4909741660285665,-1.6494680134706012,0.0,1.2367611189469865,-2.244396752336777,1.0271728478394702,0.9580228037686299,-1.7437825055529794,-1.4771948864372397,2.364332152982682,0.9740212183614501,0.9596064495360672,1.25037092205714,-1.7208478192694188,-1.7021105580780025,0,0,-1.4257240240714117,-0.10884911227189885,0.6039993725136388
0,-1.4909741660285665,-1.5569970124971886,0.0,-0.6266466267866334,-2.244396752336777,1.0271728478394702,0.09489977530908213,-1.1028114378235125,-1.4771948864372397,1.9040831938513063,0.8221206913491095,1.006829644738701,1.219068131580749,-1.65574326689067,-1.4698109150631447,0,0,-1.4257240240714117,-0.10884911227189885,0.7178036721944175
0,-1.979982978793429,-1.6098375844819959,0.0,-1.0407372369496601,-1.3237548958363246,1.2765004518835685,0.7422420466537429,-1.1028114378235125,-1.4771948864372397,1.7660085061118935,0.5942699008305986,1.242945620751906,1.1877653411043403,-1.8640778345026667,-1.6201224487786412,0,0,-1.4257240240714117,-0.10884911227189885,0.8316079718751963
0,-1.3008040721755643,-1.6362578704743993,0.0,-0.8336919318681467,-2.1421032127256154,1.2765004518835685,1.8211458322281777,-1.1028114378235125,-1.9199605311373722,0.9375603796754168,0.5183196373244283,0.9438653844685165,1.1095083649133364,-1.5515759830846718,-1.5791283941289602,0,0,-1.4257240240714117,-0.10884911227189885,0.9454122715559751
0,-0.730293790616558,-1.4645260115237766,0.0,0.20153459353941988,-1.0168742770028405,-0.46879277642512046,0.09489977530908213,-1.1028114378235125,-0.5916635970369748,1.6279338183724807,0.5942699008305986,0.7077494084553115,0.9529944125313282,-1.239074131666677,-1.3604934359973289,0,1,-1.4257240240714117,-0.10884911227189885,1.0592165712367538
0,-0.5129565404988412,-2.191083876314872,0.0,0.20153459353941988,-1.73292905428097,-0.9674479845133174,-0.12088098180580481,-1.1028114378235125,-1.1820177899704847,2.0881827775038566,2.45505135673177,0.2512585214964519,0.5930123220527166,-1.2651159526181763,-2.112051104574811,1,0,-1.4257240240714117,-0.10884911227189885,1.1730208709175325
0,-0.47220580610176927,-1.6626781564668025,0.0,-0.8336919318681467,-1.73292905428097,-0.46879277642512046,-1.1997847673802395,-0.8464230107317258,-0.8868406935037297,1.9961329856775816,2.45505135673177,0.2669995865639846,0.5460581363381035,-1.226053221190927,-1.6884458731947758,0,0,-1.4257240240714117,-0.10884911227189885,1.2868251705983114
0,-0.7846281031459872,-1.3588448675541627,0.0,-0.6266466267866334,-0.6077001185581951,-0.46879277642512046,-1.1997847673802395,0.1791306976354214,0.7366333370634226,0.9835852755885545,1.1259217453737906,0.8336779289956804,1.172113945866136,-1.1349068478606783,-1.4014874906470098,0,0,-1.4257240240714117,-0.10884911227189885,1.40062947027909
0,-0.9340474626019174,-1.4381057255313732,0.0,-0.8336919318681467,0.7221158963869028,1.2765004518835685,-1.1997847673802395,0.1791306976354214,1.9173417229304426,1.029610171501692,0.8221206913491095,1.8725882234537863,2.126849055396407,-1.356262325948425,-1.3878228057637831,0,0,-1.4257240240714117,-0.10884911227189885,1.514433769959869
0,-1.0698832439254904,-1.5173665835085839,0.0,-1.0407372369496601,0.51752881716458,-0.46879277642512046,-0.7682232531504656,0.3073249111813148,1.0318104335301777,1.029610171501692,0.4423693738182581,2.376302305615298,2.424225564922201,-1.4604296097544232,-1.5517990243625064,0,0,-1.4257240240714117,-0.10884911227189885,1.6282380696406475
0,-1.3687219628373508,-1.49094629751618,0.0,-0.6266466267866334,0.21064819833109588,1.2765004518835685,-1.1997847673802395,-0.33364615654815216,1.0318104335301777,1.2597346510673801,0.8221206913491095,2.124445264534524,2.017289288728994,-1.6166805354634206,-1.415152175530237,0,0,-1.4257240240714117,0.18729554146095725,-1.6720866211019363
0,-1.4502234316314948,-1.4381057255313732,0.0,-1.0407372369496601,-0.6077001185581951,-0.46879277642512046,-1.1997847673802395,-0.33364615654815216,-0.0013094041034648074,1.3057595469805177,0.7461704278429392,1.6836954426432151,1.5477474315829698,-1.5645968935604215,-1.415152175530237,0,0,-1.4257240240714117,0.18729554146095725,-1.5582823214211574
0,-1.7626457286757125,-1.200323151599742,0.0,1.8578970341915266,-1.9375161335032929,1.2765004518835685,2.036926589343065,-1.1028114378235125,-1.4771948864372397,1.2137097551542424,0.3664191103120878,1.054052839941335,0.9686458077695326,-1.66876417736642,-1.2511759569315137,0,0,-1.4257240240714117,0.18729554146095725,-1.4444780217403788
0,-1.9120650881316428,-0.9757507206643126,0.0,1.8578970341915266,-1.3237548958363246,-0.9674479845133174,0.31068053242396904,-2.256559359736553,-0.8868406935037297,0.9835852755885545,0.06261805628740667,0.4401513023070052,0.3269386030032957,-1.6297014459391703,-0.9642175743837478,0,0,-1.4257240240714117,0.18729554146095725,-1.3306737220595999
0,-1.1106339783225623,-1.543786869500987,0.0,-1.0407372369496601,-1.0168742770028405,1.525828055927667,-1.1997847673802395,-0.33364615654815216,-0.0013094041034648074,0.38526162871776576,1.0499714818676202,0.849418994063231,0.9529944125313282,-1.3692832364241747,-1.5517990243625064,0,0,-1.4257240240714117,0.18729554146095725,-1.2168694223788212
0,-1.2193026033814205,-1.1739028656073385,0.0,-1.0407372369496601,-1.5283419750586473,1.2765004518835685,-0.9840040102653526,-0.0772577294563654,-1.1820177899704847,1.1216599633279674,0.2145185832997472,0.9910885796711505,1.062554179198741,-1.6166805354634206,-1.1145291080992443,0,0,-1.4257240240714117,0.18729554146095725,-1.1030651226980426
0,-1.3279712284402787,-1.0418014356453211,0.0,-0.21255601662360676,0.21064819833109588,1.2765004518835685,-0.33666173892069173,-0.590034583639939,0.29386769236329013,0.5233363164571785,-0.0892824707249339,1.3846152063598436,1.516444641106561,-1.5515759830846718,-0.9368882046172939,0,0,-1.4257240240714117,0.18729554146095725,-0.9892608230172637
0,-1.1921354471167058,-1.4777361545199785,0.0,-1.0407372369496601,0.7221158963869028,-0.9674479845133174,-1.1997847673802395,0.5637133382731015,2.0649302711638198,0.20116204506521534,0.2145185832997472,1.9198114186564201,1.9233809172997678,-1.356262325948425,-1.415152175530237,0,0,-1.4257240240714117,0.18729554146095725,-0.8754565233364849
0,-0.9204638844695601,-2.4949171652275117,0.0,-1.0407372369496601,-0.1985259601135496,-0.46879277642512046,0.7422420466537429,-0.0772577294563654,-0.0013094041034648074,2.272282361156407,2.45505135673177,1.6207311823730486,1.6103530125357695,-1.66876417736642,-2.5083269661883927,0,0,-1.4257240240714117,0.18729554146095725,-0.7616522236557063
0,-0.8661295719401308,-1.2663738665807507,0.0,-0.8336919318681467,-1.0168742770028405,-0.9674479845133174,-1.1997847673802395,-0.0772577294563654,-0.0013094041034648074,2.5944566325483702,2.45505135673177,1.1799813604817038,1.093856969675132,-1.538555072608922,-1.415152175530237,0,0,-1.4257240240714117,0.18729554146095725,-0.6478479239749275
0,-0.7438773687489152,-0.9625405776681106,0.0,-1.0407372369496601,-0.6077001185581951,1.2765004518835685,-0.9840040102653526,-0.33364615654815216,-0.5916635970369748,2.272282361156407,1.9613746439416637,1.1484992303466384,0.9999485982459413,-1.0567813850061798,-0.9505528895005206,0,0,-1.4257240240714117,0.18729554146095725,-0.5340436242941488
0,-0.5808744311606278,-0.3284537138504278,0.0,1.8578970341915266,0.31294173794225727,-0.46879277642512046,0.09489977530908213,-0.590034583639939,0.7366333370634226,1.950108089764444,0.5183196373244283,0.5345976927122909,0.38954418395609536,-0.8744886383456827,-0.1716658511565849,0,0,-1.4257240240714117,0.18729554146095725,-0.42023932461337
0,-0.5401236967635558,-0.2624029988694192,0.0,1.8578970341915266,0.51752881716458,-0.9674479845133174,0.31068053242396904,-2.256559359736553,1.0318104335301777,1.719983610198756,0.7461704278429392,-0.07930384492203879,0.18607604585949192,-0.7182377126366852,-0.18533053603981203,0,0,-1.4257240240714117,0.18729554146095725,-0.3064350249325912
0,-0.7846281031459872,-0.7379681467326813,0.0,0.8226705087839599,-1.5283419750586473,1.525828055927667,-0.33666173892069173,-1.1028114378235125,-1.1820177899704847,0.8455105878491417,0.7461704278429392,0.644785148185127,0.7651776696729291,-0.9005304592971823,-0.649929822069528,0,0,-1.4257240240714117,0.18729554146095725,-0.19263072525181246
0,-0.8797131500724882,-0.9757507206643126,0.0,-1.0407372369496601,-0.1985259601135496,-0.46879277642512046,-0.9840040102653526,-0.590034583639939,0.44145624059666766,1.2597346510673801,1.2018720088799608,1.1012760351439688,1.0469027839605367,-1.1218859373849286,-0.9778822592669749,0,0,-1.4257240240714117,0.18729554146095725,-0.07882642557103371
0,-0.9476310407342746,-0.5266058587934538,0.0,0.20153459353941988,-1.0168742770028405,-0.46879277642512046,-0.5524424960355787,-0.590034583639939,-1.1820177899704847,1.4438342347199304,0.8980709548552798,0.7077494084553115,0.4834525553853038,-1.1349068478606783,-0.5406123430037123,0,0,-1.4257240240714117,0.18729554146095725,0.03497787410974503
0,-0.825378837543059,-0.23598271287701533,0.0,0.20153459353941988,2.2053722207487425,2.2738108680599622,0.31068053242396904,-1.7437825055529794,2.9504615605640847,1.5819089224593432,-0.0892824707249339,-0.6459821873537346,-0.8782188303381562,-1.0046977431031805,-0.23998927557271962,0,0,-1.4257240240714117,0.18729554146095725,0.14878217379052378
0,-1.3687219628373508,-1.3852651535465665,0.0,2.06494233927304,0.006061119108773155,-0.21946517238102203,1.3895843179984038,-1.3591998649152994,-0.2964865005702198,0.5233363164571785,0.13856831979357695,-0.17375023532732442,0.0295620934774838,-1.5776178040361712,-1.333164066230875,0,0,-1.4257240240714117,0.18729554146095725,0.26258647347130254
0,-1.6539771036168542,-1.9268810163908372,0.0,1.0297158138654732,-0.40311303933587234,1.0271728478394702,0.9580228037686299,0.1791306976354214,0.7366333370634226,1.3517844428936552,1.2018720088799608,0.644785148185127,1.1564625506279493,-1.538555072608922,-1.9617395708593148,0,0,-1.4257240240714117,0.18729554146095725,0.3763907731520813
0,-1.7626457286757125,-1.7947795864288199,0.0,0.8226705087839599,0.31294173794225727,1.525828055927667,0.7422420466537429,0.3073249111813148,-0.0013094041034648074,0.9835852755885545,0.6702201643367689,1.368874141292275,1.2347195268189535,-1.525534162133172,-1.7704339824941373,0,0,-1.4257240240714117,0.18729554146095725,0.49019507283286007
0,-1.8441471974698562,-1.887250587402232,0.0,1.0297158138654732,-1.3237548958363246,1.0271728478394702,0.526461289538856,-1.1028114378235125,-1.1820177899704847,1.4438342347199304,1.1259217453737906,1.0383117748738022,1.062554179198741,-1.4994923411816725,-1.8797514615599529,0,0,-1.4257240240714117,0.18729554146095725,0.6039993725136388
0,-1.9935665569257863,-1.7155187284516098,0.0,-1.0407372369496601,-0.8122871977805178,1.525828055927667,-1.1997847673802395,-0.8464230107317258,-0.8868406935037297,0.9375603796754168,0.5183196373244283,1.4633205316975786,1.6260044077739737,-1.7859523716481678,-1.661116503428322,0,0,-1.4257240240714117,0.18729554146095725,0.7178036721944175
0,-1.5724756348227102,-1.6494680134706012,0.0,-1.0407372369496601,0.006061119108773155,-0.9674479845133174,-1.1997847673802395,0.1791306976354214,0.44145624059666766,0.8915354837622793,0.2904688468059175,2.124445264534524,2.205106031587411,-1.7468896402209186,-1.606457763895414,0,0,-1.4257240240714117,0.18729554146095725,0.8316079718751963
0,-1.6539771036168542,-1.5305767265047852,0.0,-1.0407372369496601,0.9267029756092254,-0.9674479845133174,-0.9840040102653526,-0.33364615654815216,-0.5916635970369748,0.5693612123703161,0.13856831979357695,2.092963134399459,2.017289288728994,-1.733868729745169,-1.5108049697128254,0,0,-1.4257240240714117,0.18729554146095725,0.9454122715559751
0,-2.0886516038522878,-1.3324245815617592,0.0,-0.8336919318681467,-1.0168742770028405,1.2765004518835685,-1.1997847673802395,-0.8464230107317258,-0.8868406935037297,0.5233363164571785,-0.16523273423110416,1.6994365077107836,1.6260044077739737,-1.772931461172418,-1.3058346964644214,0,0,-1.4257240240714117,0.18729554146095725,1.0592165712367538
0,-1.7762293068080697,-1.1210622936225318,0.0,0.20153459353941988,-1.3237548958363246,-0.46879277642512046,-0.12088098180580481,-0.8464230107317258,-0.2964865005702198,0.5233363164571785,-0.5449840517619555,1.164240295414171,0.9686458077695326,-1.5645968935604215,-1.1145291080992443,0,0,-1.4257240240714117,0.18729554146095725,1.1730208709175325
0,-1.979982978793429,-0.6851275747478746,0.0,0.4085798986209332,1.3358771340538709,-0.9674479845133174,1.8211458322281777,-2.256559359736553,0.7366333370634226,0.06308735732580258,-0.6209343152681258,0.31422278176663637,0.2486816268122916,-1.408345967851424,-0.6362651371863013,0,0,-1.4257240240714117,0.18729554146095725,1.2868251705983114
0,-1.5860592129550677,-0.7247580037364798,0.0,1.4438064240284998,-0.8122871977805178,1.0271728478394702,1.173803560883517,-1.4873940784611928,-1.4771948864372397,-0.213062018153023,-0.01333220721876361,0.39292810710437137,0.5930123220527166,-1.0307395640546801,-0.7865766709017974,0,0,-1.4257240240714117,0.18729554146095725,1.40062947027909
0,-1.4909741660285665,-0.9889608636605145,0.0,-1.0407372369496601,-0.1985259601135496,1.525828055927667,-0.9840040102653526,-0.8464230107317258,-0.2964865005702198,0.6614110041965913,0.2904688468059175,1.085534970076436,1.172113945866136,-1.2781368630939263,-0.895894149967613,0,0,-1.4257240240714117,0.18729554146095725,1.514433769959869
0,-1.137801134587277,-1.200323151599742,0.0,-1.0407372369496601,1.1312900548315483,-0.9674479845133174,-1.1997847673802395,0.3073249111813148,1.3269875299969325,0.7074359001097289,0.4423693738182581,1.1484992303466384,0.9999485982459413,-1.239074131666677,-1.169187847632152,0,0,-1.4257240240714117,0.18729554146095725,1.6282380696406475
0,-1.1785518689843488,-1.0418014356453211,0.0,-0.8336919318681467,-0.6077001185581951,-0.9674479845133174,0.9580228037686299,0.3073249111813148,-0.8868406935037297,0.3392367328046281,0.2145185832997472,0.7549726036579454,0.7025720887201116,-1.226053221190927,-1.0598703685663362,0,0,-1.4257240240714117,0.18729554146095725,1.7420423693214264
0,-1.2057190252490633,-0.7379681467326813,0.0,1.2367611189469865,-1.3237548958363246,-0.46879277642512046,-0.9840040102653526,-1.1028114378235125,-1.4771948864372397,0.24718694097835295,0.06261805628740667,0.4558923673745558,0.5304067410999169,-1.2130323107151773,-0.8139060406682511,0,0,-1.4257240240714117,0.48344019519381337,-1.6720866211019363
0,-1.0834668220578476,-0.8700695766946986,0.0,-1.0407372369496601,-0.8122871977805178,1.2765004518835685,-0.7682232531504656,-0.33364615654815216,-0.2964865005702198,-0.07498733041361022,-0.393083524749615,1.0697939050088854,1.2660223172953444,-0.9265722802486819,-0.8549000953179321,0,0,-1.4257240240714117,0.48344019519381337,-1.5582823214211574
0,-1.6811442598815687,-1.015381149652918,0.0,1.2367611189469865,-1.119167816614002,1.2765004518835685,0.9580228037686299,-1.3591998649152994,-1.1820177899704847,0.5233363164571785,0.13856831979357695,1.5262847919677451,1.4851418506301521,-1.3041786840454257,-0.9368882046172939,0,0,-1.4257240240714117,0.48344019519381337,-1.4444780217403788
0,-1.871314353734571,-0.9097000056833039,0.0,-0.6266466267866334,-1.119167816614002,1.2765004518835685,-1.1997847673802395,-1.7437825055529794,-0.5916635970369748,0.3392367328046281,-0.16523273423110416,1.3373920111571738,1.2347195268189535,-1.3302205049969251,-0.8685647802011592,0,0,-1.4257240240714117,0.48344019519381337,-1.3306737220595999
0,-1.7083114161462831,-0.6851275747478746,0.0,0.4085798986209332,-0.8122871977805178,1.0271728478394702,1.8211458322281777,-1.1028114378235125,0.44145624059666766,0.29321183689149055,-0.6209343152681258,0.9438653844685165,0.7808290649111157,-1.3171995945211754,-0.6909238767192089,0,0,-1.4257240240714117,0.48344019519381337,-1.2168694223788212
0,-1.789812884940427,-0.42092471482383986,0.0,1.650851729110013,-0.8122871977805178,-0.21946517238102203,1.6053650751132906,-2.0001709326447665,0.44145624059666766,-0.213062018153023,-0.8487851057866367,0.5188566276447403,0.5304067410999169,-1.0958441164334292,-0.3903008092882162,0,0,-1.4257240240714117,0.48344019519381337,-1.1030651226980426
0,-1.4366398534991374,-0.44734500081624323,0.0,1.4438064240284998,-1.3237548958363246,1.2765004518835685,0.9580228037686299,-1.4873940784611928,-0.5916635970369748,-0.2590869140661606,-0.6209343152681258,0.566079822847392,0.6243151125291075,-0.9005304592971823,-0.4312948639378971,0,0,-1.4257240240714117,0.48344019519381337,-0.9892608230172637
0,-1.1649682908519914,-0.3284537138504278,0.0,-0.21255601662360676,-1.9375161335032929,-0.46879277642512046,0.09489977530908213,-1.4873940784611928,-1.1820177899704847,0.017062461412664976,-0.6209343152681258,0.5503387577798414,0.49910395062350815,-0.8875095488214326,-0.25365396045594674,0,0,-1.4257240240714117,0.48344019519381337,-0.8754565233364849
0,-1.1242175564549193,-0.10388128291499801,0.0,0.20153459353941988,-0.6077001185581951,1.525828055927667,1.8211458322281777,-1.4873940784611928,-0.0013094041034648074,0.06308735732580258,-0.8487851057866367,0.23551745642890132,0.3112872077650913,-0.8875095488214326,-0.08967774185722353,0,0,-1.4257240240714117,0.48344019519381337,-0.7616522236557063
0,-1.056299665793133,0.0150100040508174,0.0,0.20153459353941988,-0.6077001185581951,1.2765004518835685,0.09489977530908213,-0.8464230107317258,0.29386769236329013,-0.3051118099792982,-0.8487851057866367,0.09384787082098185,0.2486816268122916,-0.6791749812094359,0.07429847674150018,0,0,-1.4257240240714117,0.48344019519381337,-0.6478479239749275
0,-1.1242175564549193,0.14711143401283472,0.0,0.4085798986209332,0.21064819833109588,1.0271728478394702,1.6053650751132906,-1.3591998649152994,0.44145624059666766,-0.1670371222398854,-0.924735369292807,-0.23671449559750884,-0.17390604461911965,-0.7182377126366852,0.1972806406905425,0,0,-1.4257240240714117,0.48344019519381337,-0.5340436242941488
0,-0.47220580610176927,-0.5662362877820587,0.0,0.8226705087839599,-0.8122871977805178,1.2765004518835685,-0.33666173892069173,0.5637133382731015,-0.8868406935037297,0.5693612123703161,0.7461704278429392,0.09384787082098185,0.3112872077650913,-0.44479859264593957,-0.5406123430037123,0,0,-1.4257240240714117,0.48344019519381337,-0.42023932461337
0,-0.7982116812783444,-0.1435117119036033,0.0,0.4085798986209332,-0.6077001185581951,-0.9674479845133174,0.31068053242396904,-0.33364615654815216,0.7366333370634226,0.29321183689149055,-0.24118299773727445,0.1253300009560651,-0.01739209223711152,-0.5359449659761885,-0.0486836872075426,0,0,-1.4257240240714117,0.48344019519381337,-0.3064350249325912
0,-0.5672908530282702,-0.605866716770664,0.0,0.6156252037024466,0.21064819833109588,1.2765004518835685,0.9580228037686299,-1.1028114378235125,-0.0013094041034648074,-0.6733109772843989,-0.4690337882557853,0.21977639136135074,0.5773609268145122,-0.31458948788844165,-0.5406123430037123,0,0,-1.4257240240714117,0.48344019519381337,-0.19263072525181246
0,-0.7031266343518432,-0.5266058587934538,0.0,-1.0407372369496601,0.7221158963869028,-0.9674479845133174,-0.33666173892069173,1.3328786195484619,0.29386769236329013,-0.213062018153023,-0.16523273423110416,0.5188566276447403,0.1391218601448966,-0.796363175491184,-0.5679417127701666,0,0,-1.4257240240714117,0.48344019519381337,-0.07882642557103371
0,-0.07828204026340758,-0.6454971457592692,0.0,2.06494233927304,0.7221158963869028,2.5231384721040606,1.6053650751132906,-0.590034583639939,-0.2964865005702198,-0.3051118099792982,-0.16523273423110416,-1.0080266839073087,-0.3617227874775365,-0.17135947265519427,-0.7592473011353436,0,0,-1.4257240240714117,0.48344019519381337,0.03497787410974503
0,-1.7218949942786406,-1.0814318646339265,0.0,1.2367611189469865,-1.3237548958363246,1.525828055927667,-0.7682232531504656,-1.1028114378235125,-0.8868406935037297,-0.5352362895449861,-0.8487851057866367,0.5818208879149247,0.608663717290921,-1.226053221190927,-1.0462056836831095,0,0,-1.4257240240714117,0.48344019519381337,0.14878217379052378
0,-1.6675606817492112,-0.5794464307782606,0.0,1.0297158138654732,-1.73292905428097,1.525828055927667,0.7422420466537429,-1.3591998649152994,-0.8868406935037297,-0.7653607691106742,-1.0766358963051474,0.6133030180500258,0.608663717290921,-1.04376047453043,-0.608935767419847,0,0,-1.4257240240714117,0.48344019519381337,0.26258647347130254
0,-1.2057190252490633,-0.7247580037364798,0.0,-0.6266466267866334,0.21064819833109588,-0.46879277642512046,-0.7682232531504656,1.0764901924566752,-0.0013094041034648074,-0.3051118099792982,-0.393083524749615,0.7234904735228621,0.6869206934819251,-0.7833422650154342,-0.7455826162521164,0,0,-1.4257240240714117,0.48344019519381337,0.3763907731520813
0,-0.7710445250136296,-0.9757507206643126,0.0,-1.0407372369496601,0.21064819833109588,-0.46879277642512046,-1.1997847673802395,1.0764901924566752,-0.0013094041034648074,0.4773114205440409,0.4423693738182581,0.8336779289956804,0.8590860411021197,-1.04376047453043,-0.9505528895005206,0,0,-1.4257240240714117,0.48344019519381337,0.49019507283286007
0,-1.0019653532637038,-1.015381149652918,0.0,0.6156252037024466,-1.119167816614002,1.2765004518835685,0.7422420466537429,-0.590034583639939,-1.1820177899704847,0.20116204506521534,-0.01333220721876361,0.8336779289956804,0.8903888315785284,-1.1218859373849286,-1.0735350534495633,0,0,-1.4257240240714117,0.48344019519381337,0.6039993725136388
0,-1.5724756348227102,-1.1606927226111365,0.0,1.0297158138654732,-0.6077001185581951,1.525828055927667,1.173803560883517,-0.8464230107317258,-0.5916635970369748,-0.2590869140661606,-0.01333220721876361,1.1957224255492722,1.2973251077717531,-0.9395931907244316,-1.1555231627489249,0,0,-1.4257240240714117,0.48344019519381337,0.7178036721944175
0,-1.694727838013926,-0.9493304346719093,0.0,0.8226705087839599,-1.0168742770028405,1.2765004518835685,0.7422420466537429,-0.590034583639939,-1.1820177899704847,0.20116204506521534,-0.16523273423110416,1.4475794666300101,1.4225362696773525,-1.0828232059576794,-0.895894149967613,0,0,-1.4257240240714117,0.48344019519381337,0.8316079718751963
0,-0.8797131500724882,-0.7643884327250846,0.0,-0.6266466267866334,-0.8122871977805178,-0.9674479845133174,-0.9840040102653526,0.1791306976354214,-1.1820177899704847,-0.12101222632674781,-0.3171332612434447,1.368874141292275,1.2347195268189535,-0.7442795335881848,-0.663594506952755,0,0,-1.4257240240714117,0.48344019519381337,0.9454122715559751
0,-1.2600533377784924,-0.6587072887554711,0.0,-0.8336919318681467,-1.0168742770028405,-0.9674479845133174,-0.5524424960355787,-1.1028114378235125,-0.8868406935037297,-0.12101222632674781,-0.6209343152681258,1.1957224255492722,1.062554179198741,-0.7833422650154342,-0.6362651371863013,0,0,-1.4257240240714117,0.48344019519381337,1.0592165712367538
0,-1.4502234316314948,-0.1699319978960067,0.0,0.20153459353941988,0.21064819833109588,-0.9674479845133174,0.09489977530908213,-1.3591998649152994,-0.0013094041034648074,-0.39716160180557336,-1.0006856327989773,0.7392315385903948,0.5617095315763079,-0.6401122497821864,-0.1716658511565849,0,0,-1.4257240240714117,0.48344019519381337,1.1730208709175325
0,-1.2057190252490633,0.09427086202802798,0.0,-0.005510711542093443,-0.1985259601135496,-0.9674479845133174,0.31068053242396904,-2.256559359736553,0.44145624059666766,-0.903435456850087,-0.924735369292807,0.4401513023070052,0.42084697443250413,-0.32761039836419165,0.18361595580731535,0,0,-1.4257240240714117,0.48344019519381337,1.2868251705983114
0,-1.1242175564549193,0.3056331499672559,0.0,0.20153459353941988,2.2053722207487425,-0.9674479845133174,0.31068053242396904,-2.256559359736553,2.9504615605640847,-0.7653607691106742,-1.0766358963051474,-0.09504490998958938,-0.39302557795394527,-0.2364640250339432,0.34759217440603907,0,0,-1.4257240240714117,0.48344019519381337,1.40062947027909
0,-0.689543056219486,-0.1435117119036033,0.0,0.4085798986209332,-0.40311303933587234,1.525828055927667,0.31068053242396904,-0.8464230107317258,1.0318104335301777,-0.48921139363184857,-0.6209343152681258,0.030883610550779508,-0.01739209223711152,-0.35365221931569113,-0.07601305697399639,0,0,-1.4257240240714117,0.48344019519381337,1.514433769959869
0,-0.8525459938077736,0.5566258668950886,0.0,0.4085798986209332,2.2053722207487425,0.02986243166307639,0.31068053242396904,-1.4873940784611928,2.9504615605640847,-0.6272860813712614,-0.7728348422804664,-0.4098662113405295,-0.5808423208123443,-0.1453176517036948,0.634550556953805,0,0,-1.4257240240714117,0.48344019519381337,1.6282380696406475
0,-0.44503864983705477,0.3056331499672559,0.0,0.20153459353941988,-0.1985259601135496,1.2765004518835685,0.09489977530908213,-2.0001709326447665,0.29386769236329013,-0.6272860813712614,-0.393083524749615,0.09384787082098185,0.21737883633590066,0.1671841997143004,0.34759217440603907,0,0,-1.4257240240714117,0.48344019519381337,1.7420423693214264
0,-0.2005342434546233,0.6623070108647021,0.0,1.8578970341915266,-0.1985259601135496,1.2765004518835685,-0.5524424960355787,-0.590034583639939,-0.0013094041034648074,-0.6733109772843989,-0.4690337882557853,0.5503387577798414,0.5147553458617126,0.24530966256879885,0.7848620906693007,0,0,-1.4257240240714117,0.7795848489266695,-1.6720866211019363
0,0.057553741060165385,0.5037852949102819,0.0,1.650851729110013,0.21064819833109588,1.0271728478394702,1.8211458322281777,-0.8464230107317258,1.6221646264636875,-0.443186497718711,-0.4690337882557853,0.8021957988605971,0.9216916220549373,0.7010415292200414,0.5115683930047618,0,0,-1.4257240240714117,0.7795848489266695,-1.5582823214211574
0,0.2069731005160956,0.6094664388798954,0.0,-0.4196013217051201,-0.6077001185581951,-0.9674479845133174,-0.7682232531504656,-1.4873940784611928,-1.6247834346706171,-0.3051118099792982,-0.8487851057866367,0.770713668725496,0.6243151125291075,0.24530966256879885,0.5798918174208966,0,0,-1.4257240240714117,0.7795848489266695,-1.4444780217403788
0,-0.21411782158698056,0.5962562958836934,0.0,-0.4196013217051201,0.21064819833109588,-0.46879277642512046,-0.5524424960355787,-1.3591998649152994,-0.2964865005702198,-1.0415101445894996,-1.0006856327989773,0.6290440831175764,0.5773609268145122,0.3624978568505472,0.7028739813699398,0,0,-1.4257240240714117,0.7795848489266695,-1.3306737220595999
0,-0.10544919652812232,0.4377345799292732,0.0,-0.005510711542093443,-0.6077001185581951,-0.46879277642512046,-0.9840040102653526,-0.33364615654815216,-0.2964865005702198,-0.6272860813712614,-0.924735369292807,0.7549726036579454,0.7808290649111157,0.40156058827779667,0.4979037081215356,0,0,-1.4257240240714117,0.7795848489266695,-1.2168694223788212
0,-0.43145507170469727,0.4113142939368694,0.0,-0.005510711542093443,-1.73292905428097,1.0271728478394702,1.8211458322281777,-0.590034583639939,-1.4771948864372397,-0.8113856650238117,-1.0766358963051474,0.8021957988605971,0.7025720887201116,0.10207964733555146,0.40225091393894663,0,0,-1.4257240240714117,0.7795848489266695,-1.1030651226980426
0,-0.14619993092519407,0.3320534359596588,0.0,-0.21255601662360676,-0.6077001185581951,-0.46879277642512046,-0.33666173892069173,-1.3591998649152994,0.44145624059666766,-1.0415101445894996,-1.1525861598113178,0.5188566276447403,0.4051955791942997,0.1671841997143004,0.40225091393894663,0,0,-1.4257240240714117,0.7795848489266695,-0.9892608230172637
0,-0.7031266343518432,0.3584737219520626,0.0,-0.4196013217051201,0.21064819833109588,0.02986243166307639,-0.12088098180580481,-1.3591998649152994,0.29386769236329013,-1.0875350405026374,-1.0766358963051474,0.20403532629380014,0.013910698239279429,0.049996005432552025,0.40225091393894663,0,0,-1.4257240240714117,0.7795848489266695,-0.8754565233364849
0,-0.3907043373076255,0.3981041509406675,0.0,1.8578970341915266,0.7221158963869028,1.525828055927667,0.31068053242396904,-1.3591998649152994,1.0318104335301777,-0.5812611854581238,-0.924735369292807,-0.20523236546242557,-0.3617227874775365,0.08905873685980148,0.4432449685886271,0,0,-1.4257240240714117,0.7795848489266695,-0.7616522236557063
0,-0.37712075917526827,0.14711143401283472,0.0,-0.21255601662360676,0.006061119108773155,-0.9674479845133174,1.6053650751132906,0.8201017653648883,-0.5916635970369748,-0.5352362895449861,-0.4690337882557853,-0.22097343052995827,-0.3147686017629412,-0.1843803831309438,0.08796316162472684,0,0,-1.4257240240714117,0.7795848489266695,-0.6478479239749275
0,-0.3635371810429108,0.6623070108647021,0.0,0.4085798986209332,0.9267029756092254,-0.7181203804692189,0.31068053242396904,-0.33364615654815216,2.360107367630575,-0.6733109772843989,-0.924735369292807,-0.6145000572186334,-0.7843104589089656,0.24530966256879885,0.6892092964867127,0,0,-1.4257240240714117,0.7795848489266695,-0.5340436242941488
0,0.30205814744259657,0.3056331499672559,0.0,2.06494233927304,1.6427577528873551,2.2738108680599622,1.6053650751132906,0.5637133382731015,2.360107367630575,-0.903435456850087,-0.6209343152681258,-0.8191339030967553,-0.5808423208123443,0.5968742454140434,0.292933434873131,0,0,-1.4257240240714117,0.7795848489266695,-0.42023932461337
0,-0.5808744311606278,-0.05104071093019127,0.0,-0.21255601662360676,-0.1985259601135496,1.2765004518835685,1.8211458322281777,-0.0772577294563654,-0.2964865005702198,-0.7193358731975366,-0.7728348422804664,-0.016339584651854352,-0.2521630208101237,-0.10625492027644534,-0.035019002324315464,0,0,-1.4257240240714117,0.7795848489266695,-0.3064350249325912
0,-0.9340474626019174,0.5037852949102819,0.0,0.4085798986209332,2.0519319113320007,-0.46879277642512046,0.31068053242396904,-1.7437825055529794,2.9504615605640847,-0.9494603527632245,-0.924735369292807,-0.8348749681643058,-1.1599439446257815,0.03697509495680251,0.538897762771216,0,0,-1.4257240240714117,0.7795848489266695,-0.19263072525181246
0,-0.14619993092519407,0.22637229199004533,0.0,1.650851729110013,2.2053722207487425,1.7751556599717655,1.8211458322281777,-0.0772577294563654,2.9504615605640847,-0.903435456850087,-1.0006856327989773,-1.2756247900556148,-1.2068981303403767,0.063016915908302,0.34759217440603907,0,0,-1.4257240240714117,0.7795848489266695,-0.07882642557103371
0,-0.689543056219486,-0.46055514381244517,0.0,0.6156252037024466,-0.8122871977805178,1.0271728478394702,0.526461289538856,-0.0772577294563654,-0.8868406935037297,-0.2590869140661606,-0.0892824707249339,-0.189491300394875,-0.17390604461911965,-0.483861324073189,-0.47228891858757754,0,0,-1.4257240240714117,0.7795848489266695,0.03497787410974503
0,-1.0291325095284183,0.16032157700903665,0.0,1.8578970341915266,1.3358771340538709,-0.7181203804692189,1.8211458322281777,-0.33364615654815216,1.6221646264636875,-0.5812611854581238,-1.0006856327989773,-0.6145000572186334,-0.8625674350999696,-0.13229674122794483,0.15628658604086157,0,0,-1.4257240240714117,0.7795848489266695,0.14878217379052378
0,-0.6623758999547714,-0.4737652868086466,0.0,0.6156252037024466,1.1312900548315483,1.2765004518835685,-0.5524424960355787,-0.33364615654815216,-1.1820177899704847,-0.7193358731975366,-0.6209343152681258,-0.2996787558676933,-0.45563115890674494,-0.5229240555004384,-0.6226004523030741,0,0,-1.4257240240714117,0.7795848489266695,0.26258647347130254
0,-1.0698832439254904,-0.2624029988694192,0.0,1.2367611189469865,-1.0168742770028405,-0.46879277642512046,0.526461289538856,-0.33364615654815216,-0.0013094041034648074,-0.8574105609369493,-1.1525861598113178,-0.3311608860027945,-0.26781441604832806,-0.31458948788844165,-0.23998927557271962,0,0,-1.4257240240714117,0.7795848489266695,0.3763907731520813
0,-1.4638070097638518,0.19995200599764149,0.0,-0.21255601662360676,-0.40311303933587234,-0.46879277642512046,0.31068053242396904,-0.8464230107317258,0.44145624059666766,-1.3176595200683252,-1.3044866868236584,-0.07930384492203879,-0.29911720652473683,-0.1583385621794443,0.15628658604086157,0,0,-1.4257240240714117,0.7795848489266695,0.49019507283286007
0,-0.825378837543059,0.6358867248722992,0.0,1.8578970341915266,0.21064819833109588,1.525828055927667,2.036926589343065,-1.3591998649152994,-0.0013094041034648074,-1.3176595200683252,-1.228536423317488,-0.47283047161071395,-0.533888135097749,0.10207964733555146,0.7575327209028474,0,0,-1.4257240240714117,0.7795848489266695,0.6039993725136388
0,-0.4857893842341265,0.9132997277925349,0.0,0.4085798986209332,2.2053722207487425,-0.9674479845133174,0.09489977530908213,-1.3591998649152994,2.0649302711638198,-1.455734207807738,-1.228536423317488,-0.8978392284344903,-1.1286411541493728,0.5968742454140434,1.0308264185673863,0,0,-1.4257240240714117,0.7795848489266695,0.7178036721944175
0,-0.02394772773397835,0.7415678688419127,0.0,0.4085798986209332,1.8473448321096777,2.024483264015864,1.8211458322281777,0.1791306976354214,0.7366333370634226,-1.455734207807738,-1.228536423317488,-1.2441426599205136,-1.1912467351021725,0.8572924549290393,0.7985267755525278,0,0,-1.4257240240714117,0.7795848489266695,0.8316079718751963
0,-0.553707274895913,0.675517153860904,0.0,0.4085798986209332,0.31294173794225727,1.7751556599717655,0.09489977530908213,-0.0772577294563654,1.6221646264636875,-1.2256097282420502,-1.228536423317488,-0.8348749681643058,-0.8312646446235609,0.4796860511322951,0.6755446116034856,0,0,-1.4257240240714117,0.7795848489266695,0.9454122715559751
0,-0.4857893842341265,0.7811982978305175,0.0,1.650851729110013,2.2053722207487425,0.2791900357071748,1.6053650751132906,-1.3591998649152994,1.3269875299969325,-1.0415101445894996,-1.1525861598113178,-0.5830179270835502,-0.5808423208123443,0.34947694637479726,0.812191460435755,0,0,-1.4257240240714117,0.7795848489266695,1.0592165712367538
0,0.07113731919252263,-0.024620424937787894,0.0,0.6156252037024466,0.9267029756092254,-0.46879277642512046,-0.9840040102653526,1.0764901924566752,1.0318104335301777,-0.5812611854581238,-0.6209343152681258,0.29848171669908574,0.0295620934774838,-0.17135947265519427,-0.1989952209230387,0,0,-1.4257240240714117,0.7795848489266695,1.1730208709175325
0,-0.28203571224876706,0.4377345799292732,0.0,2.06494233927304,-0.6077001185581951,1.2765004518835685,0.7422420466537429,-0.8464230107317258,-0.8868406935037297,-1.1795848323289124,-1.1525861598113178,-0.11078597505713997,-0.11130046366631995,0.3885396778020467,0.45690965347185425,0,0,-1.4257240240714117,0.7795848489266695,1.2868251705983114
0,-0.14619993092519407,0.3981041509406675,0.0,-1.0407372369496601,0.9267029756092254,-0.9674479845133174,-1.1997847673802395,2.230238114369716,-0.8868406935037297,-0.8574105609369493,-1.0006856327989773,0.18829426122624957,-0.07999767318992901,0.1541632892385504,0.4295802837054009,0,0,-1.4257240240714117,0.7795848489266695,1.40062947027909
0,-0.10544919652812232,0.7283577258457108,0.0,0.20153459353941988,-0.6077001185581951,0.02986243166307639,0.09489977530908213,-0.590034583639939,1.0318104335301777,-0.3511367058924358,-0.8487851057866367,-0.3783840812054283,-0.7217048779561481,0.45364423018079564,0.7848620906693007,0,0,-1.4257240240714117,0.7795848489266695,1.514433769959869
0,0.07113731919252263,0.8472490128115262,0.0,0.20153459353941988,2.2053722207487425,-0.21946517238102203,0.09489977530908213,0.8201017653648883,3.171844382914151,-0.8113856650238117,-0.6209343152681258,-1.0237677489748591,-1.1755953398639858,1.0395852015895362,0.8531855150854354,0,0,-1.4257240240714117,0.7795848489266695,1.6282380696406475
0,0.043970162927808136,-0.09067113991879656,0.0,0.6156252037024466,1.8473448321096777,1.525828055927667,-1.1997847673802395,1.0764901924566752,-1.4771948864372397,0.20116204506521534,-0.16523273423110416,0.28274065163153517,0.17042465062128756,-0.5099031450246885,-0.15800116627335825,0,0,-1.4257240240714117,1.0757295026595255,-1.6720866211019363
0,-0.5129565404988412,0.1735317200052381,0.0,0.6156252037024466,-0.1985259601135496,-0.46879277642512046,0.9580228037686299,-0.0772577294563654,-0.8868406935037297,-1.0415101445894996,-1.0766358963051474,0.487374497509657,0.5304067410999169,0.12812146828705093,0.18361595580731535,0,0,-1.4257240240714117,1.0757295026595255,-1.5582823214211574
0,-0.11903277466047957,-0.03783056793398935,0.0,-0.6266466267866334,-0.1985259601135496,-0.46879277642512046,-1.1997847673802395,0.8201017653648883,0.29386769236329013,-0.39716160180557336,-0.924735369292807,0.8966421892658648,0.7651776696729291,-0.17135947265519427,-0.06234837209076925,0,0,-1.4257240240714117,1.0757295026595255,-1.4444780217403788
0,-0.5672908530282702,0.1735317200052381,0.0,-0.21255601662360676,0.006061119108773155,-0.9674479845133174,-0.12088098180580481,0.8201017653648883,-0.5916635970369748,-1.0415101445894996,-1.3044866868236584,0.5031155625771897,0.0921676744302835,-0.11927583075219485,0.08796316162472684,0,0,-1.4257240240714117,1.0757295026595255,-1.3306737220595999
0,-0.730293790616558,0.6490968678685002,0.0,-1.0407372369496601,-1.5283419750586473,-0.46879277642512046,0.526461289538856,-2.0001709326447665,-1.1820177899704847,-1.455734207807738,-1.3804369503298286,-0.3626430161378956,-0.5025853446213403,0.2843723939960483,0.634550556953805,0,0,-1.4257240240714117,1.0757295026595255,-1.2168694223788212
0,-0.47220580610176927,1.071821443746956,0.0,0.20153459353941988,-0.6077001185581951,-0.9674479845133174,0.31068053242396904,-1.3591998649152994,-0.8868406935037297,-1.4097093118946005,-1.3044866868236584,-0.9450624236371241,-0.7999618541471522,0.10207964733555146,1.1538085825164286,0,0,-1.4257240240714117,1.0757295026595255,-1.1030651226980426
0,-0.2277013997193378,1.4152851616482012,0.0,1.4438064240284998,0.31294173794225727,1.7751556599717655,0.09489977530908213,-1.4873940784611928,-0.2964865005702198,-1.4097093118946005,-1.3804369503298286,-1.0237677489748591,-0.7373562731943525,0.5708324244625436,1.2494613766990175,0,0,-1.4257240240714117,1.0757295026595255,-0.9892608230172637
0,0.8997355852663179,1.428495304644403,0.0,0.4085798986209332,0.21064819833109588,-0.9674479845133174,-0.5524424960355787,0.8201017653648883,0.7366333370634226,-1.363684415981463,-1.456387213835999,-0.551535796948449,-0.533888135097749,0.7010415292200414,1.3314494859983785,0,0,-1.4257240240714117,1.0757295026595255,-0.8754565233364849
0,0.1798059442513811,1.454915590636806,0.0,0.20153459353941988,0.9267029756092254,1.525828055927667,0.31068053242396904,-1.3591998649152994,1.0318104335301777,-1.2716346241551877,-1.456387213835999,-0.7561696428265708,-0.7530076684325568,0.40156058827779667,1.4544316499474217,0,0,-1.4257240240714117,1.0757295026595255,-0.7616522236557063
0,0.46506108503088406,0.4245244369330713,0.0,0.6156252037024466,0.9267029756092254,1.7751556599717655,0.526461289538856,1.5892670466402488,1.9173417229304426,-1.0415101445894996,-0.3171332612434447,-0.7561696428265708,-0.2052088350955284,1.0135433806380365,0.3612568592892657,0,0,-1.4257240240714117,1.0757295026595255,-0.6478479239749275
0,0.1662223661190236,-0.09067113991879656,0.0,-0.6266466267866334,1.3358771340538709,-0.9674479845133174,-0.33666173892069173,1.717461260186142,1.0318104335301777,0.20116204506521534,-0.3171332612434447,0.09384787082098185,-0.17390604461911965,-0.2364640250339432,-0.15800116627335825,0,0,-1.4257240240714117,1.0757295026595255,-0.5340436242941488
0,0.19338952238373835,0.9793504427735436,0.0,1.650851729110013,1.8473448321096777,1.525828055927667,1.6053650751132906,-1.1028114378235125,1.6221646264636875,-0.8574105609369493,-1.1525861598113178,-0.8348749681643058,-1.0660355731965732,0.34947694637479726,1.0308264185673863,0,0,-1.4257240240714117,1.0757295026595255,-0.42023932461337
0,0.12547163172195186,-0.43413485782004135,0.0,1.0297158138654732,1.3358771340538709,1.525828055927667,0.9580228037686299,1.3328786195484619,1.0318104335301777,0.15513714915207777,-0.4690337882557853,0.32996384683418695,0.42084697443250413,-0.483861324073189,-0.4312948639378971,0,0,-1.4257240240714117,1.0757295026595255,-0.3064350249325912
0,-0.44503864983705477,-0.5398160017896553,0.0,-1.0407372369496601,1.8473448321096777,-0.9674479845133174,0.7422420466537429,2.4866265414615025,1.3269875299969325,-0.7653607691106742,-0.6968845787742961,0.928124319400966,0.718223483958316,-0.5099031450246885,-0.6362651371863013,0,0,-1.4257240240714117,1.0757295026595255,-0.19263072525181246
0,-0.5401236967635558,0.06785057603562414,0.0,-1.0407372369496601,-1.119167816614002,-0.7181203804692189,-0.5524424960355787,0.3073249111813148,-1.4771948864372397,-1.0415101445894996,-1.0006856327989773,0.6133030180500258,0.3582413934797044,-0.31458948788844165,-0.00768963255786167,0,0,-1.4257240240714117,1.0757295026595255,-0.07882642557103371
0,-0.6759594780871288,1.0189808717621494,0.0,1.650851729110013,1.6427577528873551,-0.21946517238102203,1.6053650751132906,-1.1028114378235125,2.0649302711638198,-1.2716346241551877,-1.0766358963051474,-0.2839376908001606,-0.6590992970033484,0.5578115139867941,1.099149842983521,0,0,-1.4257240240714117,1.0757295026595255,0.03497787410974503
0,0.47864466316324156,0.2131621489938434,0.0,1.0297158138654732,0.31294173794225727,1.2765004518835685,0.7422420466537429,1.0764901924566752,-0.2964865005702198,0.15513714915207777,-0.393083524749615,0.2669995865639846,0.18607604585949192,-0.002087636470446941,0.27926874998990436,0,0,-1.4257240240714117,1.0757295026595255,0.14878217379052378
0,0.1798059442513811,0.3981041509406675,0.0,-0.8336919318681467,0.51752881716458,-0.9674479845133174,-1.1997847673802395,1.3328786195484619,-0.0013094041034648074,-1.0415101445894996,-1.0006856327989773,0.3771870420368208,0.1391218601448966,0.08905873685980148,0.47057433835508133,0,0,-1.4257240240714117,1.0757295026595255,0.26258647347130254
0,0.11188805358959462,1.2567634456937802,0.0,0.4085798986209332,0.21064819833109588,-0.46879277642512046,1.3895843179984038,-1.3591998649152994,-0.5916635970369748,-1.5938088955471508,-1.3044866868236584,-0.3154198209352439,-0.643447901765144,0.6489578873170424,1.2357966918157903,0,0,-1.4257240240714117,1.0757295026595255,0.3763907731520813
0,0.7638998039427449,1.3228141606747887,0.0,-0.005510711542093443,2.2053722207487425,-0.21946517238102203,0.09489977530908213,0.1791306976354214,1.3269875299969325,-1.5938088955471508,-1.1525861598113178,-1.0395088140424098,-1.1912467351021725,1.6125052625225267,1.3177848011151523,0,0,-1.4257240240714117,1.0757295026595255,0.49019507283286007
0,1.2664921948399648,0.6226765818760973,0.0,1.2367611189469865,1.1312900548315483,0.2791900357071748,1.6053650751132906,-2.0001709326447665,-0.2964865005702198,-0.5812611854581238,-0.3171332612434447,-1.1024730743125941,-0.9095216208145649,1.0395852015895362,0.6755446116034856,0,0,-1.4257240240714117,1.0757295026595255,0.6039993725136388
0,0.2069731005160956,-0.024620424937787894,0.0,0.6156252037024466,0.21064819833109588,1.525828055927667,0.7422420466537429,1.3328786195484619,-0.2964865005702198,-0.02896243450047262,-0.393083524749615,0.030883610550779508,0.04521348871568817,-0.19740129360669376,-0.18533053603981203,0,0,-1.4257240240714117,1.0757295026595255,0.7178036721944175
0,0.28847456931023957,-0.10388128291499801,0.0,-0.6266466267866334,0.006061119108773155,-0.46879277642512046,-1.1997847673802395,1.3328786195484619,0.29386769236329013,-0.02896243450047262,-0.01333220721876361,0.2669995865639846,0.29563581252690474,-0.1453176517036948,-0.1716658511565849,0,0,-1.4257240240714117,1.0757295026595255,0.8316079718751963
0,-0.28203571224876706,-0.2624029988694192,0.0,-1.0407372369496601,1.3358771340538709,-0.46879277642512046,0.7422420466537429,1.973849687277929,0.44145624059666766,-0.6733109772843989,-0.5449840517619555,0.7234904735228621,0.6243151125291075,-0.19740129360669376,-0.2809833302224006,0,0,-1.4257240240714117,1.0757295026595255,0.9454122715559751
0,-0.3499536029105535,0.19995200599764149,0.0,-0.6266466267866334,0.7221158963869028,-0.7181203804692189,-0.7682232531504656,1.973849687277929,-0.2964865005702198,-0.9494603527632245,-1.0766358963051474,0.8336779289956804,0.608663717290921,0.063016915908302,0.18361595580731535,0,0,-1.4257240240714117,1.0757295026595255,1.0592165712367538
0,-0.09186561839576483,0.6094664388798954,0.0,-0.8336919318681467,-0.6077001185581951,-0.7181203804692189,-0.9840040102653526,1.0764901924566752,-0.2964865005702198,-1.5477839996340133,-1.3044866868236584,0.770713668725496,0.4834525553853038,0.41458149875354616,0.634550556953805,0,0,-1.4257240240714117,1.0757295026595255,1.1730208709175325
0,-0.03753130586633584,0.9925605857697455,0.0,0.6156252037024466,-0.8122871977805178,0.02986243166307639,-1.1997847673802395,-0.33364615654815216,-0.8868406935037297,-1.685858687373426,-1.3044866868236584,0.14107106602361572,-0.07999767318992901,0.7921879025502903,1.0444911034506135,0,0,-1.4257240240714117,1.0757295026595255,1.2868251705983114
0,0.5873132882221,0.8208287268191233,0.0,1.0297158138654732,0.51752881716458,1.2765004518835685,0.9580228037686299,0.8201017653648883,0.7366333370634226,-0.903435456850087,-0.924735369292807,-0.189491300394875,-0.11130046366631995,1.0395852015895362,0.812191460435755,0,0,-1.4257240240714117,1.0757295026595255,1.40062947027909
0,0.5193953975603135,0.2527925779824482,0.0,-1.0407372369496601,0.7221158963869028,-0.46879277642512046,-0.7682232531504656,1.717461260186142,-0.5916635970369748,-0.7193358731975366,-0.6968845787742961,0.39292810710437137,0.17042465062128756,0.1671841997143004,0.2519393802234501,0,0,-1.4257240240714117,1.0757295026595255,1.514433769959869
0,0.28847456931023957,0.3584737219520626,0.0,-1.0407372369496601,0.006061119108773155,-0.9674479845133174,-0.33666173892069173,1.0764901924566752,-0.8868406935037297,-0.9494603527632245,-0.7728348422804664,0.29848171669908574,0.15477325538308317,0.2843723939960483,0.27926874998990436,0,0,-1.4257240240714117,1.0757295026595255,1.6282380696406475
0,0.1798059442513811,0.6226765818760973,0.0,-1.0407372369496601,-0.1985259601135496,-0.9674479845133174,-0.9840040102653526,1.3328786195484619,0.29386769236329013,-1.4097093118946005,-1.0006856327989773,0.32996384683418695,0.2017274410976963,0.5968742454140434,0.5525624476544432,0,0,-1.4257240240714117,1.0757295026595255,1.7420423693214264
0,0.32922530370731107,0.8208287268191233,0.0,-0.6266466267866334,-0.6077001185581951,-0.7181203804692189,0.7422420466537429,0.3073249111813148,0.7366333370634226,-1.5017591037208757,-1.228536423317488,0.14107106602361572,-0.033043487475315894,0.7270833501715414,0.8668501999686625,0,0,-1.4257240240714117,1.3718741563923815,-1.6720866211019363
0,0.1662223661190236,0.8472490128115262,0.0,1.0297158138654732,-0.1985259601135496,-0.7181203804692189,0.7422420466537429,1.3328786195484619,-0.2964865005702198,-1.6398337914602885,-1.3804369503298286,0.015142545483246818,-0.11130046366631995,0.9484388282592877,0.8668501999686625,0,0,-1.4257240240714117,1.3718741563923815,-1.5582823214211574
0,0.057553741060165385,1.0321910147583513,0.0,-1.0407372369496601,0.51752881716458,-0.9674479845133174,-0.7682232531504656,0.5637133382731015,1.6221646264636875,-1.5938088955471508,-1.3804369503298286,0.015142545483246818,-0.033043487475315894,1.182815216822784,1.0854851581002938,0,0,-1.4257240240714117,1.3718741563923815,-1.4444780217403788
0,0.9269027415310325,1.0454011577545521,0.0,-0.8336919318681467,1.6427577528873551,-0.9674479845133174,-0.9840040102653526,2.9994033956450763,1.9173417229304426,-1.2716346241551877,-1.0766358963051474,0.20403532629380014,0.0921676744302835,1.0135433806380365,1.0718204732170666,0,0,-1.4257240240714117,1.3718741563923815,-1.3306737220595999
0,0.8454012727368885,1.1246620157317628,0.0,-1.0407372369496601,-0.1985259601135496,-0.9674479845133174,-0.33666173892069173,0.8201017653648883,-0.8868406935037297,-1.5477839996340133,-1.228536423317488,-0.016339584651854352,-0.26781441604832806,0.9744806492107871,1.112814527866748,0,0,-1.4257240240714117,1.3718741563923815,-1.2168694223788212
0,0.5737297100897425,1.454915590636806,0.0,0.4085798986209332,1.5404642132761937,0.2791900357071748,0.09489977530908213,-0.8464230107317258,1.0318104335301777,-1.5477839996340133,-1.3044866868236584,-0.6774643174888357,-0.9095216208145649,1.313024321580282,1.4954257045971022,0,0,-1.4257240240714117,1.3718741563923815,-1.1030651226980426
0,1.1034892572516775,1.5870170205988234,0.0,0.20153459353941988,1.8473448321096777,-0.21946517238102203,0.31068053242396904,0.8201017653648883,2.9504615605640847,-1.5017591037208757,-1.3044866868236584,-1.4802586359337186,-1.5355774303425975,1.7427143672800245,1.5637491290132368,0,0,-1.4257240240714117,1.3718741563923815,-0.9892608230172637
0,0.5737297100897425,0.1735317200052381,0.0,0.8226705087839599,0.006061119108773155,1.2765004518835685,0.9580228037686299,1.3328786195484619,0.7366333370634226,0.8915354837622793,0.5942699008305986,-0.630241122286184,-0.5495395303359534,-0.0411503678976964,0.11529253139118063,0,0,-1.4257240240714117,1.3718741563923815,-0.8754565233364849
0,0.546562553825028,0.16032157700903665,0.0,-0.6266466267866334,0.7221158963869028,-0.46879277642512046,-0.9840040102653526,1.5892670466402488,0.44145624059666766,-0.6272860813712614,-0.24118299773727445,-0.2839376908001606,-0.2834658112865324,0.1802051101900499,0.07429847674150018,0,0,-1.4257240240714117,1.3718741563923815,-0.7616522236557063
0,0.27489099117788207,0.09427086202802798,0.0,-0.6266466267866334,0.7221158963869028,-0.46879277642512046,-0.7682232531504656,1.717461260186142,-0.2964865005702198,-0.9494603527632245,-0.6209343152681258,-0.11078597505713997,-0.29911720652473683,0.063016915908302,0.01963973720859212,0,0,-1.4257240240714117,1.3718741563923815,-0.6478479239749275
0,0.1662223661190236,-0.024620424937787894,0.0,-1.0407372369496601,1.1312900548315483,-0.9674479845133174,-0.12088098180580481,1.717461260186142,-1.1820177899704847,-1.133559936415775,-0.924735369292807,-0.12652704012469054,-0.34607139223933214,0.063016915908302,0.04696910697504591,0,0,-1.4257240240714117,1.3718741563923815,-0.5340436242941488
0,-0.15978350905755132,0.1735317200052381,0.0,0.6156252037024466,2.0519319113320007,-0.7181203804692189,0.7422420466537429,1.973849687277929,-0.5916635970369748,-1.3176595200683252,-1.1525861598113178,-0.3626430161378956,-0.4712825541449493,0.20624693114154985,0.2656040651066772,0,0,-1.4257240240714117,1.3718741563923815,-0.42023932461337
0,0.030386584795450644,0.7283577258457108,0.0,-0.8336919318681467,0.51752881716458,-0.7181203804692189,-0.9840040102653526,1.5892670466402488,-0.5916635970369748,-1.5477839996340133,-1.228536423317488,-0.47283047161071395,-0.612145111288753,0.4927069616080451,0.634550556953805,0,0,-1.4257240240714117,1.3718741563923815,-0.3064350249325912
0,0.39714319436909756,1.0321910147583513,0.0,1.650851729110013,-0.40311303933587234,0.02986243166307639,1.6053650751132906,-1.1028114378235125,1.0318104335301777,-1.5477839996340133,-1.1525861598113178,-0.5043126017458152,-0.6747506922415527,0.7791669920745403,1.0308264185673863,0,0,-1.4257240240714117,1.3718741563923815,-0.19263072525181246
0,0.8997355852663179,1.111451872735561,0.0,2.06494233927304,2.2053722207487425,0.7778452437953717,0.31068053242396904,1.0764901924566752,0.29386769236329013,-1.363684415981463,-1.0766358963051474,-1.1339552044476953,-1.0190813874819777,1.5213588891922787,1.1538085825164286,0,0,-1.4257240240714117,1.3718741563923815,-0.07882642557103371
0,0.8997355852663179,0.5566258668950886,0.0,1.0297158138654732,-0.6077001185581951,1.0271728478394702,1.173803560883517,0.8201017653648883,0.44145624059666766,-0.6272860813712614,-0.4690337882557853,-1.0867320092450437,-0.9251730160527694,0.6880206187442919,0.4432449685886271,0,0,-1.4257240240714117,1.3718741563923815,0.03497787410974503
0,0.28847456931023957,0.5566258668950886,0.0,-0.8336919318681467,0.7221158963869028,-0.46879277642512046,-1.1997847673802395,1.0764901924566752,1.0318104335301777,-1.0415101445894996,-1.1525861598113178,-0.9450624236371241,-0.9564758065291603,0.7401042606472908,0.5525624476544432,0,0,-1.4257240240714117,1.3718741563923815,0.14878217379052378
0,0.9812370540604615,0.5037852949102819,0.0,-0.8336919318681467,0.9267029756092254,-0.7181203804692189,-0.5524424960355787,1.973849687277929,0.29386769236329013,-1.4097093118946005,-1.0006856327989773,-1.228401594852981,-1.2695037112931764,0.8052088130260399,0.538897762771216,0,0,-1.4257240240714117,1.3718741563923815,0.26258647347130254
0,0.7503162258103875,0.7151475828495089,0.0,1.2367611189469865,1.3358771340538709,0.5285176397512733,-0.33666173892069173,0.3073249111813148,-0.8868406935037297,-0.7653607691106742,-0.393083524749615,-1.4172943756635343,-1.629485801771806,1.0265642911137862,0.6755446116034856,0,1,-1.4257240240714117,1.3718741563923815,0.3763907731520813
0,0.46506108503088406,0.46415486592167615,0.0,0.6156252037024466,1.3358771340538709,1.7751556599717655,0.31068053242396904,-1.4873940784611928,-0.8868406935037297,1.6279338183724807,0.2904688468059175,-1.1969194647178798,-1.2695037112931764,-0.002087636470446941,0.34759217440603907,1,0,-1.4257240240714117,1.3718741563923815,0.49019507283286007
0,0.5193953975603135,-0.1435117119036033,0.0,0.6156252037024466,0.006061119108773155,1.0271728478394702,0.7422420466537429,0.1791306976354214,-0.0013094041034648074,1.9040831938513063,1.0499714818676202,-0.8978392284344903,-0.9095216208145649,-0.1583385621794443,-0.21265990580626581,0,0,-1.4257240240714117,1.3718741563923815,0.6039993725136388
0,0.47864466316324156,0.7811982978305175,0.0,0.8226705087839599,0.7221158963869028,1.0271728478394702,0.31068053242396904,-0.590034583639939,-1.6247834346706171,0.4773114205440409,0.06261805628740667,-0.9293213585695735,-1.2851551065313809,0.07603782638405197,0.7302033511363931,0,0,-1.4257240240714117,1.3718741563923815,0.7178036721944175
0,0.7638998039427449,0.47736500891787803,0.0,-0.21255601662360676,1.8473448321096777,-0.7181203804692189,0.7422420466537429,0.1791306976354214,-0.5916635970369748,-0.6272860813712614,0.5942699008305986,-1.4330354407310848,-1.3947148731987937,1.0265642911137862,0.4295802837054009,0,1,-1.4257240240714117,1.3718741563923815,0.8316079718751963
0,0.46506108503088406,0.7415678688419127,0.0,-0.21255601662360676,0.31294173794225727,-0.9674479845133174,0.09489977530908213,-1.1028114378235125,-0.8868406935037297,0.7074359001097289,0.06261805628740667,-1.4487765057986355,-1.6138344065336014,0.5838533349382935,0.7848620906693007,1,0,-1.4257240240714117,1.3718741563923815,0.9454122715559751
0,0.8589848508692459,0.7151475828495089,0.0,1.2367611189469865,2.2053722207487425,-0.46879277642512046,1.3895843179984038,1.0764901924566752,1.0318104335301777,-0.2590869140661606,0.5183196373244283,-1.7950799372846589,-1.6138344065336014,0.6880206187442919,0.5115683930047618,0,0,-1.4257240240714117,1.3718741563923815,1.0592165712367538
0,1.1985743041781785,0.0017998610546154786,0.0,0.8226705087839599,1.6427577528873551,0.7778452437953717,0.09489977530908213,-1.1028114378235125,-0.5916635970369748,0.017062461412664976,1.8854243804354933,-1.4487765057986355,-1.0660355731965732,0.7921879025502903,-0.13067179650690397,0,0,-1.4257240240714117,1.3718741563923815,1.1730208709175325
0,0.6688147570162435,1.2171330167051753,0.0,-0.4196013217051201,0.31294173794225727,-0.7181203804692189,-0.12088098180580481,0.3073249111813148,0.7366333370634226,-0.3051118099792982,-0.6968845787742961,-1.2598837249880643,-1.4573204541515934,1.2088570377742833,1.2631260615822437,0,1,-1.4257240240714117,1.3718741563923815,1.2868251705983114
0,0.27489099117788207,0.2131621489938434,0.0,1.4438064240284998,2.0519319113320007,1.7751556599717655,-0.12088098180580481,0.1791306976354214,-0.5916635970369748,2.5484317366352327,2.45505135673177,-0.9608034887046747,-1.1912467351021725,-0.5099031450246885,-0.06234837209076925,1,1,-1.4257240240714117,1.3718741563923815,1.40062947027909
0,0.34280888183966857,0.8472490128115262,0.0,-0.6266466267866334,-0.6077001185581951,-0.9674479845133174,0.7422420466537429,0.5637133382731015,-1.6247834346706171,0.10911225323894017,0.5183196373244283,-1.2126605297854305,-1.2225495255785812,0.7661460815987904,0.7575327209028474,1,0,-1.4257240240714117,1.3718741563923815,1.514433769959869
0,1.5789144918841829,1.1510823017241667,0.0,1.650851729110013,2.2053722207487425,-0.7181203804692189,-0.33666173892069173,1.3328786195484619,0.29386769236329013,-0.443186497718711,-0.0892824707249339,-1.3543301153933498,-1.441669058913389,1.1307315749197846,1.0854851581002938,0,1,-1.4257240240714117,1.3718741563923815,1.6282380696406475
0,1.1170728353840345,1.1907127307127714,0.0,0.20153459353941988,0.31294173794225727,0.2791900357071748,-0.5524424960355787,-0.590034583639939,0.44145624059666766,0.43128652463090333,0.13856831979357695,-1.070990944177511,-1.0190813874819777,1.1307315749197846,1.194802637166109,1,0,-1.4257240240714117,1.6680188101252378,-1.6720866211019363
0,1.5245801793547533,1.454915590636806,0.0,1.4438064240284998,0.51752881716458,-0.7181203804692189,-0.5524424960355787,1.3328786195484619,-0.8868406935037297,-0.7193358731975366,-0.4690337882557853,-1.0552498791099603,-1.1599439446257815,1.5213588891922787,1.3997729104145131,0,0,-1.4257240240714117,1.6680188101252378,-1.5582823214211574
0,2.013588992119616,1.494546019625412,0.0,1.8578970341915266,1.6427577528873551,0.7778452437953717,0.31068053242396904,0.3073249111813148,0.7366333370634226,-0.48921139363184857,-0.16523273423110416,-1.6061871564741055,-1.5825316160571927,1.7427143672800245,1.4134375952977403,0,0,-1.4257240240714117,1.6680188101252378,-1.4444780217403788
0,0.8725684290016029,0.3584737219520626,0.0,1.2367611189469865,0.9267029756092254,1.7751556599717655,1.173803560883517,0.1791306976354214,0.44145624059666766,0.15513714915207777,0.5942699008305986,-1.0552498791099603,-0.8625674350999696,0.3104142149475478,0.292933434873131,0,0,-1.4257240240714117,1.6680188101252378,-1.3306737220595999
0,0.28847456931023957,0.14711143401283472,0.0,1.0297158138654732,0.51752881716458,-0.46879277642512046,-0.7682232531504656,0.8201017653648883,-0.0013094041034648074,-0.443186497718711,-1.0766358963051474,-0.20523236546242557,-0.2052088350955284,-0.13229674122794483,0.18361595580731535,0,0,-1.4257240240714117,1.6680188101252378,-1.2168694223788212
0,0.057553741060165385,0.4245244369330713,0.0,-1.0407372369496601,1.3358771340538709,-0.7181203804692189,-0.12088098180580481,1.3328786195484619,-0.0013094041034648074,-1.0415101445894996,-1.0766358963051474,-0.20523236546242557,-0.34607139223933214,0.45364423018079564,0.292933434873131,0,0,-1.4257240240714117,1.6680188101252378,-1.1030651226980426
0,0.2341402567808101,0.9529301567811407,0.0,-1.0407372369496601,-0.40311303933587234,0.02986243166307639,0.09489977530908213,0.8201017653648883,-0.5916635970369748,-1.2716346241551877,-1.1525861598113178,-0.5672768620159996,-0.6747506922415527,0.8703133654047888,0.9761676790344787,0,0,-1.4257240240714117,1.6680188101252378,-0.9892608230172637
0,0.9404863196633895,1.2435533026975782,0.0,1.2367611189469865,1.1312900548315483,0.7778452437953717,2.036926589343065,-1.7437825055529794,-0.8868406935037297,-1.0875350405026374,-0.5449840517619555,-0.9922856188397758,-1.1286411541493728,1.104689753968285,1.194802637166109,0,1,-1.4257240240714117,1.6680188101252378,-0.8754565233364849
0,1.1985743041781785,0.6226765818760973,0.0,0.6156252037024466,0.31294173794225727,1.2765004518835685,1.173803560883517,-1.1028114378235125,-0.8868406935037297,1.950108089764444,1.1259217453737906,-1.1182141393801448,-1.0034299922437733,0.37551876732629674,0.634550556953805,1,0,-1.4257240240714117,1.6680188101252378,-0.7616522236557063
0,0.9269027415310325,0.37168386494826455,0.0,0.6156252037024466,0.21064819833109588,1.2765004518835685,-1.1997847673802395,0.8201017653648883,0.44145624059666766,0.24718694097835295,0.06261805628740667,-0.6774643174888357,-0.7686590636707612,0.2973933044717983,0.3202628046395848,0,0,-1.4257240240714117,1.6680188101252378,-0.6478479239749275
0,1.0219877884575335,-0.5662362877820587,0.0,0.8226705087839599,0.31294173794225727,-0.46879277642512046,-0.33666173892069173,1.3328786195484619,1.3269875299969325,-0.9494603527632245,0.8980709548552798,-0.7719107078941034,-0.15825464938093306,0.5578115139867941,-0.608935767419847,0,0,-1.4257240240714117,1.6680188101252378,-0.5340436242941488
0,-0.051114883998693086,0.4245244369330713,0.0,-0.6266466267866334,-0.40311303933587234,-0.46879277642512046,-0.9840040102653526,-0.0772577294563654,-0.5916635970369748,-0.3511367058924358,-0.6968845787742961,-0.5830179270835502,-0.6277965065269574,0.3885396778020467,0.3885862290557195,0,0,-1.4257240240714117,1.6680188101252378,-0.42023932461337
0,0.2069731005160956,0.7415678688419127,0.0,-1.0407372369496601,-1.0168742770028405,-0.9674479845133174,-0.7682232531504656,-0.0772577294563654,0.29386769236329013,-1.3176595200683252,-1.0766358963051474,-0.5043126017458152,-0.5182367398595447,0.9614597387350372,0.7985267755525278,0,0,-1.4257240240714117,1.6680188101252378,-0.3064350249325912
0,0.8454012727368885,0.7944084408267195,0.0,-0.6266466267866334,0.21064819833109588,-0.46879277642512046,-1.1997847673802395,1.3328786195484619,-0.0013094041034648074,-1.1795848323289124,-1.0766358963051474,-0.2996787558676933,-0.45563115890674494,0.9744806492107871,0.7711974057860745,0,0,-1.4257240240714117,1.6680188101252378,-0.19263072525181246
0,0.8318176946045315,0.9132997277925349,0.0,-0.6266466267866334,0.51752881716458,-0.9674479845133174,-0.7682232531504656,1.5892670466402488,-1.1820177899704847,-1.363684415981463,-1.0766358963051474,-0.47283047161071395,-0.5025853446213403,1.221877948250033,0.9488383092680244,0,0,-1.4257240240714117,1.6680188101252378,-0.07882642557103371
0,1.049154944722248,1.1510823017241667,0.0,-0.8336919318681467,0.006061119108773155,-0.9674479845133174,-1.1997847673802395,1.0764901924566752,0.7366333370634226,-1.3176595200683252,-1.1525861598113178,-0.5672768620159996,-0.6747506922415527,1.156773395871284,1.1811379522828829,0,0,-1.4257240240714117,1.6680188101252378,0.03497787410974503
0,0.7095654914133155,1.283183731686184,0.0,-0.6266466267866334,0.31294173794225727,-0.9674479845133174,0.7422420466537429,-2.256559359736553,0.29386769236329013,-0.7193358731975366,-1.1525861598113178,-0.7246875126914696,-0.7843104589089656,1.4692752472892787,1.194802637166109,0,0,-1.4257240240714117,1.6680188101252378,0.14878217379052378
0,1.3479936636341083,1.2963938746823858,0.0,0.20153459353941988,1.5404642132761937,0.02986243166307639,-0.7682232531504656,-1.3591998649152994,-0.8868406935037297,-1.5938088955471508,-1.228536423317488,-0.8506160332318385,-0.7686590636707612,1.5474007101437777,1.4134375952977403,0,0,-1.4257240240714117,1.6680188101252378,0.26258647347130254
0,1.1985743041781785,1.6266474495874292,0.0,2.06494233927304,0.31294173794225727,1.525828055927667,-0.5524424960355787,-1.3591998649152994,0.44145624059666766,-1.2716346241551877,-1.3044866868236584,-1.0237677489748591,-1.0973383636729819,1.6645889044255255,1.6320725534293716,0,0,-1.4257240240714117,1.6680188101252378,0.3763907731520813
0,1.4974130230900389,1.666277878576034,0.0,1.4438064240284998,2.2053722207487425,0.7778452437953717,0.09489977530908213,0.8201017653648883,0.7366333370634226,-0.7653607691106742,-0.7728348422804664,-1.4487765057986355,-1.5981830112953972,1.8078189196587735,1.659401923195826,0,1,-1.4257240240714117,1.6680188101252378,0.49019507283286007
0,0.9133191633986749,-0.3548739998428312,0.0,1.2367611189469865,-0.1985259601135496,-0.7181203804692189,1.8211458322281777,-0.590034583639939,-0.8868406935037297,1.3517844428936552,2.45505135673177,-1.228401594852981,-0.5808423208123443,0.2973933044717983,-0.33564206975530814,1,0,-1.4257240240714117,1.6680188101252378,0.6039993725136388
0,0.9404863196633895,-0.7379681467326813,0.0,1.2367611189469865,0.9267029756092254,0.02986243166307639,0.7422420466537429,-0.8464230107317258,1.3269875299969325,1.3517844428936552,2.45505135673177,-1.0237677489748591,-0.45563115890674494,0.3624978568505472,-1.5517990243625064,0,1,-1.4257240240714117,1.6680188101252378,0.7178036721944175
0,0.28847456931023957,-0.5266058587934538,0.0,1.0297158138654732,0.006061119108773155,1.2765004518835685,-1.1997847673802395,0.3073249111813148,0.7366333370634226,1.4438342347199304,2.037324907447834,-0.4570894065431634,-0.11130046366631995,-0.22344311455819324,-0.5679417127701666,1,0,-1.4257240240714117,1.6680188101252378,0.8316079718751963
0,0.47864466316324156,-0.23598271287701533,0.0,-0.21255601662360676,-0.1985259601135496,-0.9674479845133174,-0.33666173892069173,0.8201017653648883,0.7366333370634226,0.24718694097835295,1.3537725358923014,-0.47283047161071395,-0.4243283684303362,0.19322602066579989,-0.26731864533917343,0,0,-1.4257240240714117,1.6680188101252378,0.9454122715559751
0,0.19338952238373835,0.7019374398533079,0.0,0.6156252037024466,-0.8122871977805178,0.5285176397512733,-0.7682232531504656,-1.3591998649152994,-0.2964865005702198,0.6614110041965913,-0.393083524749615,-0.8033928380292047,-0.7999618541471522,0.6489578873170424,0.716538666253166,0,0,-1.4257240240714117,1.6680188101252378,1.0592165712367538
0,0.5737297100897425,1.1510823017241667,0.0,0.6156252037024466,-0.1985259601135496,0.7778452437953717,-1.1997847673802395,-0.0772577294563654,-0.5916635970369748,0.20116204506521534,-0.6209343152681258,-0.7719107078941034,-0.8782188303381562,1.0786479330167855,1.2357966918157903,0,0,-1.4257240240714117,1.6680188101252378,1.1730208709175325
0,0.682398335148601,1.3360243036709907,0.0,-0.21255601662360676,-0.6077001185581951,0.5285176397512733,-0.7682232531504656,-0.33364615654815216,1.0318104335301777,-0.6733109772843989,-0.8487851057866367,-1.1339552044476953,-1.3008065017695853,1.2869825006287818,1.3997729104145131,0,0,-1.4257240240714117,1.6680188101252378,1.2868251705983114
0,0.682398335148601,1.7719590225456474,0.0,1.0297158138654732,0.21064819833109588,0.5285176397512733,0.7422420466537429,-0.8464230107317258,-1.1820177899704847,-1.363684415981463,-1.1525861598113178,-1.3700711804609005,-1.3477606874841805,1.7296934568042746,1.7003959778455062,0,0,-1.4257240240714117,1.6680188101252378,1.40062947027909
0,1.3615772417664658,1.6794880215722359,0.0,-0.21255601662360676,0.51752881716458,-0.9674479845133174,-0.12088098180580481,1.973849687277929,1.0318104335301777,-0.9954852486763621,-1.1525861598113178,-1.0552498791099603,-1.1129897589111684,1.3781288739590307,1.6457372383125988,0,0,-1.4257240240714117,1.6680188101252378,1.514433769959869
0,1.2664921948399648,1.6794880215722359,0.0,0.20153459353941988,2.2053722207487425,-0.21946517238102203,0.31068053242396904,-0.8464230107317258,2.9504615605640847,-0.3511367058924358,-0.4690337882557853,-1.070990944177511,-0.987778597005569,1.4302125158620298,1.3041201162319251,0,0,-1.4257240240714117,1.6680188101252378,1.6282380696406475
0,1.035571366589891,1.666277878576034,0.0,1.650851729110013,1.5404642132761937,2.2738108680599622,-0.5524424960355787,-1.1028114378235125,-0.0013094041034648074,-0.6272860813712614,-0.6968845787742961,-1.1024730743125941,-1.0973383636729819,1.7036516358527756,1.6184078685461445,0,0,-1.4257240240714117,1.6680188101252378,1.7420423693214264
0,1.3887443980311804,1.8512198805228581,0.0,1.650851729110013,1.3358771340538709,-0.7181203804692189,0.31068053242396904,-1.7437825055529794,1.0318104335301777,-0.7653607691106742,-0.6209343152681258,-1.51174076606882,-1.488623244628002,1.9510489348920212,1.768719402261641,0,0,-0.6491301303936166,-1.5895723809361793,-1.6720866211019363
0,2.24450982036969,1.6266474495874292,0.0,2.06494233927304,1.3358771340538709,1.7751556599717655,2.036926589343065,1.0764901924566752,1.3269875299969325,-0.39716160180557336,-0.5449840517619555,-1.4172943756635343,-1.2068981303403767,1.7427143672800245,1.659401923195826,0,0,-0.6491301303936166,-1.5895723809361793,-1.5582823214211574
0,1.1714071479134638,0.9265098707887368,0.0,1.0297158138654732,0.9267029756092254,1.0271728478394702,1.173803560883517,1.0764901924566752,1.3269875299969325,0.24718694097835295,-0.8487851057866367,-0.8033928380292047,-0.7999618541471522,0.5838533349382935,0.8941795697351168,0,0,-0.6491301303936166,-1.5895723809361793,-1.4444780217403788
0,0.9540698977957469,0.7283577258457108,0.0,0.8226705087839599,-0.40311303933587234,1.2765004518835685,-1.1997847673802395,0.5637133382731015,-0.5916635970369748,-0.5352362895449861,-0.6209343152681258,-0.5987589921511007,-0.7999618541471522,0.6880206187442919,0.6482152418370313,0,0,-0.6491301303936166,-1.5895723809361793,-1.3306737220595999
0,0.7503162258103875,0.8076185838229214,0.0,1.0297158138654732,0.31294173794225727,-0.9674479845133174,0.7422420466537429,0.8201017653648883,-0.5916635970369748,-1.363684415981463,-1.0006856327989773,-0.6932053825563684,-0.6277965065269574,0.9744806492107871,0.8395208302022092,0,0,-0.6491301303936166,-1.5895723809361793,-1.2168694223788212
0,0.5193953975603135,0.7415678688419127,0.0,0.8226705087839599,1.6427577528873551,-0.9674479845133174,-0.7682232531504656,1.3328786195484619,-0.0013094041034648074,-0.6272860813712614,-0.924735369292807,-0.17375023532732442,-0.2521630208101237,0.7010415292200414,0.7028739813699398,0,0,-0.6491301303936166,-1.5895723809361793,-1.1030651226980426
0,0.2069731005160956,0.6094664388798954,0.0,-1.0407372369496601,0.31294173794225727,-0.9674479845133174,0.7422420466537429,1.973849687277929,1.0318104335301777,-1.0875350405026374,-1.1525861598113178,-0.11078597505713997,-0.4086769731921318,0.5317696930352945,0.5115683930047618,0,0,-0.6491301303936166,-1.5895723809361793,-0.9892608230172637
0,0.36997603810438306,0.7811982978305175,0.0,-1.0407372369496601,0.51752881716458,-0.7181203804692189,0.526461289538856,0.8201017653648883,1.3269875299969325,-1.3176595200683252,-1.228536423317488,-0.6774643174888357,-0.8938702255763605,0.7010415292200414,0.8805148848518897,0,0,-0.6491301303936166,-1.5895723809361793,-0.8754565233364849
0,0.5329789756926705,0.9529301567811407,0.0,0.8226705087839599,-0.40311303933587234,-0.7181203804692189,-0.7682232531504656,1.0764901924566752,0.44145624059666766,-1.455734207807738,-1.3044866868236584,-0.9135802935020408,-1.0034299922437733,0.9223970073077882,0.9625029941512515,0,0,-0.6491301303936166,-1.5895723809361793,-0.7616522236557063
0,0.27489099117788207,1.2303431597013772,0.0,0.8226705087839599,0.31294173794225727,-0.9674479845133174,0.7422420466537429,0.3073249111813148,-0.5916635970369748,-1.5477839996340133,-1.3044866868236584,-0.8663570982993891,-0.7217048779561481,1.2869825006287818,1.2631260615822437,0,0,-0.6491301303936166,-1.5895723809361793,-0.6478479239749275
0,1.0899056791193198,1.454915590636806,0.0,0.8226705087839599,1.1312900548315483,1.2765004518835685,-0.7682232531504656,1.5892670466402488,0.44145624059666766,-1.5938088955471508,-1.228536423317488,-0.6145000572186334,-0.6277965065269574,1.6385470834740266,1.4544316499474217,0,0,-0.6491301303936166,-1.5895723809361793,-0.5340436242941488
0,1.5924980700165399,1.48133587662921,0.0,-0.6266466267866334,2.2053722207487425,-0.7181203804692189,-1.1997847673802395,2.4866265414615025,1.3269875299969325,-1.133559936415775,-1.0006856327989773,-0.9608034887046747,-1.0816869684347774,1.7687561882315244,1.5364197592467825,0,0,-0.6491301303936166,-1.5895723809361793,-0.42023932461337
0,1.4159115542958949,1.2039228737089733,0.0,-1.0407372369496601,1.6427577528873551,-0.9674479845133174,0.31068053242396904,1.0764901924566752,1.6221646264636875,-0.9494603527632245,0.13856831979357695,-1.5589639612714539,-1.4729718493897976,1.5343797996680277,0.716538666253166,0,0,-0.6491301303936166,-1.5895723809361793,-0.3064350249325912
0,1.3479936636341083,1.3360243036709907,0.0,-1.0407372369496601,0.51752881716458,-0.21946517238102203,-0.7682232531504656,-1.4873940784611928,1.3269875299969325,-0.5812611854581238,-0.16523273423110416,-1.6376692866091889,-1.5042746398661886,1.5343797996680277,1.112814527866748,0,0,-0.6491301303936166,-1.5895723809361793,-0.19263072525181246
0,1.1985743041781785,1.2699735886899821,0.0,-0.8336919318681467,1.5404642132761937,0.02986243166307639,-0.9840040102653526,-0.590034583639939,-1.1820177899704847,-0.5352362895449861,-0.5449840517619555,-1.5589639612714539,-1.6920913827246056,1.5474007101437777,1.3314494859983785,0,0,-0.6491301303936166,-1.5895723809361793,-0.07882642557103371
0,1.2936593511046794,0.0017998610546154786,0.0,-0.21255601662360676,0.9267029756092254,-0.7181203804692189,-1.1997847673802395,0.3073249111813148,-0.0013094041034648074,1.4438342347199304,-0.24118299773727445,-1.6848924818118405,-0.01739209223711152,0.5708324244625436,0.09479550406634041,0,1,-0.6491301303936166,-1.5895723809361793,0.03497787410974503
0,1.0627385228546053,-0.09067113991879656,0.0,-0.8336919318681467,0.7221158963869028,-0.46879277642512046,-1.1997847673802395,0.3073249111813148,1.3269875299969325,2.364332152982682,2.45505135673177,-1.82656206741976,-1.5668802208190062,0.3234351254232978,-0.2809833302224006,1,1,-0.6491301303936166,-1.5895723809361793,0.14878217379052378
0,1.008404210325176,-0.6719174317516726,0.0,-1.0407372369496601,0.9267029756092254,-0.9674479845133174,-1.1997847673802395,0.8201017653648883,1.3269875299969325,2.502406840722095,2.45505135673177,-1.6848924818118405,-1.2695037112931764,0.20624693114154985,-0.7319179313688898,1,1,-0.6491301303936166,-1.5895723809361793,0.26258647347130254
0,0.8997355852663179,-0.24919285587321727,0.0,-0.8336919318681467,-0.1985259601135496,-0.9674479845133174,-0.9840040102653526,-0.8464230107317258,1.0318104335301777,1.719983610198756,2.45505135673177,-1.4802586359337186,-1.1599439446257815,0.3234351254232978,-0.13067179650690397,1,0,-0.6491301303936166,-1.5895723809361793,0.3763907731520813
0,0.9540698977957469,-0.1831421408922086,0.0,-1.0407372369496601,-0.40311303933587234,-0.9674479845133174,-0.7682232531504656,-1.3591998649152994,-0.0013094041034648074,1.2137097551542424,2.45505135673177,-1.5747050263390043,-1.2382009208167855,0.5187487825595446,-0.22632459068949295,0,0,-0.6491301303936166,-1.5895723809361793,0.49019507283286007
0,1.1578235697811063,0.6490968678685002,0.0,-0.4196013217051201,1.1312900548315483,-0.21946517238102203,-1.1997847673802395,-0.8464230107317258,1.0318104335301777,1.0756350674148296,0.3664191103120878,-1.5432228962039212,-1.5355774303425975,0.6619787977927925,0.7028739813699398,0,0,-0.6491301303936166,-1.5895723809361793,0.6039993725136388
0,1.5653309137518252,1.085031586743158,0.0,-0.8336919318681467,0.9267029756092254,0.02986243166307639,-0.5524424960355787,0.1791306976354214,0.44145624059666766,-0.12101222632674781,0.5183196373244283,-1.6061871564741055,-1.4573204541515934,1.3781288739590307,0.9215089395015701,0,0,-0.6491301303936166,-1.5895723809361793,0.7178036721944175
0,1.6196652262812543,1.1510823017241667,0.0,-1.0407372369496601,0.21064819833109588,-0.7181203804692189,0.09489977530908213,1.5892670466402488,-0.0013094041034648074,-1.363684415981463,0.5183196373244283,-1.4959997010012693,-1.4260176636751847,1.4041706949105301,1.194802637166109,0,0,-0.6491301303936166,-1.5895723809361793,0.8316079718751963
0,2.013588992119616,1.5738068776026215,0.0,2.06494233927304,1.5404642132761937,2.024483264015864,0.09489977530908213,0.3073249111813148,-0.2964865005702198,-0.2590869140661606,0.06261805628740667,-1.7950799372846589,-1.6920913827246056,1.7557352777557744,1.4544316499474217,0,1,-0.6491301303936166,-1.5895723809361793,0.9454122715559751
0,0.8454012727368885,-0.20956242688461196,0.0,-0.6266466267866334,0.31294173794225727,-0.46879277642512046,0.7422420466537429,-0.590034583639939,-0.0013094041034648074,2.042157881590719,2.45505135673177,-0.708946447623919,-0.4712825541449493,0.12812146828705093,-0.3219773848720815,1,0,-0.6491301303936166,-1.5895723809361793,1.0592165712367538
0,0.9676534759281045,0.7811982978305175,0.0,-1.0407372369496601,0.006061119108773155,-0.9674479845133174,-0.33666173892069173,1.5892670466402488,-0.2964865005702198,-0.48921139363184857,0.13856831979357695,-1.0080266839073087,-0.9564758065291603,1.0005224701622866,0.7848620906693007,0,0,-0.6491301303936166,-1.5895723809361793,1.1730208709175325
0,1.3344100855017513,1.2963938746823858,0.0,0.8226705087839599,1.6427577528873551,-0.7181203804692189,-1.1997847673802395,1.5892670466402488,0.44145624059666766,-1.0875350405026374,-0.24118299773727445,-1.4487765057986355,-1.488623244628002,1.4822961577650287,1.3997729104145131,0,0,-0.6491301303936166,-1.5895723809361793,1.2868251705983114
0,1.3344100855017513,0.9793504427735436,0.0,-1.0407372369496601,2.2053722207487425,-0.21946517238102203,0.7422420466537429,-0.590034583639939,-0.5916635970369748,0.15513714915207777,0.2904688468059175,-1.4487765057986355,-1.5042746398661886,1.4302125158620298,1.099149842983521,0,0,-0.6491301303936166,-1.5895723809361793,1.40062947027909
0,1.1985743041781785,1.428495304644403,0.0,-1.0407372369496601,0.31294173794225727,1.0271728478394702,-0.33666173892069173,-1.1028114378235125,1.0318104335301777,0.10911225323894017,-0.6968845787742961,-1.4487765057986355,-1.488623244628002,1.3651079634832808,1.5090903894803294,0,0,-0.6491301303936166,-1.5895723809361793,1.514433769959869
0,1.4294951324282523,1.5209663056178149,0.0,-1.0407372369496601,0.21064819833109588,-0.9674479845133174,0.7422420466537429,0.3073249111813148,-0.8868406935037297,-1.0875350405026374,-0.924735369292807,-1.6848924818118405,-1.6451371970100102,1.6645889044255255,1.5637491290132368,0,0,-0.6491301303936166,-1.5895723809361793,1.6282380696406475
0,1.4702458668253242,1.454915590636806,0.0,-1.0407372369496601,1.3358771340538709,-0.9674479845133174,-1.1997847673802395,1.0764901924566752,1.0318104335301777,-1.2716346241551877,-1.1525861598113178,-1.82656206741976,-1.7390455684392008,1.6255261729982766,1.4407669650641945,0,0,-0.6491301303936166,-1.5895723809361793,1.7420423693214264
0,0.73673264767803,1.3624445896633945,0.0,-1.0407372369496601,0.21064819833109588,-0.46879277642512046,-1.1997847673802395,0.5637133382731015,-0.0013094041034648074,-1.455734207807738,-1.228536423317488,-2.267311889311069,-2.239890216061634,1.4953170682407786,1.3041201162319251,0,0,-0.6491301303936166,-1.2934277272033232,-1.6720866211019363
0,1.7690845857371846,1.3228141606747887,0.0,0.8226705087839599,0.51752881716458,-0.9674479845133174,-0.7682232531504656,1.0764901924566752,-0.8868406935037297,-0.48921139363184857,-0.6968845787742961,-2.3302761495812714,-2.4120555636818466,1.3000034111045318,1.208467322049336,0,0,-0.6491301303936166,-1.2934277272033232,-1.5582823214211574
0,1.5789144918841829,0.6094664388798954,0.0,0.6156252037024466,2.2053722207487425,-0.46879277642512046,1.6053650751132906,0.5637133382731015,-0.5916635970369748,0.5233363164571785,2.45505135673177,-2.1256423037031498,-1.8486053351066136,1.2739615901530323,-0.035019002324315464,0,1,-0.6491301303936166,-1.2934277272033232,-1.4444780217403788
0,0.8725684290016029,0.1735317200052381,0.0,-1.0407372369496601,2.0519319113320007,1.2765004518835685,1.173803560883517,1.0764901924566752,-0.2964865005702198,0.4773114205440409,2.45505135673177,-1.7950799372846589,-1.6138344065336014,0.8703133654047888,-0.2809833302224006,1,1,-0.6491301303936166,-1.2934277272033232,-1.3306737220595999
0,0.9269027415310325,0.9529301567811407,0.0,-0.8336919318681467,0.9267029756092254,-0.46879277642512046,-0.7682232531504656,0.3073249111813148,1.3269875299969325,0.3392367328046281,-0.16523273423110416,-1.6376692866091889,-1.5512288255808018,1.0005224701622866,0.9215089395015701,1,0,-0.6491301303936166,-1.2934277272033232,-1.2168694223788212
0,1.1578235697811063,1.1642924447203686,0.0,-1.0407372369496601,1.5404642132761937,-0.9674479845133174,0.7422420466537429,1.3328786195484619,2.360107367630575,-0.6272860813712614,-0.5449840517619555,-1.5747050263390043,-1.5668802208190062,1.3520870530075308,1.1811379522828829,0,0,-0.6491301303936166,-1.2934277272033232,-1.1030651226980426
0,1.3072429292370369,1.2039228737089733,0.0,-1.0407372369496601,1.8473448321096777,-0.9674479845133174,-0.7682232531504656,0.3073249111813148,2.0649302711638198,-0.6733109772843989,-0.5449840517619555,-1.5747050263390043,-1.5981830112953972,1.4432334263377797,1.2494613766990175,0,0,-0.6491301303936166,-1.2934277272033232,-0.9892608230172637
0,1.225741460442893,1.1246620157317628,0.0,-0.21255601662360676,0.51752881716458,-0.7181203804692189,-0.9840040102653526,0.5637133382731015,1.3269875299969325,-0.7193358731975366,-0.5449840517619555,-1.7006335468793912,-1.7077427779628098,1.5213588891922787,1.1264792127499743,0,0,-0.6491301303936166,-1.2934277272033232,-0.8754565233364849
0,0.9948206321928189,1.4020750186519995,0.0,-0.6266466267866334,1.8473448321096777,-0.9674479845133174,-0.7682232531504656,-0.590034583639939,0.29386769236329013,-0.6272860813712614,-0.6209343152681258,-1.464517570866186,-1.3790634779605893,1.4302125158620298,1.4271022801809674,0,0,-0.6491301303936166,-1.2934277272033232,-0.7616522236557063
0,1.4159115542958949,1.3756547326595956,0.0,0.4085798986209332,2.2053722207487425,-0.7181203804692189,-0.9840040102653526,0.5637133382731015,1.9173417229304426,-0.8574105609369493,-0.5449840517619555,-1.590446091406555,-1.7077427779628098,1.5604216206195276,1.468096334830648,0,1,-0.6491301303936166,-1.2934277272033232,-0.6478479239749275
0,1.5924980700165399,1.0321910147583513,0.0,-0.8336919318681467,1.8473448321096777,-0.21946517238102203,-0.5524424960355787,0.1791306976354214,-0.0013094041034648074,0.5233363164571785,0.8221206913491095,-1.8580441975548612,-1.895559520821209,1.3390661425317814,1.0444911034506135,1,0,-0.6491301303936166,-1.2934277272033232,-0.5340436242941488
0,1.7419174294724702,0.9000895847963338,0.0,-0.21255601662360676,2.2053722207487425,0.02986243166307639,-0.9840040102653526,1.5892670466402488,0.7366333370634226,0.20116204506521534,1.0499714818676202,-2.1256423037031498,-2.09902765891783,1.2869825006287818,0.8258561453189821,0,1,-0.6491301303936166,-1.2934277272033232,-0.42023932461337
0,1.1985743041781785,0.38489400794446554,0.0,0.20153459353941988,1.5404642132761937,-0.21946517238102203,0.09489977530908213,0.8201017653648883,2.0649302711638198,1.6739587142856185,2.265175697966345,-1.747856742082025,-1.676439987486401,0.622916066365543,0.45690965347185425,1,0,-0.6491301303936166,-1.2934277272033232,-0.3064350249325912
0,1.4159115542958949,0.6094664388798954,0.0,1.650851729110013,2.0519319113320007,0.7778452437953717,2.036926589343065,1.717461260186142,2.360107367630575,1.1216599633279674,2.45505135673177,-2.4089814749190066,-2.2555416112998383,1.052606112065286,0.15628658604086157,0,0,-0.6491301303936166,-1.2934277272033232,-0.19263072525181246
0,1.0219877884575335,-0.011410281941585972,0.0,1.2367611189469865,0.006061119108773155,1.7751556599717655,0.526461289538856,0.3073249111813148,1.3269875299969325,1.2597346510673801,1.8094741169293231,-1.9524905879601289,-1.6451371970100102,0.4796860511322951,-0.06234837209076925,0,0,-0.6491301303936166,-1.2934277272033232,-0.07882642557103371
0,0.28847456931023957,0.47736500891787803,0.0,-0.8336919318681467,0.7221158963869028,-0.46879277642512046,0.526461289538856,0.5637133382731015,0.29386769236329013,0.5693612123703161,-0.16523273423110416,-1.1182141393801448,-1.0816869684347774,0.20624693114154985,0.30659811975635815,0,0,-0.6491301303936166,-1.2934277272033232,0.03497787410974503
0,0.38355961623674056,0.7019374398533079,0.0,0.8226705087839599,-0.6077001185581951,-0.9674479845133174,0.7422420466537429,0.5637133382731015,-0.2964865005702198,-0.48921139363184857,-0.8487851057866367,-1.0395088140424098,-1.0347327827201642,0.6359369768412925,0.6892092964867127,0,0,-0.6491301303936166,-1.2934277272033232,0.14878217379052378
0,0.41072677250145506,0.8340388698153253,0.0,0.6156252037024466,0.31294173794225727,-0.46879277642512046,0.9580228037686299,-0.33364615654815216,-0.0013094041034648074,-1.0415101445894996,-1.0006856327989773,-1.1182141393801448,-1.2695037112931764,0.9223970073077882,0.8941795697351168,0,0,-0.6491301303936166,-1.2934277272033232,0.26258647347130254
0,0.7638998039427449,0.292423006971054,0.0,0.8226705087839599,0.31294173794225727,1.525828055927667,0.526461289538856,0.8201017653648883,0.29386769236329013,0.15513714915207777,-0.4690337882557853,-0.9765445537722253,-0.9095216208145649,0.1671841997143004,0.2382746953402234,0,0,-0.6491301303936166,-1.2934277272033232,0.3763907731520813
0,0.43789392876616956,0.27921286397485207,0.0,0.8226705087839599,0.21064819833109588,-0.46879277642512046,-0.7682232531504656,1.3328786195484619,-0.0013094041034648074,0.06308735732580258,-0.16523273423110416,-0.4413483414756307,-0.4869339493831359,0.02395418448105254,0.1426219011576349,0,0,-0.6491301303936166,-1.2934277272033232,0.49019507283286007
0,0.09830447545723713,0.12069114802043136,0.0,0.8226705087839599,1.5404642132761937,-0.46879277642512046,-0.7682232531504656,1.5892670466402488,0.7366333370634226,-0.7193358731975366,-0.5449840517619555,0.062365740685880675,-0.0017406969989249425,0.10207964733555146,0.15628658604086157,0,0,-0.6491301303936166,-1.2934277272033232,0.6039993725136388
0,0.1662223661190236,0.23958243498624723,0.0,-1.0407372369496601,1.8473448321096777,-0.9674479845133174,0.7422420466537429,1.717461260186142,1.3269875299969325,-0.7193358731975366,-0.7728348422804664,0.07810680575343126,-0.06434627795172464,0.1671841997143004,0.18361595580731535,0,0,-0.6491301303936166,-1.2934277272033232,0.7178036721944175
0,0.11188805358959462,0.47736500891787803,0.0,-0.6266466267866334,0.7221158963869028,-0.9674479845133174,-0.7682232531504656,1.0764901924566752,0.29386769236329013,-0.8574105609369493,-0.924735369292807,-0.23671449559750884,-0.37737418271574086,0.3234351254232978,0.34759217440603907,0,0,-0.6491301303936166,-1.2934277272033232,0.8316079718751963
0,0.5329789756926705,0.09427086202802798,0.0,-1.0407372369496601,0.006061119108773155,-0.46879277642512046,-1.1997847673802395,0.5637133382731015,-0.0013094041034648074,-0.903435456850087,-0.24118299773727445,-0.47283047161071395,-0.01739209223711152,0.5057278720837945,0.09479550406634041,0,0,-0.6491301303936166,-1.2934277272033232,0.9454122715559751
0,0.057553741060165385,-0.42092471482383986,0.0,-1.0407372369496601,-1.3237548958363246,-0.9674479845133174,-0.33666173892069173,-0.0772577294563654,-1.4771948864372397,-0.1670371222398854,1.9613746439416637,-0.016339584651854352,-0.5025853446213403,0.049996005432552025,-0.3219773848720815,0,0,-0.6491301303936166,-1.2934277272033232,1.0592165712367538
0,0.2205566786484531,0.47736500891787803,0.0,1.0297158138654732,0.006061119108773155,1.525828055927667,1.173803560883517,0.5637133382731015,0.44145624059666766,-0.39716160180557336,-0.24118299773727445,-0.787651772961654,-0.7530076684325568,0.3885396778020467,0.4842390232383085,0,0,-0.6491301303936166,-1.2934277272033232,1.1730208709175325
0,0.30205814744259657,0.34526357895586074,0.0,0.8226705087839599,0.006061119108773155,1.525828055927667,-0.9840040102653526,0.3073249111813148,-0.5916635970369748,-0.02896243450047262,0.06261805628740667,-0.48857153667826453,-0.29911720652473683,0.010933274005303032,0.2382746953402234,0,0,-0.6491301303936166,-1.2934277272033232,1.2868251705983114
0,0.46506108503088406,0.5434157238988867,0.0,-0.6266466267866334,-0.1985259601135496,1.2765004518835685,-1.1997847673802395,0.1791306976354214,0.44145624059666766,-0.443186497718711,-0.5449840517619555,-0.4098662113405295,-0.3304199970011278,0.12812146828705093,0.5798918174208966,0,0,-0.6491301303936166,-1.2934277272033232,1.40062947027909
0,0.9133191633986749,0.7547780118381147,0.0,-0.6266466267866334,0.006061119108773155,-0.46879277642512046,-0.9840040102653526,1.0764901924566752,-0.5916635970369748,-0.8113856650238117,-0.4690337882557853,-0.34690195107034505,-0.3617227874775365,0.7661460815987904,0.6892092964867127,0,0,-0.6491301303936166,-0.9972830734704672,-1.6720866211019363
0,0.8182341164721739,0.6490968678685002,0.0,-0.8336919318681467,-0.1985259601135496,-0.9674479845133174,0.7422420466537429,1.0764901924566752,0.7366333370634226,-0.8113856650238117,-0.5449840517619555,-0.2996787558676933,-0.3147686017629412,0.7921879025502903,0.6482152418370313,0,0,-0.6491301303936166,-0.9972830734704672,-1.5582823214211574
0,0.505811819427956,0.7151475828495089,0.0,-0.6266466267866334,0.006061119108773155,-0.7181203804692189,-0.7682232531504656,0.8201017653648883,1.0318104335301777,-0.7193358731975366,-0.6968845787742961,-0.20523236546242557,-0.29911720652473683,0.7921879025502903,0.6755446116034856,0,0,-0.6491301303936166,-0.9972830734704672,-1.4444780217403788
0,0.6552311788838865,0.8076185838229214,0.0,0.8226705087839599,0.006061119108773155,-0.9674479845133174,0.526461289538856,-1.1028114378235125,-0.0013094041034648074,-0.6733109772843989,-0.6209343152681258,-0.14226810519222324,-0.22086023033373275,0.9223970073077882,0.9351736243847972,0,0,-0.6491301303936166,-0.9972830734704672,-1.3306737220595999
0,1.144239991648749,0.9132997277925349,0.0,-1.0407372369496601,-0.1985259601135496,1.2765004518835685,0.7422420466537429,-0.590034583639939,0.29386769236329013,-0.02896243450047262,-0.24118299773727445,-0.2524555606650594,-0.4086769731921318,0.9484388282592877,0.7028739813699398,0,0,-0.6491301303936166,-0.9972830734704672,-1.2168694223788212
0,1.0219877884575335,0.8340388698153253,0.0,-1.0407372369496601,0.006061119108773155,-0.46879277642512046,-1.1997847673802395,0.3073249111813148,1.0318104335301777,-0.8113856650238117,-0.0892824707249339,-0.4570894065431634,-0.4399797636685406,1.2609406796772824,0.7711974057860745,0,0,-0.6491301303936166,-0.9972830734704672,-1.1030651226980426
0,1.5517473356194678,0.7547780118381147,0.0,-1.0407372369496601,0.006061119108773155,1.2765004518835685,0.526461289538856,1.3328786195484619,3.171844382914151,-0.6733109772843989,0.9740212183614501,-0.20523236546242557,-0.09564906842811557,1.1307315749197846,-0.0486836872075426,0,0,-0.6491301303936166,-0.9972830734704672,-0.9892608230172637
0,0.057553741060165385,0.7944084408267195,0.0,-1.0407372369496601,0.006061119108773155,-0.9674479845133174,1.8211458322281777,-0.0772577294563654,-1.6247834346706171,-0.3051118099792982,-0.3171332612434447,-0.3783840812054283,-0.5495395303359534,0.7270833501715414,0.6618799267202584,0,0,-0.6491301303936166,-0.9972830734704672,-0.8754565233364849
0,0.7503162258103875,0.9265098707887368,0.0,-1.0407372369496601,0.006061119108773155,-0.7181203804692189,-0.12088098180580481,-0.590034583639939,-0.8868406935037297,-0.3051118099792982,-0.393083524749615,-0.6459821873537346,-0.7373562731943525,0.9614597387350372,0.9761676790344787,0,0,-0.6491301303936166,-0.9972830734704672,-0.7616522236557063
0,0.9812370540604615,1.1246620157317628,0.0,-1.0407372369496601,0.006061119108773155,-0.9674479845133174,-0.7682232531504656,-0.33364615654815216,-0.2964865005702198,-0.7653607691106742,-0.7728348422804664,-0.5043126017458152,-0.5025853446213403,1.1958361272985334,1.1674732673996557,0,0,-0.6491301303936166,-0.9972830734704672,-0.6478479239749275
0,0.057553741060165385,1.085031586743158,0.0,-1.0407372369496601,0.006061119108773155,-0.9674479845133174,-0.7682232531504656,-0.0772577294563654,0.44145624059666766,-0.1670371222398854,-0.6968845787742961,-0.016339584651854352,-0.2834658112865324,0.049996005432552025,1.2494613766990175,0,0,-0.6491301303936166,-0.9972830734704672,-0.5340436242941488
0,0.9948206321928189,0.9529301567811407,0.0,-1.0407372369496601,0.9267029756092254,-0.46879277642512046,-0.9840040102653526,1.3328786195484619,1.9173417229304426,-0.8113856650238117,-0.6968845787742961,-0.06356277985448822,-0.12695185890452432,0.9875015596865371,0.9488383092680244,0,0,-0.6491301303936166,-0.9972830734704672,-0.42023932461337
0,1.0763221009869623,0.09427086202802798,0.0,-1.0407372369496601,0.006061119108773155,-0.9674479845133174,-0.33666173892069173,1.717461260186142,0.44145624059666766,-0.5352362895449861,-0.24118299773727445,-0.22097343052995827,-0.0017406969989249425,1.0005224701622866,0.7848620906693007,0,0,-0.6491301303936166,-0.9972830734704672,-0.3064350249325912
0,0.057553741060165385,0.09427086202802798,0.0,-1.0407372369496601,0.006061119108773155,-0.9674479845133174,-1.1997847673802395,-0.0772577294563654,-0.0013094041034648074,-0.1670371222398854,-0.24118299773727445,-0.016339584651854352,-0.01739209223711152,0.049996005432552025,0.09479550406634041,0,0,-0.6491301303936166,-0.9972830734704672,-0.19263072525181246
0,0.057553741060165385,1.283183731686184,0.0,-1.0407372369496601,0.006061119108773155,-0.9674479845133174,0.09489977530908213,-0.0772577294563654,0.29386769236329013,-0.1670371222398854,-0.6209343152681258,-0.016339584651854352,-1.0347327827201642,0.049996005432552025,1.208467322049336,0,0,-0.6491301303936166,-0.9972830734704672,-0.07882642557103371
0,1.225741460442893,0.8736692988039301,0.0,0.8226705087839599,-0.40311303933587234,1.2765004518835685,0.526461289538856,0.5637133382731015,0.29386769236329013,-0.3051118099792982,-0.24118299773727445,-0.47283047161071395,-0.5025853446213403,0.5968742454140434,0.9215089395015701,0,0,-0.6491301303936166,-0.9972830734704672,0.03497787410974503
0,0.7774833820751019,0.9925605857697455,0.0,-0.6266466267866334,0.31294173794225727,-0.9674479845133174,-0.5524424960355787,1.0764901924566752,-0.8868406935037297,-0.7193358731975366,-0.3171332612434447,-0.2524555606650594,-0.29911720652473683,0.8312506339775393,0.907844254618344,0,0,-0.6491301303936166,-0.9972830734704672,0.14878217379052378
0,0.8589848508692459,1.058611300750754,0.0,-0.8336919318681467,-0.1985259601135496,-0.9674479845133174,-0.33666173892069173,0.3073249111813148,-1.1820177899704847,-0.8113856650238117,-0.24118299773727445,-0.016339584651854352,0.013910698239279429,1.0135433806380365,1.099149842983521,0,0,-0.6491301303936166,-0.9972830734704672,0.26258647347130254
0,1.1849907260458208,0.9132997277925349,0.0,-0.8336919318681467,2.2053722207487425,-0.9674479845133174,-1.1997847673802395,1.717461260186142,0.7366333370634226,-0.903435456850087,-0.5449840517619555,0.3614459769692702,0.23303023157408725,0.9354179177835377,0.8395208302022092,0,0,-0.6491301303936166,-0.9972830734704672,0.3763907731520813
0,0.7910669602074595,0.7679881548343166,0.0,-1.0407372369496601,0.7221158963869028,-0.7181203804692189,0.9580228037686299,1.973849687277929,0.44145624059666766,-0.7653607691106742,-0.8487851057866367,-0.016339584651854352,-0.26781441604832806,0.8572924549290393,0.7438680360196203,0,0,-0.6491301303936166,-0.9972830734704672,0.49019507283286007
0,0.9269027415310325,0.8340388698153253,0.0,0.8226705087839599,0.21064819833109588,1.2765004518835685,-1.1997847673802395,0.3073249111813148,-0.2964865005702198,-0.903435456850087,-0.7728348422804664,-0.2996787558676933,-0.3617227874775365,0.9484388282592877,0.8941795697351168,0,0,-0.6491301303936166,-0.9972830734704672,0.6039993725136388
0,1.049154944722248,0.7151475828495089,0.0,-0.8336919318681467,0.31294173794225727,-0.9674479845133174,1.6053650751132906,1.3328786195484619,-0.8868406935037297,-0.48921139363184857,-0.5449840517619555,-0.23671449559750884,-0.3147686017629412,0.8052088130260399,0.7985267755525278,0,0,-0.6491301303936166,-0.9972830734704672,0.7178036721944175
0,1.0219877884575335,0.5698360098912906,0.0,0.8226705087839599,0.21064819833109588,1.2765004518835685,-0.7682232531504656,1.0764901924566752,0.7366333370634226,-0.7193358731975366,-0.393083524749615,0.015142545483246818,0.1391218601448966,0.8312506339775393,0.634550556953805,0,0,-0.6491301303936166,-0.9972830734704672,0.8316079718751963
0,0.057553741060165385,0.08106071903182606,0.0,-1.0407372369496601,0.006061119108773155,-0.46879277642512046,-0.7682232531504656,1.3328786195484619,-0.2964865005702198,-0.6733109772843989,-0.0892824707249339,-0.016339584651854352,0.07651627919207912,0.19322602066579989,0.03330442209181926,0,0,-0.6491301303936166,-0.9972830734704672,0.9454122715559751
0,-0.2277013997193378,-0.2227725698808139,0.0,0.8226705087839599,0.21064819833109588,-0.9674479845133174,0.7422420466537429,1.717461260186142,1.0318104335301777,-0.3511367058924358,-0.3171332612434447,0.21977639136135074,0.06086488395389254,-0.09323400980069536,-0.1716658511565849,0,0,-0.6491301303936166,-0.9972830734704672,1.0592165712367538
0,-0.3092028685134818,-0.09067113991879656,0.0,-1.0407372369496601,-0.40311303933587234,-0.46879277642512046,0.9580228037686299,0.3073249111813148,-0.0013094041034648074,-0.443186497718711,-0.4690337882557853,-0.0005985195843037679,-0.07999767318992901,0.11510055781130096,-0.13067179650690397,0,0,-0.6491301303936166,-0.9972830734704672,1.1730208709175325
0,-0.40428791543998277,0.27921286397485207,0.0,-0.005510711542093443,-1.119167816614002,-0.9674479845133174,-0.7682232531504656,-0.590034583639939,-0.8868406935037297,-0.8113856650238117,-0.8487851057866367,-0.3311608860027945,-0.39302557795394527,0.1802051101900499,0.18361595580731535,0,0,-0.6491301303936166,-0.9972830734704672,1.2868251705983114
0,-0.09186561839576483,0.31884329296345687,0.0,-1.0407372369496601,-1.0168742770028405,-0.9674479845133174,1.6053650751132906,0.5637133382731015,-1.1820177899704847,-0.6733109772843989,-0.6968845787742961,-0.15800917025977382,-0.22086023033373275,0.2843723939960483,0.2382746953402234,0,0,-0.6491301303936166,-0.9972830734704672,1.40062947027909
0,0.41072677250145506,0.6226765818760973,0.0,-0.4196013217051201,-1.3237548958363246,-0.9674479845133174,0.31068053242396904,-0.0772577294563654,-0.0013094041034648074,-0.903435456850087,-1.0766358963051474,-0.3941251462729789,-0.34607139223933214,0.37551876732629674,0.7848620906693007,0,0,-0.6491301303936166,-0.9972830734704672,1.514433769959869
0,0.492228241295599,0.9265098707887368,0.0,-0.4196013217051201,-0.1985259601135496,-0.46879277642512046,-0.12088098180580481,-0.8464230107317258,1.0318104335301777,-0.9494603527632245,-1.0766358963051474,-0.3783840812054283,-0.34607139223933214,0.34947694637479726,0.8941795697351168,0,0,-0.6491301303936166,-0.9972830734704672,1.6282380696406475
0,0.5737297100897425,0.9529301567811407,0.0,1.2367611189469865,0.7221158963869028,-0.9674479845133174,-0.12088098180580481,-1.1028114378235125,-0.0013094041034648074,-0.9954852486763621,-0.0892824707249339,-0.47283047161071395,-0.56519092557414,0.7791669920745403,0.8668501999686625,0,1,-0.6491301303936166,-0.9972830734704672,1.7420423693214264
0,0.641647600751529,0.9000895847963338,0.0,1.4438064240284998,0.006061119108773155,-0.7181203804692189,1.6053650751132906,-0.8464230107317258,-0.0013094041034648074,0.5233363164571785,0.06261805628740667,-0.4256072764080801,-0.643447901765144,0.7140624396957914,0.8258561453189821,1,0,-0.6491301303936166,-0.701138419737611,-1.6720866211019363
0,0.8182341164721739,0.8340388698153253,0.0,1.2367611189469865,0.9267029756092254,1.2765004518835685,0.526461289538856,0.8201017653648883,-0.2964865005702198,-0.48921139363184857,-0.16523273423110416,-0.7561696428265708,-0.6590992970033484,0.9744806492107871,0.8258561453189821,0,1,-0.6491301303936166,-0.701138419737611,-1.5582823214211574
0,0.628064022619172,-0.20956242688461196,0.0,-1.0407372369496601,0.006061119108773155,1.2765004518835685,-0.7682232531504656,-0.0772577294563654,0.29386769236329013,2.042157881590719,1.9613746439416637,0.04662467561833009,0.1391218601448966,-0.10625492027644534,-0.22632459068949295,1,0,-0.6491301303936166,-0.701138419737611,-1.4444780217403788
0,0.2069731005160956,-0.2227725698808139,0.0,-0.8336919318681467,-0.6077001185581951,-0.46879277642512046,-1.1997847673802395,0.3073249111813148,-0.0013094041034648074,1.6739587142856185,1.6575735899169826,0.21977639136135074,0.12347046490669224,-0.548965876451938,-0.2809833302224006,0,0,-0.6491301303936166,-0.701138419737611,-1.3306737220595999
0,0.30205814744259657,0.23958243498624723,0.0,-1.0407372369496601,-0.1985259601135496,-0.9674479845133174,-0.7682232531504656,1.0764901924566752,-1.4771948864372397,-0.02896243450047262,0.5942699008305986,0.030883610550779508,-0.033043487475315894,0.07603782638405197,0.1972806406905425,0,1,-0.6491301303936166,-0.701138419737611,-1.2168694223788212
0,0.6552311788838865,-1.10785215062633,0.0,-1.0407372369496601,-0.6077001185581951,0.7778452437953717,0.09489977530908213,-1.1028114378235125,-1.9199605311373722,2.364332152982682,2.45505135673177,0.030883610550779508,0.2486816268122916,-0.21042220408244372,-1.1008644232160172,1,1,-0.6491301303936166,-0.701138419737611,-1.1030651226980426
0,0.5329789756926705,-1.2927941525731539,0.0,0.6156252037024466,-0.40311303933587234,-0.46879277642512046,-1.1997847673802395,-0.590034583639939,-0.2964865005702198,2.5484317366352327,2.45505135673177,-0.7404285777590202,-0.4243283684303362,-0.13229674122794483,-1.3194993813476485,1,1,-0.6491301303936166,-0.701138419737611,-0.9892608230172637
0,0.2613074130455246,-1.451315868527575,0.0,-1.0407372369496601,0.006061119108773155,-0.21946517238102203,-1.1997847673802395,-1.3591998649152994,-0.0013094041034648074,2.6404815284615077,-0.24118299773727445,-0.4413483414756307,-0.01739209223711152,-0.4708404135974395,0.09479550406634041,1,0,-0.6491301303936166,-0.701138419737611,-0.8754565233364849
0,0.2069731005160956,-0.46055514381244517,0.0,-1.0407372369496601,0.006061119108773155,-0.21946517238102203,1.6053650751132906,-1.7437825055529794,-1.1820177899704847,2.5484317366352327,2.45505135673177,-0.7246875126914696,-0.2834658112865324,-0.483861324073189,-0.8275707255514783,0,0,-0.6491301303936166,-0.701138419737611,-0.7616522236557063
0,0.016803006663093395,-0.13030156890740185,0.0,-1.0407372369496601,0.006061119108773155,1.0271728478394702,1.3895843179984038,-1.1028114378235125,0.29386769236329013,2.3183072570695447,0.5942699008305986,-0.6774643174888357,-0.3147686017629412,-0.8224049964426837,-0.0486836872075426,0,0,-0.6491301303936166,-0.701138419737611,-0.6478479239749275
0,0.1662223661190236,-0.5530261447858572,0.0,1.0297158138654732,-1.119167816614002,1.2765004518835685,0.9580228037686299,0.1791306976354214,-0.0013094041034648074,1.3057595469805177,1.505673062904642,-0.11078597505713997,-0.11130046366631995,-0.10625492027644534,-0.5132829732372585,0,0,-0.6491301303936166,-0.701138419737611,-0.5340436242941488
0,-0.2684521341164098,-0.5266058587934538,0.0,-0.6266466267866334,-0.6077001185581951,1.2765004518835685,-0.7682232531504656,0.5637133382731015,0.29386769236329013,0.8915354837622793,0.5942699008305986,-0.11078597505713997,-0.11130046366631995,-0.19740129360669376,-0.44495954882112376,0,0,-0.6491301303936166,-0.701138419737611,-0.42023932461337
0,-0.25486855598405256,-0.4737652868086466,0.0,-0.6266466267866334,-0.40311303933587234,-0.46879277642512046,-0.7682232531504656,-0.0772577294563654,0.29386769236329013,0.6614110041965913,0.2904688468059175,0.1253300009560651,0.21737883633590066,-0.35365221931569113,-0.3903008092882162,0,0,-0.6491301303936166,-0.701138419737611,-0.3064350249325912
0,-0.25486855598405256,-0.513395715797252,0.0,1.0297158138654732,0.31294173794225727,1.2765004518835685,-0.7682232531504656,0.8201017653648883,0.44145624059666766,0.43128652463090333,0.2904688468059175,0.2512585214964519,0.2799844172887004,-0.34063130883994164,-0.47228891858757754,0,0,-0.6491301303936166,-0.701138419737611,-0.19263072525181246
0,-0.2684521341164098,-0.407714571827638,0.0,-0.6266466267866334,-0.6077001185581951,-0.46879277642512046,0.7422420466537429,0.5637133382731015,-0.2964865005702198,0.29321183689149055,0.2145185832997472,0.4401513023070052,0.5147553458617126,-0.2364640250339432,-0.33564206975530814,0,0,-0.6491301303936166,-0.701138419737611,-0.07882642557103371
0,-0.24128497785169528,-0.2624029988694192,0.0,-0.6266466267866334,-1.119167816614002,-0.9674479845133174,-0.7682232531504656,0.3073249111813148,-0.2964865005702198,-0.07498733041361022,-0.393083524749615,0.5031155625771897,0.4834525553853038,-0.17135947265519427,-0.22632459068949295,0,0,-0.6491301303936166,-0.701138419737611,0.03497787410974503
0,-0.41787149357234,-0.20956242688461196,0.0,-0.8336919318681467,-0.1985259601135496,-0.46879277642512046,-1.1997847673802395,-0.590034583639939,-0.2964865005702198,0.06308735732580258,-0.24118299773727445,0.5503387577798414,0.6712692982437206,-0.2364640250339432,-0.15800116627335825,0,0,-0.6491301303936166,-0.701138419737611,0.14878217379052378
0,-0.41787149357234,-0.07746099692259464,0.0,-1.0407372369496601,-0.1985259601135496,-0.46879277642512046,-1.1997847673802395,-0.590034583639939,-0.0013094041034648074,-0.2590869140661606,-0.4690337882557853,0.6290440831175764,0.6869206934819251,-0.1583385621794443,-0.0486836872075426,0,0,-0.6491301303936166,-0.701138419737611,0.26258647347130254
0,-0.553707274895913,-0.20956242688461196,0.0,-1.0407372369496601,-0.6077001185581951,-0.9674479845133174,0.7422420466537429,-1.1028114378235125,-0.8868406935037297,-0.2590869140661606,-0.393083524749615,0.5031155625771897,0.3269386030032957,-0.09323400980069536,-0.1716658511565849,0,0,-0.6491301303936166,-0.701138419737611,0.3763907731520813
0,-0.5672908530282702,-0.10388128291499801,0.0,-0.8336919318681467,-1.119167816614002,-0.46879277642512046,-0.33666173892069173,-1.1028114378235125,-1.1820177899704847,-0.12101222632674781,-0.4690337882557853,0.14107106602361572,0.07651627919207912,-0.13229674122794483,-0.02135431744108881,0,0,-0.6491301303936166,-0.701138419737611,0.49019507283286007
0,-0.43145507170469727,0.0150100040508174,0.0,1.8578970341915266,-1.0168742770028405,1.2765004518835685,0.09489977530908213,-1.7437825055529794,-0.8868406935037297,-0.12101222632674781,-0.6209343152681258,-0.09504490998958938,-0.07999767318992901,-0.10625492027644534,0.10162784650795398,0,0,-0.6491301303936166,-0.701138419737611,0.6039993725136388
0,-0.594458009292985,0.16032157700903665,0.0,1.4438064240284998,-1.3237548958363246,1.0271728478394702,1.173803560883517,-1.3591998649152994,-1.1820177899704847,-0.3511367058924358,-0.3171332612434447,0.015142545483246818,-0.0017406969989249425,0.010933274005303032,0.30659811975635815,0,0,-0.6491301303936166,-0.701138419737611,0.7178036721944175
0,0.057553741060165385,0.10748100502422944,0.0,1.2367611189469865,-0.40311303933587234,-0.46879277642512046,1.6053650751132906,-0.590034583639939,0.7366333370634226,0.5693612123703161,-0.16523273423110416,-0.03208064971940494,-0.04869488271352026,-0.028129457421946422,0.16995127092408868,0,0,-0.6491301303936166,-0.701138419737611,0.8316079718751963
0,0.057553741060165385,-0.024620424937787894,0.0,0.8226705087839599,-1.119167816614002,-0.46879277642512046,0.9580228037686299,0.3073249111813148,0.44145624059666766,0.20116204506521534,-0.24118299773727445,-0.23671449559750884,-0.2052088350955284,-0.002087636470446941,0.04696910697504591,0,0,-0.6491301303936166,-0.701138419737611,0.9454122715559751
0,0.057553741060165385,0.27921286397485207,0.0,0.20153459353941988,-1.73292905428097,-0.9674479845133174,-0.33666173892069173,-0.8464230107317258,-0.8868406935037297,0.06308735732580258,-0.4690337882557853,-0.2996787558676933,-0.39302557795394527,-0.028129457421946422,0.3339274895228119,0,0,-0.6491301303936166,-0.701138419737611,1.0592165712367538
0,0.057553741060165385,0.3981041509406675,0.0,-0.005510711542093443,-1.73292905428097,0.02986243166307639,-0.33666173892069173,-0.8464230107317258,-1.1820177899704847,-0.39716160180557336,-0.4690337882557853,-0.20523236546242557,-0.22086023033373275,0.42760240922929615,0.4295802837054009,0,0,-0.6491301303936166,-0.701138419737611,1.1730208709175325
0,0.057553741060165385,0.5037852949102819,0.0,-0.21255601662360676,2.0519319113320007,-0.9674479845133174,-0.12088098180580481,-0.590034583639939,0.29386769236329013,-0.3511367058924358,-0.393083524749615,-0.15800917025977382,-0.3147686017629412,0.3364560358990477,0.6208858720705779,0,0,-0.6491301303936166,-0.701138419737611,1.2868251705983114
0,0.057553741060165385,0.6358867248722992,0.0,-0.4196013217051201,0.31294173794225727,-0.9674479845133174,0.09489977530908213,-0.0772577294563654,1.6221646264636875,-0.1670371222398854,0.7461704278429392,-0.3783840812054283,-0.45563115890674494,0.049996005432552025,0.6208858720705779,0,0,-0.6491301303936166,-0.701138419737611,1.40062947027909
0,0.057553741060165385,0.09427086202802798,0.0,-1.0407372369496601,0.006061119108773155,-0.9674479845133174,0.9580228037686299,-0.0772577294563654,0.7366333370634226,-0.1670371222398854,2.45505135673177,-0.12652704012469054,0.6243151125291075,0.049996005432552025,-1.4698109150631447,0,0,-0.6491301303936166,-0.701138419737611,1.514433769959869
0,0.057553741060165385,0.09427086202802798,0.0,-1.0407372369496601,0.006061119108773155,-0.9674479845133174,-0.7682232531504656,-0.0772577294563654,-0.0013094041034648074,-0.1670371222398854,1.2778222723861312,-0.016339584651854352,0.6556179030055163,0.049996005432552025,-1.0325409987998824,0,0,-0.6491301303936166,-0.701138419737611,1.6282380696406475
0,0.057553741060165385,-0.9097000056833039,0.0,-0.8336919318681467,-0.8122871977805178,-0.9674479845133174,0.9580228037686299,0.1791306976354214,-0.2964865005702198,0.6614110041965913,0.8221206913491095,0.5975619529824753,0.6243151125291075,-0.7312586231124351,-0.895894149967613,0,0,-0.6491301303936166,-0.40499376600475495,-1.6720866211019363
0,0.057553741060165385,-1.1210622936225318,0.0,-1.0407372369496601,0.006061119108773155,1.0271728478394702,1.173803560883517,-0.590034583639939,0.7366333370634226,0.7074359001097289,0.8221206913491095,0.5975619529824753,0.6243151125291075,-0.7442795335881848,-1.128193792982471,0,0,-0.6491301303936166,-0.40499376600475495,-1.5582823214211574
0,0.057553741060165385,-1.1871130086035404,0.0,0.6156252037024466,-0.1985259601135496,-0.9674479845133174,1.173803560883517,-0.0772577294563654,-0.5916635970369748,-0.1670371222398854,0.8980709548552798,-0.016339584651854352,0.4051955791942997,0.049996005432552025,-1.1555231627489249,0,0,-0.6491301303936166,-0.40499376600475495,-1.4444780217403788
0,0.057553741060165385,-0.9757507206643126,0.0,-0.8336919318681467,-1.5283419750586473,-0.9674479845133174,-0.33666173892069173,-0.8464230107317258,-1.4771948864372397,-0.1670371222398854,0.8980709548552798,0.4558923673745558,0.49910395062350815,0.049996005432552025,-0.9642175743837478,0,0,-0.6491301303936166,-0.40499376600475495,-1.3306737220595999
0,0.057553741060165385,-0.5530261447858572,0.0,-0.005510711542093443,-0.6077001185581951,0.02986243166307639,-1.1997847673802395,-1.1028114378235125,-0.5916635970369748,-0.1670371222398854,0.4423693738182581,0.5975619529824753,0.5617095315763079,0.049996005432552025,-0.5542770278869394,0,0,-0.6491301303936166,-0.40499376600475495,-1.2168694223788212
0,0.057553741060165385,-0.407714571827638,0.0,-1.0407372369496601,-1.3237548958363246,-0.9674479845133174,1.173803560883517,0.1791306976354214,-1.4771948864372397,0.43128652463090333,0.3664191103120878,0.566079822847392,0.5930123220527166,-0.3796940402671906,-0.4312948639378971,0,0,-0.6491301303936166,-0.40499376600475495,-1.1030651226980426
0,0.057553741060165385,-0.3416638568466293,0.0,-0.8336919318681467,-1.119167816614002,-0.7181203804692189,-0.12088098180580481,-0.0772577294563654,-1.4771948864372397,0.3392367328046281,0.4423693738182581,0.4716334324421064,0.49910395062350815,-0.24948493550969272,-0.3493067546385353,0,0,-0.6491301303936166,-0.40499376600475495,-0.9892608230172637
0,0.057553741060165385,-0.24919285587321727,0.0,0.20153459353941988,-1.3237548958363246,0.02986243166307639,-0.5524424960355787,-0.590034583639939,0.29386769236329013,-0.1670371222398854,0.3664191103120878,0.18829426122624957,0.12347046490669224,0.049996005432552025,-0.1989952209230387,0,0,-0.6491301303936166,-0.40499376600475495,-0.8754565233364849
0,0.057553741060165385,-0.27561314186562064,0.0,0.20153459353941988,-0.1985259601135496,2.024483264015864,1.8211458322281777,-1.7437825055529794,-0.0013094041034648074,-0.1670371222398854,0.2145185832997472,-0.20523236546242557,-0.12695185890452432,0.049996005432552025,-0.18533053603981203,0,0,-0.6491301303936166,-0.40499376600475495,-0.7616522236557063
0,0.057553741060165385,-0.31524357085422594,0.0,-1.0407372369496601,-0.6077001185581951,1.2765004518835685,-1.1997847673802395,0.5637133382731015,-0.5916635970369748,1.1216599633279674,0.8980709548552798,0.2669995865639846,0.3269386030032957,-0.35365221931569113,-0.2809833302224006,0,0,-0.6491301303936166,-0.40499376600475495,-0.6478479239749275
0,0.057553741060165385,-0.3548739998428312,0.0,-0.005510711542093443,0.7221158963869028,0.2791900357071748,-0.9840040102653526,1.5892670466402488,0.29386769236329013,0.7074359001097289,0.5942699008305986,0.5975619529824753,0.6399665077673119,-0.3796940402671906,-0.3493067546385353,0,0,-0.6491301303936166,-0.40499376600475495,-0.5340436242941488
0,0.057553741060165385,-0.2227725698808139,0.0,-0.005510711542093443,-0.6077001185581951,-0.9674479845133174,-0.12088098180580481,-0.0772577294563654,-0.2964865005702198,0.7534607960228665,0.6702201643367689,0.692008343387761,0.6869206934819251,-0.1453176517036948,-0.15800116627335825,0,0,-0.6491301303936166,-0.40499376600475495,-0.42023932461337
0,0.057553741060165385,-0.20956242688461196,0.0,-0.21255601662360676,-1.119167816614002,1.2765004518835685,0.09489977530908213,-0.590034583639939,-1.1820177899704847,1.029610171501692,0.4423693738182581,0.7549726036579454,0.7808290649111157,-0.44479859264593957,-0.1443364813901311,0,0,-0.6491301303936166,-0.40499376600475495,-0.3064350249325912
0,0.057553741060165385,-0.20956242688461196,0.0,1.4438064240284998,-1.119167816614002,1.7751556599717655,1.8211458322281777,-1.1028114378235125,-0.8868406935037297,0.6153861082834537,-0.0892824707249339,0.566079822847392,0.5617095315763079,-0.6010495183549374,-0.07601305697399639,0,0,-0.6491301303936166,-0.40499376600475495,-0.19263072525181246
0,0.057553741060165385,-0.1831421408922086,0.0,-1.0407372369496601,0.9267029756092254,-0.9674479845133174,-1.1997847673802395,-1.1028114378235125,-0.8868406935037297,-0.02896243450047262,-0.3171332612434447,0.5503387577798414,0.5617095315763079,-0.21042220408244372,-0.08967774185722353,0,0,-0.6491301303936166,-0.40499376600475495,-0.07882642557103371
0,0.057553741060165385,-0.3945044288314365,0.0,-0.21255601662360676,-0.6077001185581951,-0.9674479845133174,-0.9840040102653526,-0.590034583639939,-1.4771948864372397,-0.213062018153023,-0.24118299773727445,0.5975619529824753,0.6243151125291075,-0.31458948788844165,-0.3493067546385353,0,0,-0.6491301303936166,-0.40499376600475495,0.03497787410974503
0,0.057553741060165385,-0.42092471482383986,0.0,-0.21255601662360676,-2.244396752336777,1.2765004518835685,-0.33666173892069173,-0.8464230107317258,-0.8868406935037297,0.017062461412664976,0.4423693738182581,0.5503387577798414,0.6399665077673119,-0.4708404135974395,-0.44495954882112376,0,0,-0.6491301303936166,-0.40499376600475495,0.14878217379052378
0,0.057553741060165385,-0.1699319978960067,0.0,-0.6266466267866334,-1.73292905428097,-0.46879277642512046,0.9580228037686299,-1.1028114378235125,-1.9199605311373722,0.24718694097835295,0.2904688468059175,0.42441023723945465,0.5617095315763079,-0.06719218884919588,-0.10334242674045017,0,0,-0.6491301303936166,-0.40499376600475495,0.26258647347130254
0,0.057553741060165385,-0.2624029988694192,0.0,-1.0407372369496601,-1.73292905428097,1.2765004518835685,-0.33666173892069173,-1.1028114378235125,-1.1820177899704847,0.43128652463090333,0.4423693738182581,0.487374497509657,0.5930123220527166,-0.2755267564611927,-0.18533053603981203,0,0,-0.6491301303936166,-0.40499376600475495,0.3763907731520813
0,0.057553741060165385,-0.3680841428390327,0.0,1.650851729110013,-1.3237548958363246,-0.46879277642512046,-1.1997847673802395,-0.8464230107317258,-2.510314724070882,0.6614110041965913,0.8980709548552798,0.5031155625771897,0.608663717290921,-0.30156857741269216,-0.2809833302224006,0,0,-0.6491301303936166,-0.40499376600475495,0.49019507283286007
0,-0.10544919652812232,-0.7247580037364798,0.0,1.650851729110013,-0.6077001185581951,-0.9674479845133174,1.6053650751132906,-1.3591998649152994,-0.0013094041034648074,0.5693612123703161,1.505673062904642,0.14107106602361572,0.34258999824150005,-0.35365221931569113,-0.663594506952755,0,1,-0.6491301303936166,-0.40499376600475495,0.6039993725136388
0,0.15263878798666636,-0.7247580037364798,0.0,1.8578970341915266,-1.9375161335032929,1.525828055927667,0.31068053242396904,-1.3591998649152994,-1.6247834346706171,2.41035704889582,2.037324907447834,0.14107106602361572,0.15477325538308317,-0.5619867869276879,-0.8275707255514783,1,0,-0.6491301303936166,-0.40499376600475495,0.7178036721944175
0,-0.6759594780871288,-0.50018557280105,0.0,0.4085798986209332,-1.3237548958363246,-0.9674479845133174,0.09489977530908213,-2.256559359736553,-0.8868406935037297,1.8580582979381688,0.6702201643367689,0.2669995865639846,0.2486816268122916,-0.796363175491184,-0.41763017905467,0,0,-0.6491301303936166,-0.40499376600475495,0.8316079718751963
0,-0.8117952594107016,-0.1699319978960067,0.0,-0.4196013217051201,-1.73292905428097,-0.9674479845133174,1.6053650751132906,-0.0772577294563654,-0.8868406935037297,-0.1670371222398854,0.2904688468059175,-0.016339584651854352,0.3269386030032957,0.049996005432552025,-0.06234837209076925,0,0,-0.6491301303936166,-0.40499376600475495,0.9454122715559751
0,-0.6216251655576994,0.08106071903182606,0.0,-0.4196013217051201,-0.6077001185581951,-0.46879277642512046,-0.5524424960355787,-1.4873940784611928,-0.2964865005702198,0.7074359001097289,0.13856831979357695,0.21977639136135074,0.013910698239279429,-0.35365221931569113,0.18361595580731535,0,1,-0.6491301303936166,-0.40499376600475495,1.0592165712367538
0,0.1798059442513811,-0.9361202916757073,0.0,2.06494233927304,0.21064819833109588,-0.21946517238102203,1.6053650751132906,-1.1028114378235125,1.0318104335301777,2.5484317366352327,2.4170762249786852,-0.11078597505713997,0.07651627919207912,-0.6140704288306869,-0.895894149967613,1,0,-0.6491301303936166,-0.40499376600475495,1.1730208709175325
0,-0.8661295719401308,-0.9889608636605145,0.0,2.06494233927304,-1.119167816614002,-0.9674479845133174,2.036926589343065,-2.256559359736553,-2.2151376276041272,1.5358840265462057,0.9740212183614501,0.21977639136135074,0.38954418395609536,-0.8224049964426837,-0.9778822592669749,0,0,-0.6491301303936166,-0.40499376600475495,1.2868251705983114
0,-0.9612146188666318,-1.0285912926491194,0.0,-0.8336919318681467,-1.73292905428097,1.2765004518835685,-0.12088098180580481,-1.1028114378235125,-1.1820177899704847,1.489859130633068,0.9740212183614501,0.5503387577798414,0.5930123220527166,-1.0046977431031805,-1.0188763139166552,0,0,-0.6491301303936166,-0.40499376600475495,1.40062947027909
0,-0.825378837543059,-0.6190768597668659,0.0,-1.0407372369496601,-1.5283419750586473,-0.46879277642512046,0.31068053242396904,-0.590034583639939,-0.8868406935037297,1.1676848592411049,0.5183196373244283,0.39292810710437137,0.3582413934797044,-0.8093840859669337,-0.5132829732372585,0,0,-0.6491301303936166,-0.40499376600475495,1.514433769959869
0,-0.825378837543059,-1.002171006656716,0.0,1.2367611189469865,-0.8122871977805178,1.7751556599717655,2.036926589343065,0.3073249111813148,-0.2964865005702198,1.1216599633279674,0.8221206913491095,0.14107106602361572,0.29563581252690474,-0.9656350116759312,-0.9232235197340668,0,0,-0.6491301303936166,-0.40499376600475495,1.6282380696406475
0,-1.3823055409697083,-1.2399535805883473,0.0,1.2367611189469865,-0.6077001185581951,1.0271728478394702,0.526461289538856,-1.1028114378235125,-0.0013094041034648074,1.5358840265462057,0.6702201643367689,0.692008343387761,0.718223483958316,-1.408345967851424,-1.1965172173986056,0,0,-0.6491301303936166,-0.40499376600475495,1.7420423693214264
0,-1.5045577441609237,-1.2135332945959438,0.0,-0.8336919318681467,-0.8122871977805178,-0.46879277642512046,-1.1997847673802395,-0.590034583639939,-0.2964865005702198,1.4438342347199304,0.8221206913491095,0.8336779289956804,0.9842972030077369,-1.3432414154726753,-1.1555231627489249,0,0,-0.6491301303936166,-0.10884911227189885,-1.6720866211019363
0,-1.1106339783225623,-1.094642007630128,0.0,-0.8336919318681467,-1.119167816614002,-0.46879277642512046,0.7422420466537429,-0.8464230107317258,-1.6247834346706171,1.3517844428936552,0.7461704278429392,0.8179368639281298,0.8747374363403241,-1.2781368630939263,-1.0325409987998824,0,0,-0.6491301303936166,-0.10884911227189885,-1.5582823214211574
0,-1.0698832439254904,-1.1606927226111365,0.0,-0.6266466267866334,-1.0168742770028405,1.2765004518835685,-1.1997847673802395,-0.8464230107317258,-0.0013094041034648074,1.3057595469805177,0.7461704278429392,0.8021957988605971,0.8434346458639331,-1.3302205049969251,-1.182852532515379,0,0,-0.6491301303936166,-0.10884911227189885,-1.4444780217403788
0,-1.1106339783225623,-1.2399535805883473,0.0,-0.6266466267866334,-0.1985259601135496,-0.46879277642512046,-1.1997847673802395,-0.33364615654815216,-0.0013094041034648074,1.2597346510673801,0.5942699008305986,1.242945620751906,1.281673712533549,-1.3432414154726753,-1.2648406418147404,0,0,-0.6491301303936166,-0.10884911227189885,-1.3306737220595999
0,-0.8797131500724882,-1.3060042955693558,0.0,0.8226705087839599,0.51752881716458,-0.46879277642512046,-0.7682232531504656,0.3073249111813148,1.0318104335301777,1.029610171501692,1.4297227993984716,1.4475794666300101,1.594701617297565,-1.0828232059576794,-1.3604934359973289,0,0,-0.6491301303936166,-0.10884911227189885,-1.2168694223788212
0,-1.1242175564549193,-1.3060042955693558,0.0,-1.0407372369496601,0.9267029756092254,-0.46879277642512046,-0.7682232531504656,0.5637133382731015,1.3269875299969325,1.1216599633279674,0.7461704278429392,1.730918637845849,1.8138211506323907,-1.291157773569676,-1.2785053266979676,0,0,-0.6491301303936166,-0.10884911227189885,-1.1030651226980426
0,-0.9747981969989893,-1.3852651535465665,0.0,-1.0407372369496601,0.7221158963869028,-0.46879277642512046,-0.7682232531504656,0.3073249111813148,1.0318104335301777,1.3057595469805177,0.7461704278429392,1.8411060933186851,1.9703351030143987,-1.3171995945211754,-1.3468287511141022,0,0,-0.6491301303936166,-0.10884911227189885,-0.9892608230172637
0,-1.3687219628373508,-1.4248955825351712,0.0,-1.0407372369496601,0.7221158963869028,1.2765004518835685,0.7422420466537429,-0.0772577294563654,1.3269875299969325,0.9835852755885545,0.5183196373244283,1.7781418330485186,1.8607753363469859,-1.4343877888029237,-1.3604934359973289,0,0,-0.6491301303936166,-0.10884911227189885,-0.8754565233364849
0,-1.2328861815137777,-1.4248955825351712,0.0,-1.0407372369496601,0.21064819833109588,-0.46879277642512046,-0.7682232531504656,0.3073249111813148,0.29386769236329013,1.1216599633279674,1.2778222723861312,1.4160973364949088,1.328627898248144,-1.4474086992786734,-1.4698109150631447,0,0,-0.6491301303936166,-0.10884911227189885,-0.7616522236557063
0,-1.2464697596461354,-1.5305767265047852,0.0,-0.8336919318681467,0.21064819833109588,-0.9674479845133174,-0.9840040102653526,0.8201017653648883,0.29386769236329013,0.8455105878491417,0.4423693738182581,0.9123832543334154,0.6869206934819251,-1.538555072608922,-1.565463709245733,0,0,-0.6491301303936166,-0.10884911227189885,-0.6478479239749275
0,-1.7626457286757125,-1.2531637235845492,0.0,0.6156252037024466,0.9267029756092254,1.525828055927667,0.09489977530908213,-0.8464230107317258,-0.2964865005702198,0.5233363164571785,-0.16523273423110416,0.17255319615871687,0.1391218601448966,-1.7208478192694188,-1.2785053266979676,0,0,-0.6491301303936166,-0.10884911227189885,-0.5340436242941488
0,-1.0427160876607757,-1.5173665835085839,0.0,1.0297158138654732,0.006061119108773155,1.0271728478394702,1.173803560883517,0.1791306976354214,1.0318104335301777,0.9375603796754168,1.7335238534231527,0.09384787082098185,0.38954418395609536,-1.2651159526181763,-1.5381343394792792,0,0,-0.6491301303936166,-0.10884911227189885,-0.42023932461337
0,-1.4773905878962093,-1.6494680134706012,0.0,1.2367611189469865,-0.1985259601135496,1.0271728478394702,0.526461289538856,-0.33364615654815216,-0.0013094041034648074,0.9835852755885545,0.9740212183614501,0.8809011241983321,1.1095083649133364,-1.4994923411816725,-1.6474518185450948,0,0,-0.6491301303936166,-0.10884911227189885,-0.3064350249325912
0,-1.6268099473521396,-1.8079897294250218,0.0,1.0297158138654732,0.006061119108773155,1.525828055927667,0.9580228037686299,0.1791306976354214,0.29386769236329013,0.8455105878491417,1.2778222723861312,1.4790615967651113,1.6103530125357695,-1.3302205049969251,-1.7977633522605914,0,0,-0.6491301303936166,-0.10884911227189885,-0.19263072525181246
0,-1.3415548065726364,-1.7287288714478113,0.0,1.0297158138654732,-0.6077001185581951,1.2765004518835685,0.9580228037686299,-0.33364615654815216,-0.0013094041034648074,0.38526162871776576,0.8221206913491095,1.652213312508114,1.7668669649177597,-1.3041786840454257,-1.7157752429612296,0,0,-0.6491301303936166,-0.10884911227189885,-0.07882642557103371
0,-1.42305627536678,-1.6626781564668025,0.0,-1.0407372369496601,0.31294173794225727,-0.46879277642512046,-1.1997847673802395,-0.0772577294563654,1.6221646264636875,1.1216599633279674,0.8980709548552798,1.8411060933186851,1.8764267315851726,-1.6166805354634206,-1.6474518185450948,0,0,-0.6491301303936166,-0.10884911227189885,0.03497787410974503
0,-1.5453084785579958,-1.4248955825351712,0.0,-1.0407372369496601,0.006061119108773155,-0.46879277642512046,-1.1997847673802395,-0.0772577294563654,1.0318104335301777,1.2597346510673801,0.4423693738182581,1.7938828981160513,1.6573071982503647,-1.65574326689067,-1.4014874906470098,0,0,-0.6491301303936166,-0.10884911227189885,0.14878217379052378
0,-1.694727838013926,-1.4645260115237766,0.0,-0.21255601662360676,-0.40311303933587234,1.2765004518835685,1.8211458322281777,-0.590034583639939,-1.6247834346706171,1.2597346510673801,0.4423693738182581,1.3531330762247422,1.1877653411043403,-1.7208478192694188,-1.4288168604134637,0,0,-0.6491301303936166,-0.10884911227189885,0.26258647347130254
0,-1.0427160876607757,-0.8700695766946986,0.0,1.650851729110013,-0.6077001185581951,1.0271728478394702,1.6053650751132906,-1.7437825055529794,0.29386769236329013,0.6614110041965913,-0.01333220721876361,0.6133030180500258,0.6869206934819251,-1.473450520230173,-0.8412354104347054,0,0,-0.6491301303936166,-0.10884911227189885,0.3763907731520813
0,-1.5045577441609237,-0.9625405776681106,0.0,-0.8336919318681467,-1.9375161335032929,1.525828055927667,0.09489977530908213,-1.3591998649152994,-1.4771948864372397,0.4773114205440409,-0.3171332612434447,0.9753475146035998,1.062554179198741,-1.4474086992786734,-0.9915469441502015,0,0,-0.6491301303936166,-0.10884911227189885,0.49019507283286007
0,-1.5860592129550677,-0.6454971457592692,0.0,-0.005510711542093443,-0.1985259601135496,1.2765004518835685,1.8211458322281777,-0.590034583639939,-0.0013094041034648074,0.4773114205440409,-0.16523273423110416,1.0697939050088854,1.0155999934841278,-1.239074131666677,-0.5542770278869394,0,0,-0.6491301303936166,-0.10884911227189885,0.6039993725136388
0,-1.4909741660285665,-0.302033427858024,0.0,1.8578970341915266,0.51752881716458,1.525828055927667,2.036926589343065,-1.7437825055529794,0.7366333370634226,0.5233363164571785,-0.01333220721876361,0.6762672783202103,0.49910395062350815,-1.3041786840454257,-0.21265990580626581,0,0,-0.6491301303936166,-0.10884911227189885,0.7178036721944175
0,-0.49937296236648376,-1.9004607303984338,0.0,0.6156252037024466,-0.1985259601135496,1.7751556599717655,0.526461289538856,0.8201017653648883,-0.5916635970369748,-0.3511367058924358,0.4423693738182581,0.9753475146035998,1.438187664915557,-0.9265722802486819,-1.852422091793499,0,0,-0.6491301303936166,-0.10884911227189885,0.8316079718751963
0,-0.9747981969989893,-1.6362578704743993,0.0,0.8226705087839599,-1.0168742770028405,1.525828055927667,-0.7682232531504656,-0.33364615654815216,-0.5916635970369748,0.6153861082834537,0.5942699008305986,1.5577669221028463,1.594701617297565,-1.3823041468999244,-1.6474518185450948,0,0,-0.6491301303936166,-0.10884911227189885,0.9454122715559751
0,-1.9392322443963574,-1.451315868527575,0.0,-1.0407372369496601,-1.0168742770028405,1.2765004518835685,-1.1997847673802395,-1.1028114378235125,-0.5916635970369748,1.2597346510673801,0.5183196373244283,1.7151775727783163,1.782518360155982,-1.6166805354634206,-1.3878228057637831,0,0,-0.6491301303936166,-0.10884911227189885,1.0592165712367538
0,-1.9663994006610719,-1.1210622936225318,0.0,0.8226705087839599,-1.3237548958363246,-0.9674479845133174,-0.5524424960355787,-1.4873940784611928,-0.8868406935037297,1.3057595469805177,-0.4690337882557853,1.4475794666300101,1.2973251077717531,-1.6166805354634206,-1.0598703685663362,0,0,-0.6491301303936166,-0.10884911227189885,1.1730208709175325
0,-1.9528158225287147,-0.8700695766946986,0.0,1.650851729110013,1.3358771340538709,0.5285176397512733,1.6053650751132906,-1.3591998649152994,1.6221646264636875,0.5693612123703161,-0.16523273423110416,0.40866917217192195,0.2486816268122916,-1.7599105506966684,-0.8002413557850245,0,0,-0.6491301303936166,-0.10884911227189885,1.2868251705983114
0,-2.1565694945140743,-1.7815694434326184,0.0,1.2367611189469865,-0.1985259601135496,2.024483264015864,1.173803560883517,-1.4873940784611928,-0.0013094041034648074,0.7534607960228665,0.5942699008305986,1.0225707098062515,1.172113945866136,-1.733868729745169,-1.7704339824941373,0,0,-0.6491301303936166,-0.10884911227189885,1.40062947027909
0,-2.0750680257199305,-1.7551491574402147,0.0,1.0297158138654732,-0.8122871977805178,1.0271728478394702,0.9580228037686299,-1.3591998649152994,-0.2964865005702198,1.489859130633068,0.9740212183614501,1.4318384015624774,1.6260044077739737,-1.9942869392601645,-1.7840986673773644,0,0,-0.6491301303936166,-0.10884911227189885,1.514433769959869
0,-2.1294023382493594,-1.5834172984895925,0.0,-1.0407372369496601,0.21064819833109588,-0.46879277642512046,-1.1997847673802395,-0.590034583639939,1.0318104335301777,1.1676848592411049,0.5183196373244283,1.8568471583862536,1.9859864982525854,-1.6948059983179193,-1.6201224487786412,0,0,-0.6491301303936166,-0.10884911227189885,1.6282380696406475
0,-1.6811442598815687,-1.6098375844819959,0.0,-0.6266466267866334,0.21064819833109588,-0.9674479845133174,-1.1997847673802395,-0.0772577294563654,0.7366333370634226,1.2137097551542424,0.5183196373244283,2.092963134399459,2.126849055396407,-1.7468896402209186,-1.5927930790121874,0,0,-0.6491301303936166,0.18729554146095725,-1.6720866211019363
0,-1.6403935254844968,-1.5173665835085839,0.0,-1.0407372369496601,0.006061119108773155,-0.46879277642512046,-0.9840040102653526,-0.33364615654815216,0.44145624059666766,0.8455105878491417,-0.01333220721876361,1.6836954426432151,1.4068848744391482,-1.772931461172418,-1.4698109150631447,0,0,-0.6491301303936166,0.18729554146095725,-1.5582823214211574
0,-2.061484447587573,-1.2663738665807507,0.0,0.4085798986209332,-1.73292905428097,1.525828055927667,1.8211458322281777,-1.1028114378235125,-1.6247834346706171,0.7074359001097289,-0.16523273423110416,0.9438653844685165,0.8121318553875244,-1.9161614764056656,-1.2101819022818328,0,0,-0.6491301303936166,0.18729554146095725,-1.4444780217403788
0,-2.020733713190501,-1.1474825796149353,0.0,-0.6266466267866334,-1.3237548958363246,1.0271728478394702,-0.9840040102653526,-0.590034583639939,-0.8868406935037297,0.20116204506521534,-0.393083524749615,1.054052839941335,1.1564625506279493,-1.7859523716481678,-1.0462056836831095,0,0,-0.6491301303936166,0.18729554146095725,-1.3306737220595999
0,-1.7626457286757125,-1.3060042955693558,0.0,-1.0407372369496601,-1.119167816614002,1.2765004518835685,-0.7682232531504656,-0.33364615654815216,-0.8868406935037297,0.8455105878491417,0.4423693738182581,1.4633205316975786,1.6260044077739737,-1.356262325948425,-1.2511759569315137,0,0,-0.6491301303936166,0.18729554146095725,-1.2168694223788212
0,-1.9935665569257863,-1.1606927226111365,0.0,-0.8336919318681467,-1.5283419750586473,1.2765004518835685,-1.1997847673802395,-1.3591998649152994,-1.1820177899704847,0.7534607960228665,-0.0892824707249339,1.2744277508870072,1.1251597601515406,-1.707826908793669,-1.2648406418147404,0,0,-0.6491301303936166,0.18729554146095725,-1.1030651226980426
0,-2.1294023382493594,-0.9757507206643126,0.0,0.20153459353941988,0.006061119108773155,1.525828055927667,0.31068053242396904,-1.3591998649152994,0.7366333370634226,0.3392367328046281,-0.6209343152681258,0.487374497509657,0.17042465062128756,-1.9552242078329152,-0.9095588348508401,0,0,-0.6491301303936166,0.18729554146095725,-0.9892608230172637
0,-1.8848979318669281,-0.896489862687102,0.0,1.650851729110013,1.5404642132761937,0.7778452437953717,1.8211458322281777,-0.590034583639939,1.9173417229304426,-0.39716160180557336,0.13856831979357695,-0.5357947318808984,-0.5025853446213403,-1.2781368630939263,-0.8412354104347054,0,0,-0.6491301303936166,0.18729554146095725,-0.8754565233364849
0,-1.4366398534991374,-1.8344100154174252,0.0,0.6156252037024466,0.21064819833109588,1.0271728478394702,1.173803560883517,-0.8464230107317258,-0.0013094041034648074,0.15513714915207777,0.5183196373244283,0.31422278176663637,0.6869206934819251,-1.473450520230173,-1.8387574069102721,0,0,-0.6491301303936166,0.18729554146095725,-0.7616522236557063
0,-2.2244873851758604,-1.7419390144440132,0.0,-0.8336919318681467,-0.6077001185581951,1.2765004518835685,-1.1997847673802395,-0.8464230107317258,-1.9199605311373722,0.799485691936004,0.5183196373244283,1.0225707098062515,1.0469027839605367,-1.9291823868814157,-1.7294399278444568,0,0,-0.6491301303936166,0.18729554146095725,-0.6478479239749275
0,-2.0479008694552157,-1.2663738665807507,0.0,0.4085798986209332,-1.73292905428097,-0.46879277642512046,0.31068053242396904,-0.590034583639939,-1.1820177899704847,0.4773114205440409,-0.01333220721876361,0.7392315385903948,0.8590860411021197,-1.7989732821239177,-1.2238465871650595,0,0,-0.6491301303936166,0.18729554146095725,-0.5340436242941488
0,-1.9528158225287147,-1.1739028656073385,0.0,-0.6266466267866334,-1.0168742770028405,1.2765004518835685,-1.1997847673802395,-0.0772577294563654,-0.2964865005702198,0.3392367328046281,-0.393083524749615,1.1012760351439688,1.2034167363425448,-1.6948059983179193,-1.1145291080992443,0,0,-0.6491301303936166,0.18729554146095725,-0.42023932461337
0,-0.8797131500724882,-2.4684968792351083,0.0,-0.8336919318681467,0.21064819833109588,-0.46879277642512046,-0.9840040102653526,-0.590034583639939,0.7366333370634226,0.24718694097835295,2.45505135673177,1.2586866858194388,1.4538390601537612,-1.3692832364241747,-2.8089500336193853,0,1,-0.6491301303936166,0.18729554146095725,-0.3064350249325912
0,-1.015548931396061,-1.887250587402232,0.0,-1.0407372369496601,-1.73292905428097,-0.9674479845133174,0.09489977530908213,-0.8464230107317258,-1.4771948864372397,2.364332152982682,2.45505135673177,0.770713668725496,0.7025720887201116,-1.707826908793669,-2.0163983103922223,1,0,-0.6491301303936166,0.18729554146095725,-0.19263072525181246
0,-1.5724756348227102,-1.3324245815617592,0.0,1.650851729110013,-0.40311303933587234,-0.9674479845133174,1.173803560883517,-2.256559359736553,0.29386769236329013,2.364332152982682,0.5942699008305986,0.3614459769692702,0.6869206934819251,-1.5125132516574222,-1.3058346964644214,0,0,-0.6491301303936166,0.18729554146095725,-0.07882642557103371
0,-2.0343172913228584,-1.3324245815617592,0.0,-0.6266466267866334,-1.5283419750586473,1.0271728478394702,-0.7682232531504656,-1.1028114378235125,-1.6247834346706171,0.799485691936004,0.06261805628740667,1.1012760351439688,1.281673712533549,-1.8250151030754171,-1.4014874906470098,0,0,-0.6491301303936166,0.18729554146095725,0.03497787410974503
0,-1.5996427910874247,-1.3324245815617592,0.0,0.8226705087839599,0.21064819833109588,-0.9674479845133174,0.7422420466537429,-1.1028114378235125,0.7366333370634226,0.4773114205440409,0.2145185832997472,1.5105437269002124,1.7199127792031643,-1.525534162133172,-1.2921700115811943,0,0,-0.6491301303936166,0.18729554146095725,0.14878217379052378
0,-0.9340474626019174,-1.8608303014098286,0.0,-0.8336919318681467,0.31294173794225727,-0.9674479845133174,-1.1997847673802395,0.1791306976354214,1.0318104335301777,1.2137097551542424,1.6575735899169826,1.573507987170379,1.6260044077739737,-1.4343877888029237,-1.8387574069102721,0,0,-0.6491301303936166,0.18729554146095725,0.26258647347130254
0,-0.7574609468812724,-1.8211998724212233,0.0,-1.0407372369496601,-0.6077001185581951,-0.9674479845133174,0.7422420466537429,-0.33364615654815216,-0.8868406935037297,0.8455105878491417,0.9740212183614501,1.2272045556843734,1.2660223172953444,-1.3823041468999244,-1.7294399278444568,0,0,-0.6491301303936166,0.18729554146095725,0.3763907731520813
0,-1.0970504001902048,-0.9757507206643126,0.0,0.20153459353941988,-1.3237548958363246,-0.46879277642512046,0.09489977530908213,-0.33364615654815216,-1.1820177899704847,0.06308735732580258,-0.0892824707249339,0.7549726036579454,0.718223483958316,-1.3953250573756741,-0.9368882046172939,0,0,-0.6491301303936166,0.18729554146095725,0.49019507283286007
0,-1.3687219628373508,-0.6851275747478746,0.0,1.8578970341915266,-0.40311303933587234,1.2765004518835685,2.036926589343065,-0.590034583639939,0.29386769236329013,0.38526162871776576,0.13856831979357695,0.6133030180500258,0.7495262744347247,-1.3953250573756741,-0.7182532464856627,0,0,-0.6491301303936166,0.18729554146095725,0.6039993725136388
0,-0.9476310407342746,-0.31524357085422594,0.0,0.20153459353941988,0.006061119108773155,1.2765004518835685,0.31068053242396904,-1.4873940784611928,1.3269875299969325,0.38526162871776576,0.06261805628740667,0.4401513023070052,0.2017274410976963,-0.8875095488214326,-0.44495954882112376,0,1,-0.6491301303936166,0.18729554146095725,0.7178036721944175
0,-0.5401236967635558,-1.0682217216377246,0.0,2.06494233927304,1.1312900548315483,-0.9674479845133174,1.6053650751132906,-2.256559359736553,1.6221646264636875,2.042157881590719,0.8980709548552798,0.09384787082098185,0.17042465062128756,-0.8093840859669337,-1.1008644232160172,1,0,-0.6491301303936166,0.18729554146095725,0.8316079718751963
0,-2.061484447587573,-1.398475296542768,0.0,1.4438064240284998,-0.8122871977805178,2.024483264015864,0.31068053242396904,-1.7437825055529794,0.44145624059666766,1.397809338806793,0.3664191103120878,0.42441023723945465,0.4834525553853038,-1.7859523716481678,-1.374158120880556,0,0,-0.6491301303936166,0.18729554146095725,0.9454122715559751
0,-2.0479008694552157,-1.3588448675541627,0.0,0.8226705087839599,-1.73292905428097,-0.9674479845133174,-1.1997847673802395,-2.256559359736553,-1.1820177899704847,1.0756350674148296,0.2145185832997472,1.1799813604817038,1.328627898248144,-1.733868729745169,-1.3468287511141022,0,0,-0.6491301303936166,0.18729554146095725,1.0592165712367538
0,-1.2193026033814205,-0.7643884327250846,0.0,-0.8336919318681467,-0.6077001185581951,-0.9674479845133174,-0.33666173892069173,0.3073249111813148,-0.8868406935037297,0.43128652463090333,0.06261805628740667,1.5892490522379474,1.5633988268211563,-1.3432414154726753,-0.7729119860185707,0,0,-0.6491301303936166,0.18729554146095725,1.1730208709175325
0,-1.3279712284402787,-0.5266058587934538,0.0,2.06494233927304,-0.40311303933587234,1.2765004518835685,1.8211458322281777,-1.1028114378235125,0.29386769236329013,0.7074359001097289,-0.24118299773727445,1.368874141292275,1.281673712533549,-1.2520950421424266,-0.5132829732372585,0,0,-0.6491301303936166,0.18729554146095725,1.2868251705983114
0,-1.3823055409697083,-0.43413485782004135,0.0,1.8578970341915266,-1.3237548958363246,1.7751556599717655,1.8211458322281777,-1.1028114378235125,-1.1820177899704847,0.06308735732580258,-0.393083524749615,0.9910885796711505,0.9686458077695326,-0.913551369772932,-0.29464801510562766,0,0,-0.6491301303936166,0.18729554146095725,1.40062947027909
0,-1.0970504001902048,-0.5398160017896553,0.0,-0.6266466267866334,-1.3237548958363246,-0.9674479845133174,0.7422420466537429,-2.256559359736553,-1.4771948864372397,-0.3051118099792982,-0.6209343152681258,1.1484992303466384,1.219068131580749,-0.8875095488214326,-0.5816063976533932,0,0,-0.6491301303936166,0.18729554146095725,1.514433769959869
0,-1.2193026033814205,-0.5530261447858572,0.0,-1.0407372369496601,-1.3237548958363246,1.2765004518835685,0.09489977530908213,-0.8464230107317258,-1.1820177899704847,-0.12101222632674781,-0.5449840517619555,1.13275816527907,0.9842972030077369,-0.9265722802486819,-0.40396549417144284,0,0,-0.6491301303936166,0.18729554146095725,1.6282380696406475
0,-1.2193026033814205,-0.46055514381244517,0.0,1.650851729110013,-0.40311303933587234,1.7751556599717655,2.036926589343065,-0.590034583639939,0.7366333370634226,-0.39716160180557336,-0.4690337882557853,0.5503387577798414,0.5930123220527166,-0.6010495183549374,-0.40396549417144284,0,0,-0.6491301303936166,0.18729554146095725,1.7420423693214264
0,-1.287220494043207,-1.4645260115237766,0.0,-1.0407372369496601,-0.6077001185581951,1.2765004518835685,0.7422420466537429,0.1791306976354214,-0.0013094041034648074,1.1216599633279674,0.9740212183614501,1.4003562714273763,1.4068848744391482,-1.291157773569676,-1.5244696545960525,0,0,-0.6491301303936166,0.48344019519381337,-1.6720866211019363
0,-1.4366398534991374,-1.504156440512382,0.0,-1.0407372369496601,0.7221158963869028,-0.9674479845133174,-1.1997847673802395,0.5637133382731015,0.7366333370634226,0.38526162871776576,0.2904688468059175,1.5105437269002124,1.4851418506301521,-1.4604296097544232,-1.5517990243625064,0,0,-0.6491301303936166,0.48344019519381337,-1.5582823214211574
0,-1.5724756348227102,-1.5305767265047852,0.0,0.8226705087839599,-0.6077001185581951,-0.9674479845133174,-0.7682232531504656,-0.0772577294563654,0.29386769236329013,-0.1670371222398854,-0.24118299773727445,1.7466597029134174,1.8607753363469859,-1.5645968935604215,-1.5108049697128254,0,0,-0.6491301303936166,0.48344019519381337,-1.4444780217403788
0,-1.7218949942786406,-1.5173665835085839,0.0,0.8226705087839599,0.21064819833109588,-0.46879277642512046,-0.7682232531504656,-0.33364615654815216,0.7366333370634226,-0.3511367058924358,-0.3171332612434447,2.1874095248047265,2.2207574268255974,-1.603659624987671,-1.5108049697128254,0,0,-0.6491301303936166,0.48344019519381337,-1.3306737220595999
0,-1.6403935254844968,-1.3852651535465665,0.0,0.8226705087839599,0.006061119108773155,1.2765004518835685,-0.7682232531504656,0.1791306976354214,0.7366333370634226,-0.443186497718711,-0.3171332612434447,2.407784435750399,2.3303171934930105,-1.65574326689067,-1.4288168604134637,0,0,-0.6491301303936166,0.48344019519381337,-1.2168694223788212
0,-1.287220494043207,-1.015381149652918,0.0,-1.0407372369496601,0.31294173794225727,-0.46879277642512046,-0.7682232531504656,0.8201017653648883,1.0318104335301777,-0.3511367058924358,0.13856831979357695,2.0614810042643574,1.9546837077761765,-1.291157773569676,-0.9232235197340668,0,0,-0.6491301303936166,0.48344019519381337,-1.1030651226980426
0,-0.9476310407342746,-0.7379681467326813,0.0,-0.8336919318681467,0.31294173794225727,1.525828055927667,-0.9840040102653526,-1.1028114378235125,0.44145624059666766,0.43128652463090333,0.2145185832997472,1.7938828981160513,1.6260044077739737,-1.3692832364241747,-0.6772591918359817,0,0,-0.6491301303936166,0.48344019519381337,-0.9892608230172637
0,-0.5401236967635558,-0.7511782897288832,0.0,-0.8336919318681467,-0.1985259601135496,-0.46879277642512046,-1.1997847673802395,-0.590034583639939,-0.0013094041034648074,-0.3051118099792982,-0.4690337882557853,1.5577669221028463,1.5790502220593607,-0.7182377126366852,-0.6772591918359817,0,0,-0.6491301303936166,0.48344019519381337,-0.8754565233364849
0,-1.3687219628373508,-0.7115478607402779,0.0,-1.0407372369496601,-0.40311303933587234,1.2765004518835685,0.9580228037686299,-0.590034583639939,0.29386769236329013,-0.443186497718711,-0.393083524749615,1.6679543775756824,1.6886099887267556,-0.9786559221516811,-0.6772591918359817,0,0,-0.6491301303936166,0.48344019519381337,-0.7616522236557063
0,-1.2464697596461354,-0.7247580037364798,0.0,-0.6266466267866334,0.21064819833109588,1.2765004518835685,0.7422420466537429,-0.8464230107317258,0.7366333370634226,-0.6272860813712614,-0.5449840517619555,1.6994365077107836,1.7199127792031643,-0.8744886383456827,-0.704588561602436,0,0,-0.6491301303936166,0.48344019519381337,-0.6478479239749275
0,-0.6487923218224142,-0.9889608636605145,0.0,-1.0407372369496601,-0.1985259601135496,-0.46879277642512046,0.7422420466537429,0.3073249111813148,-0.2964865005702198,0.5233363164571785,-0.01333220721876361,1.7466597029134174,1.7668669649177597,-0.913551369772932,-0.9232235197340668,0,0,-0.6491301303936166,0.48344019519381337,-0.5340436242941488
0,-1.137801134587277,-1.543786869500987,0.0,-1.0407372369496601,0.006061119108773155,-0.9674479845133174,0.7422420466537429,0.5637133382731015,0.29386769236329013,-0.1670371222398854,0.13856831979357695,1.9827756789266227,2.095546264919998,-1.2651159526181763,-1.5244696545960525,0,0,-0.6491301303936166,0.48344019519381337,-0.42023932461337
0,-1.7083114161462831,-1.8476201584136271,0.0,-0.6266466267866334,1.3358771340538709,-0.46879277642512046,0.9580228037686299,0.3073249111813148,1.3269875299969325,-0.2590869140661606,-0.0892824707249339,2.3448201754801965,2.2520602173020063,-1.603659624987671,-1.907080831326407,0,0,-0.6491301303936166,0.48344019519381337,-0.3064350249325912
0,-2.102235181984645,-1.9533013023832408,0.0,0.8226705087839599,0.51752881716458,1.2765004518835685,-0.7682232531504656,0.3073249111813148,1.0318104335301777,0.017062461412664976,0.13856831979357695,1.967034613859054,1.93903231253799,-1.6427223564149203,-1.9480748859760877,0,0,-0.6491301303936166,0.48344019519381337,-0.19263072525181246
0,-2.1429859163817166,-1.6758882994630044,0.0,0.6156252037024466,-0.1985259601135496,1.7751556599717655,1.173803560883517,-0.0772577294563654,0.44145624059666766,0.017062461412664976,-0.0892824707249339,1.494802661832644,1.4068848744391482,-1.8250151030754171,-1.606457763895414,0,0,-0.6491301303936166,0.48344019519381337,-0.07882642557103371
0,-1.8577307756022134,-1.4645260115237766,0.0,0.8226705087839599,0.006061119108773155,1.0271728478394702,0.526461289538856,-0.33364615654815216,-0.0013094041034648074,0.6614110041965913,0.5942699008305986,1.006829644738701,1.0312513887223322,-1.5125132516574222,-1.415152175530237,0,0,-0.6491301303936166,0.48344019519381337,0.03497787410974503
0,-1.8441471974698562,-1.4248955825351712,0.0,1.0297158138654732,-1.119167816614002,1.0271728478394702,0.9580228037686299,-1.1028114378235125,-0.8868406935037297,0.799485691936004,-0.01333220721876361,1.1170171002115372,1.1877653411043403,-1.4864714307059228,-1.4424815452966908,0,0,-0.6491301303936166,0.48344019519381337,0.14878217379052378
0,-1.8848979318669281,-1.3852651535465665,0.0,-0.8336919318681467,-1.119167816614002,-0.46879277642512046,-0.9840040102653526,-0.8464230107317258,-0.2964865005702198,0.15513714915207777,-0.24118299773727445,1.321650946089641,1.2347195268189535,-1.473450520230173,-1.4424815452966908,0,0,-0.6491301303936166,0.48344019519381337,0.26258647347130254
0,-1.925648666264,-1.1342724366187333,0.0,-0.8336919318681467,-1.73292905428097,-0.46879277642512046,-0.12088098180580481,-1.1028114378235125,-0.8868406935037297,-0.1670371222398854,-0.393083524749615,1.085534970076436,0.9529944125313282,-1.4213668783271738,-1.182852532515379,0,0,-0.6491301303936166,0.48344019519381337,0.3763907731520813
0,-1.8033964630727843,-0.9625405776681106,0.0,-1.0407372369496601,-1.3237548958363246,-0.46879277642512046,1.173803560883517,-0.33364615654815216,-0.8868406935037297,0.017062461412664976,-0.5449840517619555,0.7864547337930465,0.7495262744347247,-1.291157773569676,-0.9368882046172939,0,0,-0.6491301303936166,0.48344019519381337,0.49019507283286007
0,-1.6268099473521396,-0.6851275747478746,0.0,1.650851729110013,0.7221158963869028,-0.46879277642512046,-0.33666173892069173,-0.8464230107317258,-0.5916635970369748,-0.3051118099792982,-0.6209343152681258,0.7392315385903948,0.7338748791965204,-1.1218859373849286,-0.6909238767192089,0,0,-0.6491301303936166,0.48344019519381337,0.6039993725136388
0,-1.4638070097638518,-0.46055514381244517,0.0,-1.0407372369496601,-1.5283419750586473,1.2765004518835685,1.8211458322281777,-1.1028114378235125,-0.5916635970369748,-0.48921139363184857,-0.8487851057866367,0.9596064495360672,0.9529944125313282,-0.9656350116759312,-0.44495954882112376,0,0,-0.6491301303936166,0.48344019519381337,0.7178036721944175
0,-1.3279712284402787,-0.28882328486182257,0.0,-0.8336919318681467,-1.0168742770028405,1.2765004518835685,-0.9840040102653526,-0.590034583639939,-0.8868406935037297,-0.903435456850087,-0.924735369292807,1.164240295414171,1.281673712533549,-0.5619867869276879,-0.1989952209230387,0,0,-0.6491301303936166,0.48344019519381337,0.8316079718751963
0,-0.8117952594107016,-0.42092471482383986,0.0,-0.6266466267866334,0.9267029756092254,1.2765004518835685,-0.7682232531504656,-0.0772577294563654,0.7366333370634226,-0.6272860813712614,-0.7728348422804664,1.573507987170379,1.594701617297565,-0.5619867869276879,-0.3629714395217624,0,0,-0.6491301303936166,0.48344019519381337,0.9454122715559751
0,-0.9476310407342746,-0.5266058587934538,0.0,-1.0407372369496601,1.1312900548315483,-0.46879277642512046,-0.7682232531504656,-0.590034583639939,1.0318104335301777,-0.5352362895449861,-0.6209343152681258,1.7624007679809501,1.5790502220593607,-0.5880286078791874,-0.4859536034708047,0,0,-0.6491301303936166,0.48344019519381337,1.0592165712367538
0,-1.3415548065726364,-0.5398160017896553,0.0,-0.21255601662360676,-1.0168742770028405,-0.46879277642512046,-0.9840040102653526,-1.3591998649152994,-0.2964865005702198,-0.5352362895449861,-1.0006856327989773,1.4318384015624774,1.25037092205714,-0.7312586231124351,-0.5679417127701666,0,0,-0.6491301303936166,0.48344019519381337,1.1730208709175325
0,-1.4773905878962093,-0.4737652868086466,0.0,-0.6266466267866334,-0.6077001185581951,1.2765004518835685,-1.1997847673802395,-1.1028114378235125,0.7366333370634226,-0.8574105609369493,-1.0766358963051474,1.0697939050088854,1.1251597601515406,-0.7703213545396844,-0.4586242337043509,0,0,-0.6491301303936166,0.48344019519381337,1.2868251705983114
0,-1.2328861815137777,-0.6983377177440759,0.0,-1.0407372369496601,-0.40311303933587234,-0.7181203804692189,-0.9840040102653526,0.3073249111813148,0.44145624059666766,-0.6272860813712614,-0.924735369292807,1.2744277508870072,1.2660223172953444,-0.7312586231124351,-0.6226004523030741,0,0,-0.6491301303936166,0.48344019519381337,1.40062947027909
0,-1.3551383847049936,-0.5662362877820587,0.0,-0.21255601662360676,-1.0168742770028405,-0.9674479845133174,-0.12088098180580481,-0.0772577294563654,-1.1820177899704847,-0.443186497718711,-0.6968845787742961,1.211463490616805,1.0312513887223322,-0.6270913393064369,-0.5542770278869394,0,0,-0.6491301303936166,0.48344019519381337,1.514433769959869
0,-1.3687219628373508,-0.31524357085422594,0.0,-1.0407372369496601,-1.0168742770028405,-0.46879277642512046,1.8211458322281777,-1.1028114378235125,-0.8868406935037297,-0.5352362895449861,-0.8487851057866367,0.8809011241983321,0.6399665077673119,-0.6531331602579363,-0.30831269998885436,0,0,-0.6491301303936166,0.48344019519381337,1.6282380696406475
0,-1.3551383847049936,-0.011410281941585972,0.0,0.4085798986209332,-1.119167816614002,1.2765004518835685,0.09489977530908213,-2.0001709326447665,-0.8868406935037297,-0.8113856650238117,-1.1525861598113178,0.34570491190171965,0.2486816268122916,-0.5619867869276879,0.07429847674150018,0,0,-0.6491301303936166,0.48344019519381337,1.7420423693214264
0,-1.1106339783225623,0.0150100040508174,0.0,1.2367611189469865,0.006061119108773155,1.7751556599717655,1.3895843179984038,-0.0772577294563654,-0.0013094041034648074,-1.2256097282420502,-0.7728348422804664,0.17255319615871687,0.34258999824150005,-0.015108546946196913,0.11529253139118063,0,0,-0.6491301303936166,0.7795848489266695,-1.6720866211019363
0,-0.689543056219486,-0.896489862687102,0.0,-1.0407372369496601,0.7221158963869028,-0.9674479845133174,-1.1997847673802395,1.717461260186142,0.29386769236329013,0.10911225323894017,0.4423693738182581,1.2586866858194388,1.172113945866136,-0.7573004440639347,-0.8685647802011592,0,0,-0.6491301303936166,0.7795848489266695,-1.5582823214211574
0,-1.0970504001902048,-0.1435117119036033,0.0,0.20153459353941988,-1.3237548958363246,-0.9674479845133174,0.31068053242396904,-0.590034583639939,-0.8868406935037297,-0.6272860813712614,-0.393083524749615,0.849418994063231,0.4051955791942997,-0.7703213545396844,-0.1989952209230387,0,0,-0.6491301303936166,0.7795848489266695,-1.4444780217403788
0,-0.37712075917526827,-0.07746099692259464,0.0,2.06494233927304,0.9267029756092254,1.0271728478394702,0.9580228037686299,-0.0772577294563654,0.44145624059666766,-0.7193358731975366,-0.6968845787742961,-0.09504490998958938,-0.09564906842811557,0.12812146828705093,0.08796316162472684,0,0,-0.6491301303936166,0.7795848489266695,-1.3306737220595999
0,0.003219428530736147,-1.3456347245579612,0.0,-0.8336919318681467,-0.8122871977805178,-0.7181203804692189,-1.1997847673802395,0.5637133382731015,0.7366333370634226,-0.1670371222398854,0.5183196373244283,0.39292810710437137,0.2486816268122916,-0.5750076974034374,-1.2785053266979676,0,0,-0.6491301303936166,0.7795848489266695,-1.2168694223788212
0,-0.3499536029105535,-0.011410281941585972,0.0,-1.0407372369496601,-1.0168742770028405,-0.9674479845133174,1.8211458322281777,0.1791306976354214,-0.5916635970369748,-0.1670371222398854,-0.4690337882557853,0.21977639136135074,0.10781906966848787,-0.43177768217019,0.01963973720859212,0,0,-0.6491301303936166,0.7795848489266695,-1.1030651226980426
0,-0.3635371810429108,0.5037852949102819,0.0,0.20153459353941988,-0.1985259601135496,-0.46879277642512046,1.8211458322281777,-1.1028114378235125,0.7366333370634226,-0.48921139363184857,-1.0006856327989773,0.1568121310911663,-0.033043487475315894,-0.1583385621794443,0.6892092964867127,0,0,-0.6491301303936166,0.7795848489266695,-0.9892608230172637
0,-0.7167102124842006,0.675517153860904,0.0,0.4085798986209332,2.2053722207487425,0.7778452437953717,0.31068053242396904,0.1791306976354214,3.171844382914151,-0.9954852486763621,-1.0006856327989773,-0.4570894065431634,-0.5964937160505487,0.3234351254232978,0.7302033511363931,0,0,-0.6491301303936166,0.7795848489266695,-0.8754565233364849
0,-0.3635371810429108,0.14711143401283472,0.0,2.06494233927304,0.7221158963869028,2.024483264015864,1.8211458322281777,-0.0772577294563654,1.3269875299969325,-0.7193358731975366,-0.7728348422804664,-0.2996787558676933,-0.033043487475315894,0.41458149875354616,0.22461001045699627,0,0,-0.6491301303936166,0.7795848489266695,-0.7616522236557063
0,-1.0698832439254904,-0.11709142591119993,0.0,-1.0407372369496601,0.21064819833109588,-0.9674479845133174,-1.1997847673802395,1.5892670466402488,-0.5916635970369748,-0.5812611854581238,-0.6968845787742961,0.5031155625771897,0.34258999824150005,-0.2755267564611927,-0.23998927557271962,0,0,-0.6491301303936166,0.7795848489266695,-0.6478479239749275
0,-0.6487923218224142,0.09427086202802798,0.0,-1.0407372369496601,-1.3237548958363246,1.525828055927667,1.173803560883517,-0.33364615654815216,-0.5916635970369748,-0.6733109772843989,-1.0006856327989773,0.40866917217192195,0.46780116014709944,-0.34063130883994164,0.15628658604086157,0,0,-0.6491301303936166,0.7795848489266695,-0.5340436242941488
0,-0.2956192903811243,-0.03783056793398935,0.0,-0.8336919318681467,-0.1985259601135496,-0.9674479845133174,-0.9840040102653526,0.3073249111813148,-0.5916635970369748,-0.903435456850087,-1.0006856327989773,0.9753475146035998,0.8121318553875244,-0.015108546946196913,0.08796316162472684,0,0,-0.6491301303936166,0.7795848489266695,-0.42023932461337
0,-0.6352087436900568,0.0150100040508174,0.0,-0.21255601662360676,0.51752881716458,-0.9674479845133174,0.9580228037686299,0.1791306976354214,-0.8868406935037297,-0.7653607691106742,-0.924735369292807,0.8179368639281298,0.6556179030055163,-0.10625492027644534,0.10162784650795398,0,0,-0.6491301303936166,0.7795848489266695,-0.3064350249325912
0,-0.8932967282048454,0.4377345799292732,0.0,1.2367611189469865,-0.6077001185581951,-0.9674479845133174,0.9580228037686299,-2.256559359736553,-0.2964865005702198,-1.133559936415775,-1.1525861598113178,0.17255319615871687,0.1391218601448966,-0.002087636470446941,0.41591559882217377,0,0,-0.6491301303936166,0.7795848489266695,-0.19263072525181246
0,-0.2277013997193378,0.22637229199004533,0.0,-1.0407372369496601,-1.119167816614002,1.0271728478394702,0.526461289538856,-1.1028114378235125,-0.0013094041034648074,-0.6733109772843989,-1.0006856327989773,0.17255319615871687,0.12347046490669224,0.19322602066579989,0.21094532557376963,0,0,-0.6491301303936166,0.7795848489266695,-0.07882642557103371
0,0.016803006663093395,0.1735317200052381,0.0,-0.8336919318681467,0.51752881716458,-0.9674479845133174,-0.33666173892069173,1.717461260186142,0.29386769236329013,-0.5812611854581238,-0.6968845787742961,0.21977639136135074,-0.01739209223711152,0.02395418448105254,0.1426219011576349,0,0,-0.6491301303936166,0.7795848489266695,0.03497787410974503
0,0.41072677250145506,-0.19635228388841053,0.0,-0.8336919318681467,1.1312900548315483,-0.7181203804692189,-1.1997847673802395,1.973849687277929,-0.0013094041034648074,-0.48921139363184857,-0.393083524749615,0.4558923673745558,0.38954418395609536,-0.13229674122794483,-0.07601305697399639,0,0,-0.6491301303936166,0.7795848489266695,0.14878217379052378
0,0.2341402567808101,0.5698360098912906,0.0,0.6156252037024466,2.2053722207487425,-0.9674479845133174,-0.5524424960355787,0.5637133382731015,0.29386769236329013,-0.6733109772843989,-1.0006856327989773,0.34570491190171965,0.0295620934774838,0.063016915908302,0.538897762771216,0,0,-0.6491301303936166,0.7795848489266695,0.26258647347130254
0,0.1662223661190236,0.5566258668950886,0.0,-1.0407372369496601,-0.8122871977805178,-0.9674479845133174,0.09489977530908213,0.8201017653648883,0.44145624059666766,-0.903435456850087,-1.0006856327989773,0.1253300009560651,-0.15825464938093306,0.08905873685980148,0.4979037081215356,0,0,-0.6491301303936166,0.7795848489266695,0.3763907731520813
0,0.1390552098543091,0.10748100502422944,0.0,-1.0407372369496601,0.006061119108773155,-0.9674479845133174,0.9580228037686299,1.973849687277929,0.29386769236329013,-1.0415101445894996,-1.0006856327989773,0.29848171669908574,0.3582413934797044,0.19322602066579989,0.1426219011576349,0,0,-0.6491301303936166,0.7795848489266695,0.49019507283286007
0,-0.25486855598405256,-0.31524357085422594,0.0,-0.8336919318681467,1.5404642132761937,-0.9674479845133174,-1.1997847673802395,1.3328786195484619,1.0318104335301777,-0.3511367058924358,-0.7728348422804664,1.0697939050088854,0.8747374363403241,-0.34063130883994164,-0.30831269998885436,0,0,-0.6491301303936166,0.7795848489266695,0.6039993725136388
0,-0.7031266343518432,-0.05104071093019127,0.0,-0.21255601662360676,0.9267029756092254,-0.7181203804692189,-0.33666173892069173,1.3328786195484619,0.7366333370634226,-1.1795848323289124,-1.3804369503298286,0.39292810710437137,-0.11130046366631995,-0.2755267564611927,0.005975052325365468,0,0,-0.6491301303936166,0.7795848489266695,0.7178036721944175
0,-0.2956192903811243,-0.7115478607402779,0.0,1.2367611189469865,0.51752881716458,2.772466076148159,1.6053650751132906,0.1791306976354214,0.44145624059666766,-0.3511367058924358,-0.01333220721876361,-0.4256072764080801,-0.1426032541427287,-0.30156857741269216,-0.6909238767192089,0,0,-0.6491301303936166,0.7795848489266695,0.8316079718751963
0,-0.6216251655576994,-0.7643884327250846,0.0,1.2367611189469865,0.31294173794225727,1.7751556599717655,1.173803560883517,0.5637133382731015,0.29386769236329013,1.1676848592411049,0.6702201643367689,0.6290440831175764,0.7495262744347247,-0.8875095488214326,-0.9232235197340668,0,0,-0.6491301303936166,0.7795848489266695,0.9454122715559751
0,-0.8661295719401308,-0.28882328486182257,0.0,-1.0407372369496601,-0.1985259601135496,1.2765004518835685,-1.1997847673802395,0.3073249111813148,-0.2964865005702198,0.5233363164571785,-0.16523273423110416,1.0697939050088854,0.9529944125313282,-0.6401122497821864,-0.26731864533917343,0,0,-0.6491301303936166,0.7795848489266695,1.0592165712367538
0,-0.5672908530282702,0.1735317200052381,0.0,-0.8336919318681467,-0.8122871977805178,-0.7181203804692189,-1.1997847673802395,0.1791306976354214,-1.1820177899704847,-0.5352362895449861,-1.1525861598113178,0.7234904735228621,0.5773609268145122,0.07603782638405197,0.21094532557376963,0,0,-0.6491301303936166,0.7795848489266695,1.1730208709175325
0,-0.6487923218224142,0.49057515191407997,0.0,0.20153459353941988,-0.6077001185581951,0.02986243166307639,-0.33666173892069173,0.1791306976354214,0.44145624059666766,-0.9494603527632245,-1.0766358963051474,0.5031155625771897,0.17042465062128756,0.3885396778020467,0.5252330778879889,0,0,-0.6491301303936166,0.7795848489266695,1.2868251705983114
0,-0.5129565404988412,0.8208287268191233,0.0,1.8578970341915266,0.31294173794225727,-0.21946517238102203,1.8211458322281777,-0.33364615654815216,1.9173417229304426,-1.2716346241551877,-1.1525861598113178,-0.3783840812054283,-0.3147686017629412,0.5968742454140434,0.8395208302022092,0,0,-0.6491301303936166,0.7795848489266695,1.40062947027909
0,-0.07828204026340758,0.7811982978305175,0.0,0.20153459353941988,0.006061119108773155,-0.46879277642512046,0.09489977530908213,0.5637133382731015,-0.5916635970369748,-0.8113856650238117,-1.0006856327989773,-0.34690195107034505,-0.4712825541449493,0.544790603511044,0.7985267755525278,0,0,-0.6491301303936166,0.7795848489266695,1.514433769959869
0,0.7910669602074595,0.886879441800132,0.0,1.0297158138654732,-0.1985259601135496,-0.46879277642512046,1.3895843179984038,-0.0772577294563654,0.29386769236329013,-1.3176595200683252,-1.0766358963051474,-0.20523236546242557,-0.09564906842811557,0.8703133654047888,0.8531855150854354,0,0,-0.6491301303936166,0.7795848489266695,1.6282380696406475
0,0.7503162258103875,0.292423006971054,0.0,-1.0407372369496601,1.1312900548315483,-0.46879277642512046,-1.1997847673802395,1.5892670466402488,1.6221646264636875,-0.6733109772843989,-0.6209343152681258,0.7864547337930465,0.5304067410999169,0.3364560358990477,0.3885862290557195,0,0,-0.6491301303936166,1.0757295026595255,-1.6720866211019363
0,0.47864466316324156,0.4509447229254742,0.0,-1.0407372369496601,0.31294173794225727,-0.9674479845133174,-0.9840040102653526,1.5892670466402488,0.7366333370634226,-0.903435456850087,-1.0006856327989773,0.5031155625771897,0.2017274410976963,0.14114237876280092,0.4979037081215356,0,0,-0.6491301303936166,1.0757295026595255,-1.5582823214211574
0,0.1390552098543091,0.8076185838229214,0.0,1.8578970341915266,1.5404642132761937,-0.9674479845133174,0.31068053242396904,0.8201017653648883,-0.0013094041034648074,-1.2256097282420502,-1.0006856327989773,-0.23671449559750884,-0.5025853446213403,0.3624978568505472,0.8941795697351168,0,0,-0.6491301303936166,1.0757295026595255,-1.4444780217403788
0,1.1714071479134638,0.9265098707887368,0.0,1.0297158138654732,0.006061119108773155,-0.9674479845133174,0.7422420466537429,-1.7437825055529794,-1.4771948864372397,-1.133559936415775,-0.8487851057866367,-0.4256072764080801,-0.56519092557414,1.117710664444035,1.0854851581002938,0,0,-0.6491301303936166,1.0757295026595255,-1.3306737220595999
0,0.682398335148601,1.1642924447203686,0.0,-0.4196013217051201,0.7221158963869028,0.02986243166307639,-0.5524424960355787,0.8201017653648883,1.6221646264636875,-1.455734207807738,-1.1525861598113178,-0.6932053825563684,-0.8782188303381562,1.1958361272985334,1.1674732673996557,0,0,-0.6491301303936166,1.0757295026595255,-1.2168694223788212
0,0.73673264767803,1.0454011577545521,0.0,0.6156252037024466,0.9267029756092254,0.7778452437953717,1.3895843179984038,1.973849687277929,0.7366333370634226,-1.4097093118946005,-1.1525861598113178,-1.1654373345827787,-0.7686590636707612,1.4562543368135297,0.9898323639177048,0,0,-0.6491301303936166,1.0757295026595255,-1.1030651226980426
0,0.1390552098543091,-0.011410281941585972,0.0,-0.6266466267866334,0.7221158963869028,-0.46879277642512046,-1.1997847673802395,1.717461260186142,1.3269875299969325,-0.6733109772843989,-0.5449840517619555,0.1568121310911663,0.17042465062128756,0.049996005432552025,-0.035019002324315464,0,0,-0.6491301303936166,1.0757295026595255,-0.9892608230172637
0,0.08472089732487988,0.37168386494826455,0.0,-1.0407372369496601,0.9267029756092254,-0.9674479845133174,-0.9840040102653526,1.973849687277929,-0.8868406935037297,-0.9954852486763621,-0.924735369292807,0.31422278176663637,0.10781906966848787,0.08905873685980148,0.3612568592892657,0,0,-0.6491301303936166,1.0757295026595255,-0.8754565233364849
0,-0.09186561839576483,0.9000895847963338,0.0,1.4438064240284998,-0.6077001185581951,-0.9674479845133174,0.9580228037686299,0.3073249111813148,-1.4771948864372397,-1.363684415981463,-1.228536423317488,-0.06356277985448822,-0.3617227874775365,0.5187487825595446,0.8668501999686625,0,0,-0.6491301303936166,1.0757295026595255,-0.7616522236557063
0,0.2613074130455246,0.49057515191407997,0.0,0.6156252037024466,0.21064819833109588,1.0271728478394702,1.173803560883517,0.8201017653648883,-0.5916635970369748,-0.7193358731975366,-1.1525861598113178,-0.3783840812054283,-0.4869339493831359,0.3234351254232978,0.5115683930047618,0,0,-0.6491301303936166,1.0757295026595255,-0.6478479239749275
0,-0.32278644664583905,0.1735317200052381,0.0,0.8226705087839599,-1.119167816614002,-0.46879277642512046,-0.33666173892069173,-0.0772577294563654,-1.1820177899704847,-0.5812611854581238,-0.7728348422804664,-0.14226810519222324,-0.45563115890674494,0.07603782638405197,0.18361595580731535,0,0,-0.6491301303936166,1.0757295026595255,-0.5340436242941488
0,-0.3499536029105535,0.46415486592167615,0.0,1.2367611189469865,-0.40311303933587234,-0.46879277642512046,-0.7682232531504656,0.1791306976354214,-0.8868406935037297,-1.4097093118946005,-1.3044866868236584,-0.5830179270835502,-0.612145111288753,0.609895155889793,0.34759217440603907,0,0,-0.6491301303936166,1.0757295026595255,-0.42023932461337
0,-0.21411782158698056,0.04143029004322077,0.0,0.8226705087839599,0.7221158963869028,1.2765004518835685,0.7422420466537429,0.5637133382731015,-0.0013094041034648074,-0.5812611854581238,-0.5449840517619555,0.030883610550779508,0.38954418395609536,0.10207964733555146,0.15628658604086157,0,0,-0.6491301303936166,1.0757295026595255,-0.3064350249325912
0,0.15263878798666636,-0.3284537138504278,0.0,-1.0407372369496601,0.7221158963869028,-0.9674479845133174,-1.1997847673802395,1.5892670466402488,-0.0013094041034648074,-0.9494603527632245,-1.1525861598113178,1.006829644738701,0.8434346458639331,-0.3666731297914411,-0.40396549417144284,0,0,-0.6491301303936166,1.0757295026595255,-0.19263072525181246
0,-0.6080415874253422,-0.13030156890740185,0.0,-0.8336919318681467,0.006061119108773155,-0.9674479845133174,-1.1997847673802395,1.0764901924566752,-1.4771948864372397,-1.1795848323289124,-1.1525861598113178,0.770713668725496,0.6243151125291075,-0.17135947265519427,-0.1716658511565849,0,0,-0.6491301303936166,1.0757295026595255,-0.07882642557103371
0,-0.825378837543059,0.292423006971054,0.0,-0.21255601662360676,-0.1985259601135496,-0.7181203804692189,-0.7682232531504656,0.3073249111813148,-0.2964865005702198,-1.5017591037208757,-1.3044866868236584,0.566079822847392,0.3112872077650913,0.07603782638405197,0.18361595580731535,0,0,-0.6491301303936166,1.0757295026595255,0.03497787410974503
0,-0.6487923218224142,0.34526357895586074,0.0,-1.0407372369496601,-0.1985259601135496,0.02986243166307639,-0.33666173892069173,1.0764901924566752,-0.2964865005702198,-1.5477839996340133,-1.3804369503298286,0.487374497509657,0.2799844172887004,0.2843723939960483,0.27926874998990436,0,0,-0.6491301303936166,1.0757295026595255,0.14878217379052378
0,-0.49937296236648376,0.6358867248722992,0.0,-0.21255601662360676,0.21064819833109588,-0.7181203804692189,-0.9840040102653526,-0.590034583639939,-0.0013094041034648074,-1.5938088955471508,-1.456387213835999,0.28274065163153517,0.0921676744302835,0.544790603511044,0.7575327209028474,0,0,-0.6491301303936166,1.0757295026595255,0.26258647347130254
0,-0.7438773687489152,0.9265098707887368,0.0,0.20153459353941988,0.7221158963869028,0.2791900357071748,-0.5524424960355787,-0.33364615654815216,-0.0013094041034648074,-1.685858687373426,-1.5323374773421692,-0.0005985195843037679,-0.06434627795172464,0.8182297235017898,0.907844254618344,0,0,-0.6491301303936166,1.0757295026595255,0.3763907731520813
0,-0.40428791543998277,1.1642924447203686,0.0,-0.005510711542093443,1.1312900548315483,-0.7181203804692189,0.09489977530908213,-0.8464230107317258,0.29386769236329013,-1.7318835832865636,-1.5323374773421692,-0.07930384492203879,-0.17390604461911965,1.052606112065286,1.194802637166109,0,0,-0.6491301303936166,1.0757295026595255,0.49019507283286007
0,0.09830447545723713,1.1907127307127714,0.0,0.20153459353941988,0.31294173794225727,-0.21946517238102203,1.6053650751132906,1.3328786195484619,0.7366333370634226,-1.5477839996340133,-1.228536423317488,-0.12652704012469054,-0.0017406969989249425,1.5343797996680277,1.2767907464654709,0,0,-0.6491301303936166,1.0757295026595255,0.6039993725136388
0,1.035571366589891,1.2303431597013772,0.0,0.8226705087839599,0.7221158963869028,-0.46879277642512046,0.526461289538856,0.3073249111813148,-0.8868406935037297,-1.2256097282420502,-1.228536423317488,-0.06356277985448822,-0.189557439857324,1.221877948250033,1.3587788557648328,0,0,-0.6491301303936166,1.0757295026595255,0.7178036721944175
0,0.600896866354457,1.2039228737089733,0.0,-0.4196013217051201,0.006061119108773155,0.2791900357071748,0.09489977530908213,1.0764901924566752,0.44145624059666766,-1.455734207807738,-1.228536423317488,-0.3941251462729789,-0.3304199970011278,1.5604216206195276,1.290455431348698,0,0,-0.6491301303936166,1.0757295026595255,0.8316079718751963
0,0.9948206321928189,1.3756547326595956,0.0,-0.6266466267866334,0.21064819833109588,-0.46879277642512046,0.31068053242396904,-0.590034583639939,0.44145624059666766,-1.2716346241551877,-1.1525861598113178,-0.3783840812054283,-0.37737418271574086,1.5083379787165287,1.3041201162319251,0,0,-0.6491301303936166,1.0757295026595255,0.9454122715559751
0,0.9269027415310325,1.283183731686184,0.0,1.8578970341915266,0.9267029756092254,-0.21946517238102203,0.09489977530908213,-0.33364615654815216,-0.2964865005702198,-1.363684415981463,-1.0766358963051474,-0.12652704012469054,-0.26781441604832806,1.6125052625225267,1.3041201162319251,0,0,-0.6491301303936166,1.0757295026595255,1.0592165712367538
0,1.3344100855017513,1.3624445896633945,0.0,0.4085798986209332,0.31294173794225727,2.2738108680599622,0.09489977530908213,0.8201017653648883,0.7366333370634226,-1.455734207807738,-1.1525861598113178,-0.3626430161378956,-0.5495395303359534,1.5734425310952775,1.3861082255312869,0,0,-0.6491301303936166,1.0757295026595255,1.1730208709175325
0,0.9948206321928189,0.08106071903182606,0.0,1.0297158138654732,0.7221158963869028,1.2765004518835685,-1.1997847673802395,0.8201017653648883,-0.0013094041034648074,-0.3511367058924358,-0.24118299773727445,-0.03208064971940494,0.17042465062128756,0.2713514835202988,0.18361595580731535,0,0,-0.6491301303936166,1.0757295026595255,1.2868251705983114
0,0.7095654914133155,0.6226765818760973,0.0,-1.0407372369496601,0.7221158963869028,-0.9674479845133174,-1.1997847673802395,1.717461260186142,0.29386769236329013,-1.0415101445894996,-0.7728348422804664,-0.016339584651854352,0.013910698239279429,0.7140624396957914,0.5935565023041237,0,0,-0.6491301303936166,1.0757295026595255,1.40062947027909
0,0.7503162258103875,1.0189808717621494,0.0,-0.8336919318681467,-0.1985259601135496,-0.7181203804692189,1.3895843179984038,0.5637133382731015,-1.1820177899704847,-1.3176595200683252,-1.0766358963051474,-0.22097343052995827,-0.37737418271574086,1.0786479330167855,1.0444911034506135,0,0,-0.6491301303936166,1.0757295026595255,1.514433769959869
0,1.6196652262812543,0.46415486592167615,0.0,0.6156252037024466,2.0519319113320007,1.525828055927667,-0.9840040102653526,0.8201017653648883,1.0318104335301777,-1.0415101445894996,-0.0892824707249339,-0.47283047161071395,-0.56519092557414,1.091668843492535,0.4295802837054009,0,0,-0.6491301303936166,1.0757295026595255,1.6282380696406475
0,0.8589848508692459,0.8604591558077281,0.0,2.06494233927304,2.2053722207487425,0.02986243166307639,0.31068053242396904,0.3073249111813148,1.3269875299969325,0.017062461412664976,-0.3171332612434447,-1.1654373345827787,-1.0034299922437733,0.5838533349382935,0.8395208302022092,0,0,-0.6491301303936166,1.0757295026595255,1.7420423693214264
0,0.36997603810438306,0.16032157700903665,0.0,0.8226705087839599,0.9267029756092254,1.525828055927667,-0.7682232531504656,0.5637133382731015,0.44145624059666766,0.6614110041965913,0.5942699008305986,-0.20523236546242557,-0.3147686017629412,-0.08021309932494586,0.16995127092408868,0,0,-0.6491301303936166,1.3718741563923815,-1.6720866211019363
0,0.505811819427956,0.37168386494826455,0.0,-1.0407372369496601,0.51752881716458,-0.9674479845133174,-0.9840040102653526,1.3328786195484619,-0.0013094041034648074,-0.7193358731975366,-0.3171332612434447,0.062365740685880675,-0.01739209223711152,0.4796860511322951,0.3202628046395848,0,0,-0.6491301303936166,1.3718741563923815,-1.5582823214211574
0,0.492228241295599,1.1246620157317628,0.0,2.06494233927304,2.2053722207487425,0.02986243166307639,0.09489977530908213,-0.33364615654815216,-1.1820177899704847,-1.0875350405026374,-0.7728348422804664,-0.22097343052995827,-0.4869339493831359,0.8312506339775393,1.2767907464654709,0,0,-0.6491301303936166,1.3718741563923815,-1.4444780217403788
0,0.5193953975603135,0.9132997277925349,0.0,0.8226705087839599,0.9267029756092254,-0.9674479845133174,0.526461289538856,-2.256559359736553,-0.2964865005702198,0.5693612123703161,-0.6209343152681258,-0.06356277985448822,-0.17390604461911965,0.4927069616080451,0.9898323639177048,0,0,-0.6491301303936166,1.3718741563923815,-1.3306737220595999
0,0.8454012727368885,0.8604591558077281,0.0,-1.0407372369496601,0.006061119108773155,-0.9674479845133174,2.036926589343065,0.8201017653648883,-0.2964865005702198,-0.9494603527632245,-1.0006856327989773,0.18829426122624957,-0.06434627795172464,1.0005224701622866,1.003497048800932,0,0,-0.6491301303936166,1.3718741563923815,-1.2168694223788212
0,0.6552311788838865,1.1642924447203686,0.0,-0.4196013217051201,0.006061119108773155,-0.7181203804692189,0.09489977530908213,1.3328786195484619,-0.5916635970369748,-1.1795848323289124,-1.0766358963051474,-0.3311608860027945,-0.7373562731943525,1.0005224701622866,1.290455431348698,0,0,-0.6491301303936166,1.3718741563923815,-1.1030651226980426
0,0.505811819427956,1.468125733633008,0.0,0.20153459353941988,0.7221158963869028,-0.21946517238102203,1.8211458322281777,-0.0772577294563654,0.7366333370634226,-1.4097093118946005,-1.0766358963051474,-0.9450624236371241,-0.9095216208145649,1.5213588891922787,1.468096334830648,0,0,-0.6491301303936166,1.3718741563923815,-0.9892608230172637
0,1.5109966012223963,1.0321910147583513,0.0,1.4438064240284998,0.21064819833109588,1.525828055927667,0.9580228037686299,1.0764901924566752,-0.0013094041034648074,-0.5812611854581238,-0.4690337882557853,-0.2996787558676933,-0.2052088350955284,1.1958361272985334,0.9761676790344787,0,0,-0.6491301303936166,1.3718741563923815,-0.8754565233364849
0,1.3751608198988232,0.5962562958836934,0.0,0.6156252037024466,0.7221158963869028,-0.46879277642512046,-0.9840040102653526,0.5637133382731015,1.9173417229304426,-0.5812611854581238,-0.24118299773727445,0.07810680575343126,0.26433302205049597,0.7140624396957914,0.538897762771216,0,0,-0.6491301303936166,1.3718741563923815,-0.7616522236557063
0,0.8454012727368885,0.9925605857697455,0.0,-1.0407372369496601,0.7221158963869028,-0.9674479845133174,-1.1997847673802395,1.3328786195484619,0.7366333370634226,-1.455734207807738,-1.0766358963051474,0.015142545483246818,-0.09564906842811557,1.0395852015895362,1.112814527866748,0,0,-0.6491301303936166,1.3718741563923815,-0.6478479239749275
0,1.1578235697811063,1.2435533026975782,0.0,-1.0407372369496601,0.31294173794225727,-0.7181203804692189,-0.7682232531504656,1.5892670466402488,-0.8868406935037297,-1.5477839996340133,-1.228536423317488,-0.4413483414756307,-0.612145111288753,1.117710664444035,1.3997729104145131,0,0,-0.6491301303936166,1.3718741563923815,-0.5340436242941488
0,0.6959819132809585,1.468125733633008,0.0,-0.8336919318681467,0.006061119108773155,-0.9674479845133174,-0.7682232531504656,0.8201017653648883,-0.5916635970369748,-1.685858687373426,-1.3804369503298286,-0.8033928380292047,-1.0816869684347774,1.3390661425317814,1.591078498779691,0,0,-0.6491301303936166,1.3718741563923815,-0.42023932461337
0,1.2121578823105355,1.666277878576034,0.0,0.4085798986209332,2.2053722207487425,0.2791900357071748,0.31068053242396904,0.1791306976354214,2.360107367630575,-1.685858687373426,-1.0766358963051474,-1.5589639612714539,-1.7077427779628098,1.8989652929890224,1.7003959778455062,0,1,-0.6491301303936166,1.3718741563923815,-0.3064350249325912
0,0.8725684290016029,-0.9097000056833039,0.0,1.2367611189469865,0.31294173794225727,2.5231384721040606,-1.1997847673802395,-0.8464230107317258,-2.510314724070882,1.9040831938513063,2.45505135673177,-0.6932053825563684,-0.04869488271352026,0.1541632892385504,-0.895894149967613,1,1,-0.6491301303936166,1.3718741563923815,-0.19263072525181246
0,0.5873132882221,-0.3548739998428312,0.0,1.2367611189469865,-0.40311303933587234,1.0271728478394702,0.9580228037686299,0.5637133382731015,-0.2964865005702198,0.799485691936004,1.505673062904642,-0.20523236546242557,0.07651627919207912,-0.22344311455819324,-0.47228891858757754,1,0,-0.6491301303936166,1.3718741563923815,-0.07882642557103371
0,0.2341402567808101,-0.50018557280105,0.0,-1.0407372369496601,-0.6077001185581951,-0.9674479845133174,-0.9840040102653526,0.5637133382731015,-0.5916635970369748,0.10911225323894017,0.8221206913491095,-0.0005985195843037679,0.15477325538308317,-0.06719218884919588,-0.4312948639378971,0,0,-0.6491301303936166,1.3718741563923815,0.03497787410974503
0,0.27489099117788207,0.4113142939368694,0.0,-0.005510711542093443,-0.1985259601135496,-0.9674479845133174,0.7422420466537429,0.3073249111813148,-0.2964865005702198,-0.5812611854581238,-0.6209343152681258,-0.11078597505713997,-0.2052088350955284,0.5057278720837945,0.4295802837054009,0,0,-0.6491301303936166,1.3718741563923815,0.14878217379052378
0,0.42431035063381256,0.7679881548343166,0.0,-0.8336919318681467,-1.0168742770028405,-0.9674479845133174,-0.5524424960355787,0.1791306976354214,-0.2964865005702198,0.06308735732580258,0.13856831979357695,-0.09504490998958938,-0.2052088350955284,0.5057278720837945,0.5662271325376703,0,0,-0.6491301303936166,1.3718741563923815,0.26258647347130254
0,0.7503162258103875,1.2699735886899821,0.0,1.2367611189469865,1.5404642132761937,-0.7181203804692189,-0.9840040102653526,-0.590034583639939,-1.4771948864372397,-0.8574105609369493,-0.6209343152681258,-0.3783840812054283,-0.7530076684325568,1.169794306347034,1.1401438976332015,0,0,-0.6491301303936166,1.3718741563923815,0.3763907731520813
0,1.3208265073693939,1.1378721587279648,0.0,1.2367611189469865,1.1312900548315483,-0.46879277642512046,-0.5524424960355787,-0.33364615654815216,-0.5916635970369748,0.15513714915207777,-0.0892824707249339,-0.787651772961654,-0.987778597005569,0.9744806492107871,1.0308264185673863,0,0,-0.6491301303936166,1.3718741563923815,0.49019507283286007
0,0.9404863196633895,1.5870170205988234,0.0,1.8578970341915266,1.3358771340538709,0.2791900357071748,1.8211458322281777,-0.590034583639939,1.9173417229304426,-0.12101222632674781,-0.8487851057866367,-1.1811783996503291,-1.3790634779605893,1.3390661425317814,1.5637491290132368,0,0,-0.6491301303936166,1.3718741563923815,0.6039993725136388
0,0.9133191633986749,1.5473865916102185,0.0,1.650851729110013,2.2053722207487425,0.5285176397512733,1.8211458322281777,2.4866265414615025,0.7366333370634226,-0.6733109772843989,-0.6968845787742961,-1.2598837249880643,-1.3477606874841805,1.5994843520467765,1.4271022801809674,0,1,-0.6491301303936166,1.3718741563923815,0.7178036721944175
0,0.8046505383398165,1.283183731686184,0.0,1.8578970341915266,1.3358771340538709,-0.21946517238102203,1.3895843179984038,-0.590034583639939,1.6221646264636875,-0.1670371222398854,-0.6968845787742961,-1.2126605297854305,-1.1286411541493728,1.2869825006287818,1.3724435406480597,1,0,-0.6491301303936166,1.3718741563923815,0.8316079718751963
0,1.1578235697811063,1.0982417297393599,0.0,1.0297158138654732,0.006061119108773155,-0.21946517238102203,0.9580228037686299,-0.8464230107317258,1.6221646264636875,-0.8113856650238117,-0.5449840517619555,-0.8978392284344903,-0.7060534827179615,1.4302125158620298,1.2221320069325632,0,0,-0.6491301303936166,1.3718741563923815,0.9454122715559751
0,1.2800757729723218,0.6490968678685002,0.0,-1.0407372369496601,0.51752881716458,-0.46879277642512046,-0.9840040102653526,1.5892670466402488,0.44145624059666766,-0.8574105609369493,-0.24118299773727445,-0.20523236546242557,-0.189557439857324,0.8052088130260399,0.5252330778879889,0,0,-0.6491301303936166,1.3718741563923815,1.0592165712367538
0,0.682398335148601,0.7679881548343166,0.0,-1.0407372369496601,0.31294173794225727,-0.9674479845133174,-0.7682232531504656,1.5892670466402488,1.0318104335301777,-0.9954852486763621,-0.924735369292807,-0.2996787558676933,-0.39302557795394527,0.8572924549290393,0.7985267755525278,0,0,-0.6491301303936166,1.3718741563923815,1.1730208709175325
0,0.5193953975603135,0.9265098707887368,0.0,-0.8336919318681467,0.21064819833109588,-0.7181203804692189,-0.9840040102653526,1.0764901924566752,-1.1820177899704847,-1.5477839996340133,-1.0006856327989773,-0.3941251462729789,-0.45563115890674494,1.1307315749197846,0.907844254618344,0,0,-0.6491301303936166,1.3718741563923815,1.2868251705983114
0,0.8182341164721739,0.9661402997773425,0.0,1.8578970341915266,-0.40311303933587234,-0.9674479845133174,-0.5524424960355787,0.8201017653648883,-0.8868406935037297,-1.363684415981463,-0.924735369292807,-0.5830179270835502,-0.8156132493853565,1.052606112065286,1.0444911034506135,0,0,-0.6491301303936166,1.3718741563923815,1.40062947027909
0,1.2800757729723218,1.4020750186519995,0.0,1.2367611189469865,0.9267029756092254,0.02986243166307639,2.036926589343065,0.3073249111813148,-0.5916635970369748,-1.5938088955471508,-0.8487851057866367,-1.4802586359337186,-1.629485801771806,1.6906307253770254,1.3997729104145131,0,0,-0.6491301303936166,1.3718741563923815,1.514433769959869
0,0.9404863196633895,1.428495304644403,0.0,0.6156252037024466,1.1312900548315483,-0.46879277642512046,0.09489977530908213,-1.1028114378235125,0.29386769236329013,-0.9494603527632245,-0.8487851057866367,-1.7635978071495755,-1.895559520821209,1.7166725463285255,1.468096334830648,0,0,-0.6491301303936166,1.3718741563923815,1.6282380696406475
0,1.1034892572516775,1.283183731686184,0.0,2.06494233927304,2.2053722207487425,0.02986243166307639,-0.5524424960355787,0.1791306976354214,0.44145624059666766,-0.6272860813712614,-0.7728348422804664,-1.5432228962039212,-1.8329539398684094,1.4171916053862799,1.3177848011151523,0,0,-0.6491301303936166,1.6680188101252378,-1.6720866211019363
0,1.3479936636341083,1.507756162621613,0.0,0.20153459353941988,1.1312900548315483,0.2791900357071748,0.31068053242396904,-0.33364615654815216,1.3269875299969325,-0.443186497718711,-0.4690337882557853,-2.0154548482303314,-2.052073473203217,1.2869825006287818,1.5227550743635565,0,0,-0.6491301303936166,1.6680188101252378,-1.5582823214211574
0,1.1849907260458208,1.7059083075646388,0.0,0.20153459353941988,0.006061119108773155,-0.9674479845133174,1.6053650751132906,-0.0772577294563654,0.7366333370634226,0.15513714915207777,-0.7728348422804664,-1.5432228962039212,-1.676439987486401,1.247919769201533,1.591078498779691,0,0,-0.6491301303936166,1.6680188101252378,-1.4444780217403788
0,1.5517473356194678,1.5473865916102185,0.0,-1.0407372369496601,0.9267029756092254,-0.7181203804692189,1.173803560883517,-0.590034583639939,-0.5916635970369748,-0.02896243450047262,-0.4690337882557853,-1.070990944177511,-1.2068981303403767,1.3390661425317814,1.5227550743635565,0,0,-0.6491301303936166,1.6680188101252378,-1.3306737220595999
0,1.5924980700165399,1.7059083075646388,0.0,-1.0407372369496601,2.2053722207487425,0.2791900357071748,0.09489977530908213,0.1791306976354214,1.3269875299969325,-0.48921139363184857,-0.3171332612434447,-1.4487765057986355,-1.7546969636774052,1.7817770987072743,1.481761019713875,0,0,-0.6491301303936166,1.6680188101252378,-1.2168694223788212
0,1.4023279761635379,1.6134373065912273,0.0,1.0297158138654732,1.5404642132761937,0.02986243166307639,0.31068053242396904,1.973849687277929,0.44145624059666766,-1.133559936415775,-0.4690337882557853,-1.747856742082025,-2.2085874255852254,1.5343797996680277,1.8097134569113216,0,1,-0.6491301303936166,1.6680188101252378,-1.1030651226980426
0,1.0219877884575335,1.507756162621613,0.0,2.06494233927304,2.0519319113320007,-0.9674479845133174,2.036926589343065,-0.8464230107317258,2.0649302711638198,0.6153861082834537,-0.6968845787742961,-2.29879401944617,-2.349449982729047,0.9223970073077882,1.5227550743635565,1,0,-0.6491301303936166,1.6680188101252378,-0.9892608230172637
0,1.4294951324282523,1.5738068776026215,0.0,1.8578970341915266,0.31294173794225727,-0.9674479845133174,1.3895843179984038,-0.33364615654815216,0.7366333370634226,-0.1670371222398854,-0.8487851057866367,-1.8737852626223939,-1.7233941732010143,1.1307315749197846,1.5227550743635565,0,0,-0.6491301303936166,1.6680188101252378,-0.8754565233364849
0,1.5653309137518252,1.7719590225456474,0.0,1.2367611189469865,2.2053722207487425,0.7778452437953717,0.31068053242396904,0.1791306976354214,1.0318104335301777,-0.5352362895449861,-0.6968845787742961,-1.5274818311363705,-1.441669058913389,1.5734425310952775,1.7960487720280953,0,0,-0.6491301303936166,1.6680188101252378,-0.7616522236557063
0,1.4294951324282523,1.2303431597013772,0.0,1.2367611189469865,2.2053722207487425,0.2791900357071748,0.31068053242396904,0.5637133382731015,-0.0013094041034648074,0.10911225323894017,0.13856831979357695,-1.307106920190716,-1.2695037112931764,1.182815216822784,1.208467322049336,0,1,-0.6491301303936166,1.6680188101252378,-0.6478479239749275
0,0.7774833820751019,0.9661402997773425,0.0,0.6156252037024466,-0.1985259601135496,1.7751556599717655,0.526461289538856,0.8201017653648883,0.44145624059666766,0.3392367328046281,0.13856831979357695,-1.0552498791099603,-0.987778597005569,0.609895155889793,0.8395208302022092,1,0,-0.6491301303936166,1.6680188101252378,-0.5340436242941488
0,0.5601461319573855,1.0982417297393599,0.0,-1.0407372369496601,0.006061119108773155,-0.46879277642512046,1.3895843179984038,1.0764901924566752,0.44145624059666766,-0.6733109772843989,-1.1525861598113178,-0.8506160332318385,-0.987778597005569,1.0656270225410356,1.0581557883338395,0,0,-0.6491301303936166,1.6680188101252378,-0.42023932461337
0,0.5329789756926705,1.454915590636806,0.0,1.0297158138654732,0.51752881716458,0.02986243166307639,1.173803560883517,0.5637133382731015,-0.2964865005702198,-1.133559936415775,-1.228536423317488,-1.1182141393801448,-1.2851551065313809,1.3260452320560314,1.4544316499474217,0,0,-0.6491301303936166,1.6680188101252378,-0.3064350249325912
0,0.9404863196633895,1.7983793085380513,0.0,0.20153459353941988,0.006061119108773155,-0.21946517238102203,1.6053650751132906,-0.0772577294563654,0.44145624059666766,-1.363684415981463,-1.228536423317488,-1.464517570866186,-1.6138344065336014,1.6645889044255255,1.8507075115610028,0,0,-0.6491301303936166,1.6680188101252378,-0.19263072525181246
0,1.7419174294724702,1.653067735579832,0.0,1.2367611189469865,2.2053722207487425,1.0271728478394702,1.6053650751132906,-1.1028114378235125,-0.0013094041034648074,-0.903435456850087,-0.6968845787742961,-1.7321156770144743,-1.785999754153814,1.7687561882315244,1.4544316499474217,0,0,-0.6491301303936166,1.6680188101252378,-0.07882642557103371
0,1.3479936636341083,1.4417054476406042,0.0,1.650851729110013,1.8473448321096777,-0.21946517238102203,0.526461289538856,0.3073249111813148,-0.8868406935037297,0.43128652463090333,-0.3171332612434447,-1.590446091406555,-1.6138344065336014,0.9223970073077882,1.3861082255312869,0,1,-0.6491301303936166,1.6680188101252378,0.03497787410974503
0,1.1849907260458208,1.0982417297393599,0.0,0.6156252037024466,2.2053722207487425,2.5231384721040606,0.31068053242396904,-0.0772577294563654,1.3269875299969325,0.799485691936004,-0.01333220721876361,-1.4172943756635343,-1.5825316160571927,0.9614597387350372,1.099149842983521,1,1,-0.6491301303936166,1.6680188101252378,0.14878217379052378
0,0.7638998039427449,0.6358867248722992,0.0,1.0297158138654732,1.3358771340538709,-0.21946517238102203,0.9580228037686299,-0.8464230107317258,-1.4771948864372397,1.5358840265462057,1.3537725358923014,-1.070990944177511,-0.7373562731943525,0.40156058827779667,0.634550556953805,1,0,-0.6491301303936166,1.6680188101252378,0.26258647347130254
0,1.1170728353840345,0.9661402997773425,0.0,0.8226705087839599,-0.6077001185581951,-0.46879277642512046,1.6053650751132906,0.3073249111813148,-1.6247834346706171,-0.3051118099792982,-0.01333220721876361,-0.5357947318808984,-0.4399797636685406,1.0656270225410356,1.003497048800932,0,0,-0.6491301303936166,1.6680188101252378,0.3763907731520813
0,1.6060816481488973,1.1775025877165695,0.0,2.06494233927304,1.1312900548315483,-0.7181203804692189,0.09489977530908213,-0.0772577294563654,0.7366333370634226,-0.7193358731975366,-0.393083524749615,-0.8820981633669397,-1.1286411541493728,1.4562543368135297,1.3587788557648328,0,1,-0.6491301303936166,1.6680188101252378,0.49019507283286007
0,1.035571366589891,0.886879441800132,0.0,1.8578970341915266,1.1312900548315483,1.7751556599717655,0.31068053242396904,-1.7437825055529794,1.0318104335301777,1.489859130633068,0.8980709548552798,-1.2441426599205136,-1.2068981303403767,0.5838533349382935,0.6618799267202584,1,1,-0.6491301303936166,1.6680188101252378,0.6039993725136388
0,0.9133191633986749,0.9925605857697455,0.0,1.2367611189469865,2.2053722207487425,-0.7181203804692189,1.3895843179984038,-0.8464230107317258,1.6221646264636875,0.7074359001097289,0.2904688468059175,-1.51174076606882,-1.4729718493897976,0.7921879025502903,1.0444911034506135,1,0,-0.6491301303936166,1.6680188101252378,0.7178036721944175
0,1.2664921948399648,0.46415486592167615,0.0,-0.6266466267866334,0.51752881716458,1.2765004518835685,0.7422420466537429,0.5637133382731015,-0.0013094041034648074,0.4773114205440409,1.0499714818676202,-0.8663570982993891,-0.7530076684325568,0.6880206187442919,0.4842390232383085,0,1,-0.6491301303936166,1.6680188101252378,0.8316079718751963
0,0.9948206321928189,0.2527925779824482,0.0,-0.21255601662360676,0.006061119108773155,-0.46879277642512046,-0.9840040102653526,0.8201017653648883,0.7366333370634226,-0.443186497718711,0.5183196373244283,-0.787651772961654,-0.6590992970033484,0.7270833501715414,0.2519393802234501,1,0,-0.6491301303936166,1.6680188101252378,0.9454122715559751
0,0.5601461319573855,0.5962562958836934,0.0,1.0297158138654732,0.31294173794225727,1.2765004518835685,0.9580228037686299,0.3073249111813148,1.9173417229304426,-0.12101222632674781,-0.4690337882557853,-0.8348749681643058,-0.8625674350999696,0.7140624396957914,0.6072211871873509,0,0,-0.6491301303936166,1.6680188101252378,1.0592165712367538
0,0.47864466316324156,0.22637229199004533,0.0,0.8226705087839599,0.31294173794225727,-0.46879277642512046,0.9580228037686299,1.3328786195484619,1.3269875299969325,-0.7193358731975366,-0.24118299773727445,-0.6459821873537346,-0.6277965065269574,0.41458149875354616,0.15628658604086157,0,0,-0.6491301303936166,1.6680188101252378,1.1730208709175325
0,0.32922530370731107,0.37168386494826455,0.0,1.0297158138654732,0.21064819833109588,-0.46879277642512046,0.9580228037686299,0.8201017653648883,1.3269875299969325,-0.9494603527632245,-0.7728348422804664,-0.47283047161071395,-0.5495395303359534,0.34947694637479726,0.37492154417249285,0,0,-0.6491301303936166,1.6680188101252378,1.2868251705983114
0,0.08472089732487988,0.8472490128115262,0.0,-0.21255601662360676,-1.0168742770028405,-0.7181203804692189,1.3895843179984038,0.1791306976354214,0.44145624059666766,-1.2256097282420502,-1.1525861598113178,-0.708946447623919,-0.8938702255763605,1.0265642911137862,0.7848620906693007,0,0,-0.6491301303936166,1.6680188101252378,1.40062947027909
0,0.38355961623674056,0.9793504427735436,0.0,-0.6266466267866334,-0.1985259601135496,-0.46879277642512046,0.9580228037686299,1.0764901924566752,-1.1820177899704847,-1.2716346241551877,-1.1525861598113178,-0.8191339030967553,-0.8312646446235609,1.1307315749197846,0.907844254618344,0,0,-0.6491301303936166,1.6680188101252378,1.514433769959869
0,0.7638998039427449,1.071821443746956,0.0,-0.6266466267866334,0.21064819833109588,-0.46879277642512046,1.173803560883517,1.3328786195484619,-0.0013094041034648074,-0.9494603527632245,-1.0766358963051474,-0.48857153667826453,-0.643447901765144,1.1437524853955345,1.112814527866748,0,0,-0.6491301303936166,1.6680188101252378,1.6282380696406475
0,1.0899056791193198,1.2171330167051753,0.0,1.8578970341915266,2.2053722207487425,-0.7181203804692189,1.173803560883517,1.5892670466402488,-0.5916635970369748,-1.2256097282420502,-1.0766358963051474,-0.787651772961654,-1.1129897589111684,1.182815216822784,1.1401438976332015,0,0,-0.6491301303936166,1.6680188101252378,1.7420423693214264
0,1.1034892572516775,1.5341764486140166,0.0,1.2367611189469865,2.0519319113320007,0.7778452437953717,-0.5524424960355787,1.5892670466402488,-0.8868406935037297,-0.9954852486763621,-0.8487851057866367,-1.464517570866186,-1.7233941732010143,1.5734425310952775,1.3997729104145131,0,1,0.12746376328417858,-1.5895723809361793,-1.6720866211019363
0,0.9676534759281045,1.5870170205988234,0.0,-0.4196013217051201,0.006061119108773155,0.5285176397512733,-0.9840040102653526,-0.0772577294563654,0.44145624059666766,-0.903435456850087,-1.0006856327989773,-1.6534103516767393,-1.6607885922481969,1.6385470834740266,1.5364197592467825,1,0,0.12746376328417858,-1.5895723809361793,-1.5582823214211574
0,1.225741460442893,1.2435533026975782,0.0,1.0297158138654732,1.1312900548315483,0.5285176397512733,0.31068053242396904,0.8201017653648883,-0.8868406935037297,-0.903435456850087,-0.5449840517619555,-1.4172943756635343,-1.4729718493897976,1.5474007101437777,1.3041201162319251,0,0,0.12746376328417858,-1.5895723809361793,-1.4444780217403788
0,1.7419174294724702,0.7547780118381147,0.0,-1.0407372369496601,0.006061119108773155,1.2765004518835685,-0.7682232531504656,0.8201017653648883,1.3269875299969325,-0.7653607691106742,-0.24118299773727445,-1.3700711804609005,-1.2068981303403767,1.2869825006287818,0.812191460435755,0,0,0.12746376328417858,-1.5895723809361793,-1.3306737220595999
0,1.5789144918841829,1.111451872735561,0.0,-1.0407372369496601,2.2053722207487425,-0.9674479845133174,-0.7682232531504656,1.3328786195484619,1.9173417229304426,-0.3051118099792982,0.3664191103120878,-1.5589639612714539,-1.4729718493897976,1.4562543368135297,1.0854851581002938,0,0,0.12746376328417858,-1.5895723809361793,-1.2168694223788212
0,1.6332488044136118,0.5434157238988867,0.0,-0.6266466267866334,1.3358771340538709,-0.9674479845133174,-1.1997847673802395,1.717461260186142,2.360107367630575,0.38526162871776576,0.7461704278429392,-1.6061871564741055,-1.6138344065336014,1.104689753968285,0.6618799267202584,0,0,0.12746376328417858,-1.5895723809361793,-1.1030651226980426
0,1.3072429292370369,-0.24919285587321727,0.0,-1.0407372369496601,0.006061119108773155,-0.46879277642512046,0.7422420466537429,1.0764901924566752,0.29386769236329013,1.6739587142856185,2.45505135673177,-1.9367495228925962,-1.7390455684392008,0.5057278720837945,-0.30831269998885436,0,1,0.12746376328417858,-1.5895723809361793,-0.9892608230172637
0,1.0763221009869623,-0.6190768597668659,0.0,-0.8336919318681467,-0.6077001185581951,-0.9674479845133174,0.9580228037686299,-0.0772577294563654,-0.8868406935037297,1.9961329856775816,2.45505135673177,-2.2043476290408845,-2.0677248684414216,0.44062331970504565,-0.5679417127701666,1,1,0.12746376328417858,-1.5895723809361793,-0.8754565233364849
0,1.0899056791193198,-0.43413485782004135,0.0,0.6156252037024466,0.7221158963869028,1.0271728478394702,0.9580228037686299,0.1791306976354214,0.29386769236329013,1.950108089764444,2.45505135673177,-2.8182491666752143,-2.4903125398728507,0.46666514065654563,-0.8549000953179321,1,1,0.12746376328417858,-1.5895723809361793,-0.7616522236557063
0,0.2069731005160956,-1.2663738665807507,0.0,0.6156252037024466,0.9267029756092254,1.0271728478394702,0.526461289538856,1.3328786195484619,0.7366333370634226,2.1342076734169946,2.45505135673177,-2.4089814749190066,-1.7703483589156097,-0.6010495183549374,-1.2238465871650595,1,1,0.12746376328417858,-1.5895723809361793,-0.6478479239749275
0,0.19338952238373835,-0.407714571827638,0.0,0.6156252037024466,-0.6077001185581951,1.0271728478394702,0.7422420466537429,0.5637133382731015,0.29386769236329013,1.719983610198756,2.1892254344601745,-1.6061871564741055,-1.441669058913389,-0.24948493550969272,-0.37663612440498906,1,0,0.12746376328417858,-1.5895723809361793,-0.5340436242941488
0,0.47864466316324156,0.5566258668950886,0.0,1.4438064240284998,-0.1985259601135496,-0.9674479845133174,1.3895843179984038,-2.0001709326447665,-0.0013094041034648074,0.9835852755885545,0.6702201643367689,-1.6376692866091889,-1.5981830112953972,0.46666514065654563,0.5662271325376703,0,0,0.12746376328417858,-1.5895723809361793,-0.42023932461337
0,1.049154944722248,0.8340388698153253,0.0,1.2367611189469865,-0.6077001185581951,1.2765004518835685,1.8211458322281777,-0.0772577294563654,0.44145624059666766,0.017062461412664976,0.2145185832997472,-1.3385890503257993,-1.2851551065313809,0.8963551863562882,0.8258561453189821,0,0,0.12746376328417858,-1.5895723809361793,-0.3064350249325912
0,0.7231490695456729,0.7944084408267195,0.0,1.0297158138654732,0.006061119108773155,-0.46879277642512046,0.9580228037686299,1.0764901924566752,-0.5916635970369748,-0.6272860813712614,-0.5449840517619555,-1.070990944177511,-1.0503841779583687,0.8963551863562882,0.7848620906693007,0,0,0.12746376328417858,-1.5895723809361793,-0.19263072525181246
0,0.7095654914133155,0.8076185838229214,0.0,0.8226705087839599,0.31294173794225727,-0.9674479845133174,-0.7682232531504656,0.3073249111813148,0.44145624059666766,-0.6272860813712614,-0.6968845787742961,-1.0237677489748591,-1.0973383636729819,0.9614597387350372,0.8395208302022092,0,0,0.12746376328417858,-1.5895723809361793,-0.07882642557103371
0,0.73673264767803,1.1775025877165695,0.0,-1.0407372369496601,0.7221158963869028,-0.7181203804692189,-1.1997847673802395,0.8201017653648883,1.0318104335301777,-0.8574105609369493,-1.0766358963051474,-1.0552498791099603,-0.987778597005569,1.1307315749197846,1.1401438976332015,0,0,0.12746376328417858,-1.5895723809361793,0.03497787410974503
0,0.7503162258103875,1.3096040176785868,0.0,-0.21255601662360676,-0.1985259601135496,1.525828055927667,-0.9840040102653526,0.1791306976354214,-0.2964865005702198,-1.1795848323289124,-1.0006856327989773,-0.9765445537722253,-0.8938702255763605,1.5083379787165287,1.2631260615822437,0,0,0.12746376328417858,-1.5895723809361793,0.14878217379052378
0,0.8861520071339605,1.3228141606747887,0.0,-0.21255601662360676,-0.1985259601135496,-0.9674479845133174,-0.12088098180580481,-0.590034583639939,-0.8868406935037297,-0.903435456850087,-1.0006856327989773,-0.8506160332318385,-0.8156132493853565,1.4302125158620298,1.3861082255312869,0,0,0.12746376328417858,-1.5895723809361793,0.26258647347130254
0,0.9133191633986749,1.507756162621613,0.0,0.20153459353941988,0.31294173794225727,0.7778452437953717,0.31068053242396904,1.0764901924566752,-0.0013094041034648074,0.10911225323894017,-0.6968845787742961,-1.149696269515246,-1.2382009208167855,1.3781288739590307,1.686731292962279,0,0,0.12746376328417858,-1.5895723809361793,0.3763907731520813
0,1.9185039451931152,1.7587488795494466,0.0,2.06494233927304,0.7221158963869028,2.772466076148159,1.173803560883517,1.717461260186142,1.3269875299969325,-0.7193358731975366,-1.1525861598113178,-1.5589639612714539,-1.25385231605499,2.00313257679502,1.7960487720280953,0,0,0.12746376328417858,-1.5895723809361793,0.49019507283286007
0,1.3072429292370369,1.3360243036709907,0.0,1.4438064240284998,1.1312900548315483,1.0271728478394702,1.173803560883517,0.5637133382731015,1.3269875299969325,-0.443186497718711,-0.5449840517619555,-1.149696269515246,-1.1286411541493728,1.1307315749197846,1.3861082255312869,0,0,0.12746376328417858,-1.5895723809361793,0.6039993725136388
0,0.8997355852663179,1.2171330167051753,0.0,1.0297158138654732,-0.1985259601135496,-0.9674479845133174,0.7422420466537429,0.1791306976354214,-0.5916635970369748,-0.9494603527632245,-0.8487851057866367,-1.3543301153933498,-1.488623244628002,0.8572924549290393,1.099149842983521,0,0,0.12746376328417858,-1.5895723809361793,0.7178036721944175
0,0.8861520071339605,1.468125733633008,0.0,-1.0407372369496601,-0.1985259601135496,0.02986243166307639,0.526461289538856,-0.33364615654815216,-1.1820177899704847,-0.903435456850087,-0.924735369292807,-1.5747050263390043,-1.629485801771806,1.5083379787165287,1.4544316499474217,0,0,0.12746376328417858,-1.5895723809361793,0.8316079718751963
0,1.2121578823105355,1.5209663056178149,0.0,1.8578970341915266,0.7221158963869028,-0.9674479845133174,1.6053650751132906,0.8201017653648883,0.29386769236329013,-0.9494603527632245,-0.7728348422804664,-1.7793388722171262,-1.6607885922481969,1.6515679939497765,1.4271022801809674,0,0,0.12746376328417858,-1.5895723809361793,0.9454122715559751
0,1.4566622886929668,1.1510823017241667,0.0,-1.0407372369496601,0.9267029756092254,-0.9674479845133174,0.7422420466537429,2.230238114369716,-0.8868406935037297,-1.2716346241551877,-0.6209343152681258,-1.2598837249880643,-1.144292549387577,1.221877948250033,1.1674732673996557,0,0,0.12746376328417858,-1.5895723809361793,1.0592165712367538
0,1.4566622886929668,0.9000895847963338,0.0,-1.0407372369496601,0.21064819833109588,-0.9674479845133174,-1.1997847673802395,1.5892670466402488,0.44145624059666766,-0.8574105609369493,-0.3171332612434447,-1.0080266839073087,-1.1129897589111684,0.9614597387350372,0.7575327209028474,0,0,0.12746376328417858,-1.5895723809361793,1.1730208709175325
0,1.2664921948399648,0.34526357895586074,0.0,-0.21255601662360676,0.21064819833109588,-0.9674479845133174,-0.9840040102653526,1.3328786195484619,1.0318104335301777,-1.0875350405026374,-0.16523273423110416,-1.0867320092450437,-0.9721272017673647,0.9614597387350372,0.3202628046395848,0,0,0.12746376328417858,-1.5895723809361793,1.2868251705983114
0,0.641647600751529,0.6623070108647021,0.0,-1.0407372369496601,0.51752881716458,-0.9674479845133174,-1.1997847673802395,1.5892670466402488,-0.2964865005702198,-0.9494603527632245,-0.924735369292807,-1.1654373345827787,-1.1599439446257815,0.8052088130260399,0.6755446116034856,0,0,0.12746376328417858,-1.5895723809361793,1.40062947027909
0,0.1390552098543091,0.675517153860904,0.0,-1.0407372369496601,0.31294173794225727,-0.7181203804692189,0.7422420466537429,0.5637133382731015,-1.1820177899704847,-0.9954852486763621,-1.0766358963051474,-1.1182141393801448,-1.0503841779583687,0.7531251711230409,0.6892092964867127,0,0,0.12746376328417858,-1.5895723809361793,1.514433769959869
0,-0.010364149601621101,0.9925605857697455,0.0,1.0297158138654732,0.7221158963869028,-0.7181203804692189,1.3895843179984038,-0.590034583639939,-0.5916635970369748,-1.1795848323289124,-1.1525861598113178,-1.1654373345827787,-1.2068981303403767,1.0005224701622866,1.0171617336841592,0,0,0.12746376328417858,-1.5895723809361793,1.6282380696406475
0,0.7774833820751019,1.3360243036709907,0.0,1.4438064240284998,0.006061119108773155,-0.9674479845133174,0.7422420466537429,-1.4873940784611928,-0.2964865005702198,-1.1795848323289124,-1.0766358963051474,-1.385812245528451,-1.2851551065313809,1.156773395871284,1.3177848011151523,0,0,0.12746376328417858,-1.5895723809361793,1.7420423693214264
0,1.144239991648749,1.3888648756557975,0.0,0.8226705087839599,0.006061119108773155,-0.46879277642512046,0.9580228037686299,-0.590034583639939,-0.0013094041034648074,-1.2256097282420502,-1.0766358963051474,-1.1654373345827787,-1.0503841779583687,1.4432334263377797,1.3724435406480597,0,0,0.12746376328417858,-1.2934277272033232,-1.6720866211019363
0,1.2529086167076073,0.8472490128115262,0.0,-1.0407372369496601,1.5404642132761937,-0.9674479845133174,-1.1997847673802395,2.230238114369716,0.7366333370634226,-1.1795848323289124,-0.8487851057866367,-0.3311608860027945,-0.23651162557193714,0.8312506339775393,0.7302033511363931,0,0,0.12746376328417858,-1.2934277272033232,-1.5582823214211574
0,0.46506108503088406,0.6226765818760973,0.0,-0.8336919318681467,0.9267029756092254,-0.9674479845133174,0.7422420466537429,1.717461260186142,0.44145624059666766,-1.1795848323289124,-1.228536423317488,-0.14226810519222324,-0.15825464938093306,0.7010415292200414,0.5662271325376703,0,0,0.12746376328417858,-1.2934277272033232,-1.4444780217403788
0,0.505811819427956,0.7811982978305175,0.0,-0.6266466267866334,1.6427577528873551,-0.9674479845133174,-1.1997847673802395,0.3073249111813148,-0.5916635970369748,-0.9954852486763621,-0.924735369292807,-0.3626430161378956,-0.4086769731921318,0.9484388282592877,0.8258561453189821,0,0,0.12746376328417858,-1.2934277272033232,-1.3306737220595999
0,0.5193953975603135,0.886879441800132,0.0,-1.0407372369496601,0.31294173794225727,-0.7181203804692189,-0.7682232531504656,-0.33364615654815216,0.29386769236329013,-1.0875350405026374,-1.0766358963051474,-0.6774643174888357,-0.612145111288753,1.0265642911137862,0.9351736243847972,0,0,0.12746376328417858,-1.2934277272033232,-1.2168694223788212
0,0.5329789756926705,1.1775025877165695,0.0,0.8226705087839599,0.21064819833109588,0.02986243166307639,-0.5524424960355787,1.0764901924566752,-0.8868406935037297,-1.0875350405026374,-1.0766358963051474,-0.5357947318808984,-0.5495395303359534,1.2609406796772824,1.2357966918157903,0,0,0.12746376328417858,-1.2934277272033232,-1.1030651226980426
0,0.7095654914133155,1.4417054476406042,0.0,-1.0407372369496601,-0.8122871977805178,0.02986243166307639,-1.1997847673802395,-0.33364615654815216,0.29386769236329013,-0.903435456850087,-1.0006856327989773,-0.3941251462729789,-0.3147686017629412,1.4302125158620298,1.4271022801809674,0,0,0.12746376328417858,-1.2934277272033232,-0.9892608230172637
0,0.9948206321928189,1.5870170205988234,0.0,-0.6266466267866334,0.51752881716458,-0.9674479845133174,-0.7682232531504656,-0.33364615654815216,-0.5916635970369748,-0.9494603527632245,-0.924735369292807,-0.189491300394875,-0.1426032541427287,1.6645889044255255,1.5500844441300097,0,0,0.12746376328417858,-1.2934277272033232,-0.8754565233364849
0,1.2936593511046794,1.5605967346064205,0.0,-0.8336919318681467,1.6427577528873551,-0.7181203804692189,-0.9840040102653526,0.3073249111813148,1.9173417229304426,-1.133559936415775,-1.0006856327989773,0.04662467561833009,-0.09564906842811557,1.6645889044255255,1.5637491290132368,0,0,0.12746376328417858,-1.2934277272033232,-0.7616522236557063
0,1.035571366589891,1.6266474495874292,0.0,-1.0407372369496601,2.2053722207487425,-0.9674479845133174,-0.9840040102653526,-0.590034583639939,2.0649302711638198,-1.2256097282420502,-1.0766358963051474,-0.22097343052995827,-0.2834658112865324,1.6515679939497765,1.7277253476119605,0,0,0.12746376328417858,-1.2934277272033232,-0.6478479239749275
0,1.130656413516392,1.6134373065912273,0.0,0.8226705087839599,0.31294173794225727,-0.46879277642512046,0.526461289538856,-0.33364615654815216,2.360107367630575,-1.2716346241551877,-1.0766358963051474,-0.5200536668133657,-0.7060534827179615,1.6906307253770254,1.6047431836629173,0,0,0.12746376328417858,-1.2934277272033232,-0.5340436242941488
0,1.1985743041781785,1.4152851616482012,0.0,-1.0407372369496601,0.7221158963869028,-0.9674479845133174,0.9580228037686299,0.1791306976354214,-0.5916635970369748,-1.5017591037208757,-1.3044866868236584,-0.5200536668133657,-0.7373562731943525,1.4953170682407786,1.4134375952977403,0,0,0.12746376328417858,-1.2934277272033232,-0.42023932461337
0,1.3615772417664658,1.48133587662921,0.0,-0.8336919318681467,0.51752881716458,0.2791900357071748,-1.1997847673802395,-0.590034583639939,-0.0013094041034648074,-1.133559936415775,-1.0766358963051474,-0.7719107078941034,-0.7999618541471522,1.6515679939497765,1.4271022801809674,0,0,0.12746376328417858,-1.2934277272033232,-0.3064350249325912
0,1.6468323825459692,1.507756162621613,0.0,-0.8336919318681467,0.21064819833109588,-0.7181203804692189,-0.9840040102653526,1.3328786195484619,-0.0013094041034648074,-1.1795848323289124,-1.0006856327989773,-0.6932053825563684,-0.7843104589089656,1.7557352777557744,1.5364197592467825,0,0,0.12746376328417858,-1.2934277272033232,-0.19263072525181246
0,1.225741460442893,1.5870170205988234,0.0,-0.8336919318681467,0.7221158963869028,-0.7181203804692189,-0.7682232531504656,0.8201017653648883,1.0318104335301777,-1.0875350405026374,-1.0006856327989773,-0.9293213585695735,-0.8312646446235609,1.7557352777557744,1.5364197592467825,0,0,0.12746376328417858,-1.2934277272033232,-0.07882642557103371
0,1.3615772417664658,1.5473865916102185,0.0,-0.21255601662360676,1.6427577528873551,-0.46879277642512046,-1.1997847673802395,0.3073249111813148,0.29386769236329013,-1.0415101445894996,-0.924735369292807,-0.7246875126914696,-0.7999618541471522,1.7427143672800245,1.591078498779691,0,0,0.12746376328417858,-1.2934277272033232,0.03497787410974503
0,1.5517473356194678,1.1642924447203686,0.0,0.8226705087839599,0.31294173794225727,-0.46879277642512046,-1.1997847673802395,0.8201017653648883,-1.6247834346706171,-0.6733109772843989,-0.4690337882557853,-0.6774643174888357,-0.6277965065269574,1.247919769201533,1.1538085825164286,0,0,0.12746376328417858,-1.2934277272033232,0.14878217379052378
0,1.4430787105606098,1.2171330167051753,0.0,0.8226705087839599,1.1312900548315483,1.525828055927667,0.9580228037686299,-0.8464230107317258,-1.4771948864372397,-0.39716160180557336,-0.6209343152681258,-0.708946447623919,-0.987778597005569,1.247919769201533,1.2221320069325632,0,0,0.12746376328417858,-1.2934277272033232,0.26258647347130254
0,1.5109966012223963,1.1907127307127714,0.0,-0.8336919318681467,0.21064819833109588,-0.7181203804692189,2.036926589343065,0.8201017653648883,-0.8868406935037297,-1.3176595200683252,-1.0006856327989773,-1.0867320092450437,-1.1286411541493728,1.313024321580282,1.2767907464654709,0,0,0.12746376328417858,-1.2934277272033232,0.3763907731520813
0,1.2393250385752503,1.3624445896633945,0.0,-0.8336919318681467,0.31294173794225727,-0.7181203804692189,-0.7682232531504656,1.717461260186142,-0.0013094041034648074,-0.9954852486763621,-1.0006856327989773,-1.4487765057986355,-1.4573204541515934,1.3390661425317814,1.2494613766990175,0,0,0.12746376328417858,-1.2934277272033232,0.49019507283286007
0,1.2936593511046794,1.2171330167051753,0.0,-0.8336919318681467,0.9267029756092254,-0.7181203804692189,-0.9840040102653526,2.230238114369716,0.44145624059666766,-0.7653607691106742,-0.7728348422804664,-1.6061871564741055,-1.5981830112953972,1.313024321580282,1.290455431348698,0,0,0.12746376328417858,-1.2934277272033232,0.6039993725136388
0,1.3479936636341083,0.4245244369330713,0.0,1.0297158138654732,0.9267029756092254,-0.9674479845133174,0.526461289538856,-0.590034583639939,0.29386769236329013,-0.7653607691106742,1.2778222723861312,-1.5432228962039212,-1.0973383636729819,1.091668843492535,0.2519393802234501,0,1,0.12746376328417858,-1.2934277272033232,0.7178036721944175
0,0.8182341164721739,0.7283577258457108,0.0,1.0297158138654732,1.1312900548315483,1.2765004518835685,0.7422420466537429,-1.1028114378235125,0.44145624059666766,1.3057595469805177,0.4423693738182581,-0.6617232524212852,-0.6590992970033484,0.3104142149475478,0.6618799267202584,1,0,0.12746376328417858,-1.2934277272033232,0.8316079718751963
0,0.8725684290016029,0.8736692988039301,0.0,-1.0407372369496601,0.51752881716458,1.2765004518835685,-1.1997847673802395,-0.33364615654815216,0.7366333370634226,-0.213062018153023,-0.24118299773727445,-0.3783840812054283,-0.533888135097749,0.7270833501715414,0.8805148848518897,0,0,0.12746376328417858,-1.2934277272033232,0.9454122715559751
0,0.9133191633986749,1.1510823017241667,0.0,-1.0407372369496601,-0.1985259601135496,-0.9674479845133174,-0.9840040102653526,1.0764901924566752,-0.5916635970369748,-0.903435456850087,-0.24118299773727445,-0.7404285777590202,-0.9564758065291603,1.052606112065286,1.0581557883338395,0,0,0.12746376328417858,-1.2934277272033232,1.0592165712367538
0,1.3208265073693939,1.5209663056178149,0.0,0.8226705087839599,0.006061119108773155,-0.9674479845133174,0.09489977530908213,0.1791306976354214,-1.4771948864372397,-1.0875350405026374,-0.5449840517619555,-1.307106920190716,-1.519926035104393,1.5083379787165287,1.5227550743635565,0,0,0.12746376328417858,-1.2934277272033232,1.1730208709175325
0,1.4159115542958949,1.5605967346064205,0.0,1.4438064240284998,0.7221158963869028,-0.7181203804692189,-0.5524424960355787,0.3073249111813148,0.44145624059666766,-1.0415101445894996,-0.3171332612434447,-1.7635978071495755,-1.8486053351066136,1.6125052625225267,1.5227550743635565,0,0,0.12746376328417858,-1.2934277272033232,1.2868251705983114
0,1.6468323825459692,1.3492344466671926,0.0,1.4438064240284998,0.51752881716458,1.525828055927667,1.173803560883517,-2.0001709326447665,1.0318104335301777,-0.6733109772843989,0.2145185832997472,-1.9210084578250457,-1.6138344065336014,1.6515679939497765,1.4271022801809674,0,0,0.12746376328417858,-1.2934277272033232,1.40062947027909
0,1.5109966012223963,0.8736692988039301,0.0,-0.6266466267866334,1.3358771340538709,-0.46879277642512046,-1.1997847673802395,1.0764901924566752,1.3269875299969325,0.29321183689149055,0.13856831979357695,-1.2598837249880643,-1.0503841779583687,0.8442715444532892,0.8395208302022092,0,0,0.12746376328417858,-0.9972830734704672,-1.6720866211019363
0,1.7690845857371846,1.3096040176785868,0.0,-1.0407372369496601,-0.1985259601135496,-0.9674479845133174,0.09489977530908213,1.3328786195484619,-0.8868406935037297,-0.6733109772843989,-0.5449840517619555,-1.3543301153933498,-1.3790634779605893,1.1307315749197846,1.3041201162319251,0,0,0.12746376328417858,-0.9972830734704672,-1.5582823214211574
0,1.6875831169430409,1.6002271635950254,0.0,-1.0407372369496601,1.5404642132761937,-0.46879277642512046,-0.9840040102653526,0.3073249111813148,0.44145624059666766,-0.9954852486763621,-0.8487851057866367,-1.1654373345827787,-1.0503841779583687,1.5213588891922787,1.7413900324951868,0,0,0.12746376328417858,-0.9972830734704672,-1.4444780217403788
0,1.5109966012223963,1.428495304644403,0.0,-1.0407372369496601,1.1312900548315483,-0.46879277642512046,-0.9840040102653526,0.8201017653648883,0.7366333370634226,-1.133559936415775,-0.8487851057866367,-0.5672768620159996,-0.6590992970033484,1.3000034111045318,1.468096334830648,0,0,0.12746376328417858,-0.9972830734704672,-1.3306737220595999
0,1.4294951324282523,0.9000895847963338,0.0,0.8226705087839599,0.9267029756092254,-0.46879277642512046,-1.1997847673802395,1.3328786195484619,1.0318104335301777,-0.39716160180557336,-0.4690337882557853,-0.016339584651854352,-0.15825464938093306,0.7791669920745403,0.7985267755525278,0,0,0.12746376328417858,-0.9972830734704672,-1.2168694223788212
0,1.1578235697811063,0.38489400794446554,0.0,-1.0407372369496601,0.006061119108773155,-0.9674479845133174,0.7422420466537429,1.3328786195484619,0.44145624059666766,-0.5352362895449861,-0.3171332612434447,-0.26819662573261005,-0.37737418271574086,0.4796860511322951,0.30659811975635815,0,0,0.12746376328417858,-0.9972830734704672,-1.1030651226980426
0,1.0763221009869623,0.26600272097865013,0.0,-1.0407372369496601,-0.40311303933587234,-0.46879277642512046,-0.7682232531504656,0.1791306976354214,-0.8868406935037297,-1.133559936415775,-0.924735369292807,-0.5987589921511007,-0.5182367398595447,0.5187487825595446,0.1972806406905425,0,0,0.12746376328417858,-0.9972830734704672,-0.9892608230172637
0,0.546562553825028,0.6226765818760973,0.0,-0.8336919318681467,-1.0168742770028405,-0.46879277642512046,1.3895843179984038,-0.33364615654815216,-0.8868406935037297,-0.5352362895449861,-0.7728348422804664,-0.5043126017458152,-0.5808423208123443,0.3885396778020467,0.5525624476544432,0,0,0.12746376328417858,-0.9972830734704672,-0.8754565233364849
0,0.9676534759281045,0.688727296857106,0.0,-0.8336919318681467,0.006061119108773155,-0.9674479845133174,-0.9840040102653526,1.0764901924566752,-1.4771948864372397,-0.7193358731975366,-0.5449840517619555,-0.6459821873537346,-0.6590992970033484,0.7270833501715414,0.6482152418370313,0,0,0.12746376328417858,-0.9972830734704672,-0.7616522236557063
0,1.1849907260458208,0.6623070108647021,0.0,-1.0407372369496601,0.21064819833109588,-0.9674479845133174,1.173803560883517,1.717461260186142,-1.1820177899704847,-0.8113856650238117,-0.5449840517619555,-0.5200536668133657,-0.5808423208123443,0.7140624396957914,0.6755446116034856,0,0,0.12746376328417858,-0.9972830734704672,-0.6478479239749275
0,0.8182341164721739,0.9132997277925349,0.0,-1.0407372369496601,0.31294173794225727,-0.9674479845133174,1.3895843179984038,0.8201017653648883,-0.8868406935037297,-0.903435456850087,-0.6968845787742961,-0.4570894065431634,-0.4243283684303362,0.9484388282592877,0.9625029941512515,0,0,0.12746376328417858,-0.9972830734704672,-0.5340436242941488
0,0.8725684290016029,0.7019374398533079,0.0,1.0297158138654732,0.7221158963869028,-0.46879277642512046,0.9580228037686299,1.3328786195484619,1.6221646264636875,-1.0415101445894996,-1.0766358963051474,-0.04782171478695552,-0.189557439857324,0.6880206187442919,0.6892092964867127,0,0,0.12746376328417858,-0.9972830734704672,-0.42023932461337
0,0.5737297100897425,0.6226765818760973,0.0,-0.6266466267866334,0.7221158963869028,-0.46879277642512046,-0.9840040102653526,1.5892670466402488,-0.5916635970369748,-0.8574105609369493,-0.924735369292807,-0.12652704012469054,-0.29911720652473683,0.6359369768412925,0.6072211871873509,0,0,0.12746376328417858,-0.9972830734704672,-0.3064350249325912
0,0.682398335148601,0.8208287268191233,0.0,-1.0407372369496601,0.006061119108773155,-0.9674479845133174,-1.1997847673802395,1.0764901924566752,0.29386769236329013,-0.9494603527632245,-0.924735369292807,-0.2524555606650594,-0.37737418271574086,0.8182297235017898,0.7848620906693007,0,0,0.12746376328417858,-0.9972830734704672,-0.19263072525181246
0,0.15263878798666636,1.1246620157317628,0.0,-0.8336919318681467,-0.1985259601135496,-0.9674479845133174,1.3895843179984038,-0.8464230107317258,0.44145624059666766,-1.3176595200683252,-1.228536423317488,-0.5043126017458152,-0.6904020874797572,0.7921879025502903,1.0308264185673863,0,0,0.12746376328417858,-0.9972830734704672,-0.07882642557103371
0,0.07113731919252263,1.494546019625412,0.0,1.650851729110013,0.51752881716458,-0.46879277642512046,2.036926589343065,-2.0001709326447665,0.29386769236329013,-1.5017591037208757,-1.228536423317488,-1.0237677489748591,-1.3008065017695853,0.9354179177835377,1.6184078685461445,0,0,0.12746376328417858,-0.9972830734704672,0.03497787410974503
0,1.1714071479134638,1.6134373065912273,0.0,1.0297158138654732,0.21064819833109588,1.0271728478394702,0.09489977530908213,0.1791306976354214,-1.1820177899704847,-0.7193358731975366,-0.6209343152681258,-1.7163746119469239,-1.6451371970100102,1.6515679939497765,1.5500844441300097,0,0,0.12746376328417858,-0.9972830734704672,0.14878217379052378
0,1.2121578823105355,1.5738068776026215,0.0,-1.0407372369496601,-0.40311303933587234,-0.9674479845133174,0.526461289538856,1.0764901924566752,-1.6247834346706171,-0.8574105609369493,-0.6209343152681258,-1.464517570866186,-1.410366268436998,1.5343797996680277,1.481761019713875,0,0,0.12746376328417858,-0.9972830734704672,0.26258647347130254
0,1.2936593511046794,1.6398575925836303,0.0,1.2367611189469865,1.8473448321096777,-0.46879277642512046,1.8211458322281777,-0.590034583639939,-0.8868406935037297,-1.2256097282420502,-1.0006856327989773,-1.1654373345827787,-0.9721272017673647,1.7817770987072743,1.6184078685461445,0,0,0.12746376328417858,-0.9972830734704672,0.3763907731520813
0,1.3887443980311804,1.2039228737089733,0.0,1.0297158138654732,1.8473448321096777,-0.9674479845133174,-0.7682232531504656,0.3073249111813148,-0.2964865005702198,-0.6733109772843989,-0.3171332612434447,-0.12652704012469054,-0.04869488271352026,1.3781288739590307,1.0718204732170666,0,0,0.12746376328417858,-0.9972830734704672,0.49019507283286007
0,0.8861520071339605,0.9132997277925349,0.0,-0.8336919318681467,0.31294173794225727,-0.9674479845133174,-0.9840040102653526,1.3328786195484619,0.44145624059666766,-0.3511367058924358,-0.24118299773727445,0.1568121310911663,0.07651627919207912,0.8182297235017898,0.9351736243847972,0,0,0.12746376328417858,-0.9972830734704672,0.6039993725136388
0,0.600896866354457,1.1246620157317628,0.0,1.2367611189469865,1.6427577528873551,-0.9674479845133174,-0.7682232531504656,0.5637133382731015,-1.1820177899704847,-0.903435456850087,-0.5449840517619555,-0.26819662573261005,-0.4869339493831359,0.8963551863562882,1.1538085825164286,0,0,0.12746376328417858,-0.9972830734704672,0.7178036721944175
0,1.035571366589891,0.04143029004322077,0.0,0.6156252037024466,0.31294173794225727,1.0271728478394702,0.526461289538856,1.973849687277929,0.44145624059666766,1.0756350674148296,0.8980709548552798,-0.17375023532732442,0.04521348871568817,0.19322602066579989,0.10162784650795398,0,0,0.12746376328417858,-0.9972830734704672,0.8316079718751963
0,0.628064022619172,-0.1699319978960067,0.0,-1.0407372369496601,0.21064819833109588,-0.46879277642512046,-0.7682232531504656,1.3328786195484619,0.29386769236329013,-0.3051118099792982,0.3664191103120878,0.28274065163153517,0.2486816268122916,-0.028129457421946422,-0.1989952209230387,0,0,0.12746376328417858,-0.9972830734704672,0.9454122715559751
0,0.8046505383398165,-0.6454971457592692,0.0,-0.6266466267866334,-0.8122871977805178,-0.46879277642512046,-0.7682232531504656,-0.590034583639939,-0.2964865005702198,-0.7193358731975366,0.06261805628740667,0.42441023723945465,0.6243151125291075,0.03697509495680251,-0.5542770278869394,0,0,0.12746376328417858,-0.9972830734704672,1.0592165712367538
0,0.5737297100897425,-0.11709142591119993,0.0,-1.0407372369496601,0.51752881716458,-0.46879277642512046,-0.7682232531504656,1.0764901924566752,0.7366333370634226,-0.7193358731975366,-0.24118299773727445,0.9123832543334154,0.9999485982459413,0.010933274005303032,-0.10334242674045017,0,0,0.12746376328417858,-0.9972830734704672,1.1730208709175325
0,0.46506108503088406,0.12069114802043136,0.0,-1.0407372369496601,0.51752881716458,-0.9674479845133174,-1.1997847673802395,1.3328786195484619,0.7366333370634226,-0.7193358731975366,-0.5449840517619555,0.9123832543334154,0.6399665077673119,-0.002087636470446941,0.07429847674150018,0,0,0.12746376328417858,-0.9972830734704672,1.2868251705983114
0,0.41072677250145506,0.05464043303942269,0.0,-0.8336919318681467,-0.40311303933587234,-0.7181203804692189,0.7422420466537429,1.0764901924566752,-1.4771948864372397,-0.9954852486763621,-0.7728348422804664,0.39292810710437137,0.2799844172887004,0.12812146828705093,0.1426219011576349,0,0,0.12746376328417858,-0.9972830734704672,1.40062947027909
0,0.8997355852663179,-0.3548739998428312,0.0,-0.21255601662360676,-0.6077001185581951,0.02986243166307639,-0.33666173892069173,0.8201017653648883,0.29386769236329013,-0.9954852486763621,0.9740212183614501,0.42441023723945465,0.6869206934819251,0.37551876732629674,-0.3219773848720815,0,0,0.12746376328417858,-0.9972830734704672,1.514433769959869
0,0.1390552098543091,0.46415486592167615,0.0,-0.21255601662360676,0.006061119108773155,-0.46879277642512046,-0.7682232531504656,-0.33364615654815216,0.44145624059666766,0.06308735732580258,-0.4690337882557853,0.6133030180500258,0.5147553458617126,-0.08021309932494586,0.4295802837054009,0,0,0.12746376328417858,-0.9972830734704672,1.6282380696406475
0,-0.010364149601621101,0.47736500891787803,0.0,-0.8336919318681467,-0.1985259601135496,-0.9674479845133174,0.7422420466537429,0.1791306976354214,-0.0013094041034648074,-0.48921139363184857,-0.6209343152681258,0.4401513023070052,0.1391218601448966,0.3234351254232978,0.5115683930047618,0,0,0.12746376328417858,-0.9972830734704672,1.7420423693214264
0,0.19338952238373835,0.7151475828495089,0.0,0.6156252037024466,0.21064819833109588,-0.7181203804692189,-1.1997847673802395,-0.0772577294563654,-1.6247834346706171,-0.903435456850087,-0.8487851057866367,-0.189491300394875,-0.07999767318992901,0.622916066365543,0.7711974057860745,0,0,0.12746376328417858,-0.701138419737611,-1.6720866211019363
0,1.0627385228546053,-0.31524357085422594,0.0,1.0297158138654732,-1.0168742770028405,1.525828055927667,0.7422420466537429,0.1791306976354214,-0.8868406935037297,0.4773114205440409,1.2778222723861312,0.030883610550779508,0.23303023157408725,0.3104142149475478,-0.22632459068949295,0,0,0.12746376328417858,-0.701138419737611,-1.5582823214211574
0,0.41072677250145506,0.5169954379064828,0.0,-1.0407372369496601,0.51752881716458,-0.9674479845133174,1.8211458322281777,0.5637133382731015,-1.1820177899704847,1.1216599633279674,0.13856831979357695,-0.0005985195843037679,-0.12695185890452432,0.11510055781130096,0.538897762771216,0,0,0.12746376328417858,-0.701138419737611,-1.4444780217403788
0,0.8725684290016029,0.37168386494826455,0.0,0.8226705087839599,-0.1985259601135496,-0.9674479845133174,1.8211458322281777,1.0764901924566752,-0.8868406935037297,0.5233363164571785,0.2145185832997472,-0.20523236546242557,-0.2834658112865324,0.40156058827779667,0.5252330778879889,0,0,0.12746376328417858,-0.701138419737611,-1.3306737220595999
0,0.8589848508692459,0.18674186300144002,0.0,0.6156252037024466,0.31294173794225727,1.2765004518835685,1.3895843179984038,0.8201017653648883,-1.1820177899704847,0.43128652463090333,0.3664191103120878,-0.34690195107034505,-0.3304199970011278,0.23228875209304933,0.2382746953402234,0,0,0.12746376328417858,-0.701138419737611,-1.2168694223788212
0,-0.32278644664583905,-0.46055514381244517,0.0,1.0297158138654732,0.51752881716458,1.2765004518835685,0.7422420466537429,0.8201017653648883,1.0318104335301777,0.10911225323894017,0.06261805628740667,0.1568121310911663,0.15477325538308317,-0.2755267564611927,-0.5406123430037123,0,0,0.12746376328417858,-0.701138419737611,-1.1030651226980426
0,-0.3092028685134818,-0.7379681467326813,0.0,-0.6266466267866334,0.31294173794225727,-0.46879277642512046,0.7422420466537429,1.3328786195484619,0.7366333370634226,0.10911225323894017,-0.16523273423110416,0.8336779289956804,0.8434346458639331,-0.666154070733686,-0.8139060406682511,0,0,0.12746376328417858,-0.701138419737611,-0.9892608230172637
0,-0.730293790616558,-0.5662362877820587,0.0,-1.0407372369496601,0.31294173794225727,-0.9674479845133174,-0.7682232531504656,0.8201017653648883,1.0318104335301777,-0.5352362895449861,-0.6968845787742961,1.085534970076436,0.7964804601493201,-0.6270913393064369,-0.5679417127701666,0,0,0.12746376328417858,-0.701138419737611,-0.8754565233364849
0,-0.5129565404988412,-0.4737652868086466,0.0,-0.8336919318681467,0.006061119108773155,-0.7181203804692189,0.7422420466537429,1.3328786195484619,-0.8868406935037297,-0.07498733041361022,-0.3171332612434447,0.7864547337930465,0.5617095315763079,-0.5750076974034374,-0.5132829732372585,0,0,0.12746376328417858,-0.701138419737611,-0.7616522236557063
0,-0.3635371810429108,-0.27561314186562064,0.0,-1.0407372369496601,-0.6077001185581951,-0.7181203804692189,-1.1997847673802395,1.0764901924566752,0.29386769236329013,-0.8113856650238117,-0.924735369292807,0.5031155625771897,0.4051955791942997,-0.28854766693694217,-0.30831269998885436,0,0,0.12746376328417858,-0.701138419737611,-0.6478479239749275
0,-0.3499536029105535,0.0150100040508174,0.0,-0.21255601662360676,-1.0168742770028405,-0.7181203804692189,-0.33666173892069173,0.1791306976354214,-0.0013094041034648074,-0.9494603527632245,-1.0006856327989773,0.20403532629380014,0.013910698239279429,-0.10625492027644534,0.15628658604086157,0,0,0.12746376328417858,-0.701138419737611,-0.5340436242941488
0,-0.3635371810429108,0.4245244369330713,0.0,0.20153459353941988,-1.9375161335032929,-0.46879277642512046,1.3895843179984038,-1.1028114378235125,-2.2151376276041272,-1.0415101445894996,-1.1525861598113178,-0.12652704012469054,-0.2834658112865324,-0.09323400980069536,0.4295802837054009,0,0,0.12746376328417858,-0.701138419737611,-0.42023932461337
0,-0.13261635279283682,0.8076185838229214,0.0,1.8578970341915266,0.006061119108773155,-0.46879277642512046,0.09489977530908213,-1.1028114378235125,-0.2964865005702198,-1.1795848323289124,-1.1525861598113178,-0.4413483414756307,-0.643447901765144,0.2583305730445488,0.907844254618344,0,0,0.12746376328417858,-0.701138419737611,-0.3064350249325912
0,-0.010364149601621101,0.9661402997773425,0.0,-0.4196013217051201,0.006061119108773155,0.02986243166307639,0.31068053242396904,-1.4873940784611928,-0.8868406935037297,-1.133559936415775,-1.0766358963051474,-0.6617232524212852,-0.5495395303359534,0.4927069616080451,1.0308264185673863,0,0,0.12746376328417858,-0.701138419737611,-0.19263072525181246
0,0.7095654914133155,0.9793504427735436,0.0,-0.6266466267866334,-0.8122871977805178,1.2765004518835685,2.036926589343065,-0.0772577294563654,-1.6247834346706171,-0.443186497718711,-0.7728348422804664,-0.09504490998958938,0.013910698239279429,0.7010415292200414,1.0444911034506135,0,0,0.12746376328417858,-0.701138419737611,-0.07882642557103371
0,1.130656413516392,-0.407714571827638,0.0,1.2367611189469865,0.7221158963869028,1.0271728478394702,0.526461289538856,1.5892670466402488,2.0649302711638198,-0.213062018153023,1.505673062904642,0.07810680575343126,0.6243151125291075,0.5578115139867941,-0.5132829732372585,0,0,0.12746376328417858,-0.701138419737611,0.03497787410974503
0,-0.010364149601621101,-0.605866716770664,0.0,0.6156252037024466,-0.1985259601135496,1.525828055927667,-0.7682232531504656,-0.33364615654815216,-0.5916635970369748,0.8915354837622793,1.4297227993984716,0.31422278176663637,0.2799844172887004,-0.21042220408244372,-0.4996182883540318,0,0,0.12746376328417858,-0.701138419737611,0.14878217379052378
0,-0.2956192903811243,-0.3812942858352346,0.0,-1.0407372369496601,-0.1985259601135496,-0.46879277642512046,-0.7682232531504656,-0.33364615654815216,-0.0013094041034648074,1.029610171501692,0.3664191103120878,0.5503387577798414,0.5930123220527166,-0.6531331602579363,-0.3493067546385353,0,0,0.12746376328417858,-0.701138419737611,0.26258647347130254
0,-0.09186561839576483,-0.8700695766946986,0.0,-0.6266466267866334,0.9267029756092254,-0.46879277642512046,-0.7682232531504656,1.5892670466402488,1.0318104335301777,0.24718694097835295,0.2904688468059175,1.321650946089641,1.4851418506301521,-0.43177768217019,-0.8002413557850245,0,0,0.12746376328417858,-0.701138419737611,0.3763907731520813
0,-0.28203571224876706,-1.1871130086035404,0.0,-1.0407372369496601,1.6427577528873551,-0.46879277642512046,-1.1997847673802395,2.230238114369716,2.360107367630575,-0.02896243450047262,-0.16523273423110416,1.652213312508114,1.6260044077739737,-0.8354259069184334,-1.1965172173986056,0,0,0.12746376328417858,-0.701138419737611,0.49019507283286007
0,-0.49937296236648376,-0.9889608636605145,0.0,-1.0407372369496601,1.6427577528873551,-0.9674479845133174,-0.7682232531504656,2.230238114369716,1.3269875299969325,-0.48921139363184857,-0.7728348422804664,1.3373920111571738,1.062554179198741,-1.0567813850061798,-1.0462056836831095,0,0,0.12746376328417858,-0.701138419737611,0.6039993725136388
0,-0.21411782158698056,-1.0285912926491194,0.0,-1.0407372369496601,-0.1985259601135496,-0.9674479845133174,-1.1997847673802395,0.5637133382731015,0.29386769236329013,-0.39716160180557336,-0.24118299773727445,0.6290440831175764,0.5930123220527166,-0.7703213545396844,-0.9778822592669749,0,0,0.12746376328417858,-0.701138419737611,0.7178036721944175
0,0.08472089732487988,-0.9625405776681106,0.0,0.8226705087839599,1.1312900548315483,1.0271728478394702,-1.1997847673802395,-1.4873940784611928,-1.1820177899704847,-0.903435456850087,0.3664191103120878,0.17255319615871687,0.3112872077650913,-0.30156857741269216,-1.128193792982471,0,0,0.12746376328417858,-0.701138419737611,0.8316079718751963
0,-0.6080415874253422,-0.5530261447858572,0.0,1.2367611189469865,-0.1985259601135496,1.525828055927667,0.526461289538856,-0.33364615654815216,0.7366333370634226,-0.6272860813712614,-0.24118299773727445,0.04662467561833009,0.21737883633590066,-0.34063130883994164,-0.5406123430037123,0,0,0.12746376328417858,-0.701138419737611,0.9454122715559751
0,-1.3687219628373508,-1.0418014356453211,0.0,1.0297158138654732,-0.1985259601135496,1.525828055927667,0.9580228037686299,0.5637133382731015,-0.2964865005702198,0.43128652463090333,0.13856831979357695,0.8651600591307815,0.7808290649111157,-1.0307395640546801,-1.128193792982471,0,0,0.12746376328417858,-0.701138419737611,1.0592165712367538
0,-0.7846281031459872,-0.9229101486795058,0.0,-0.6266466267866334,-0.8122871977805178,-0.46879277642512046,-0.7682232531504656,0.3073249111813148,-0.5916635970369748,0.38526162871776576,0.13856831979357695,1.0697939050088854,0.9842972030077369,-0.8744886383456827,-0.9095588348508401,0,0,0.12746376328417858,-0.701138419737611,1.1730208709175325
0,-0.6759594780871288,-0.9625405776681106,0.0,-1.0407372369496601,0.21064819833109588,-0.46879277642512046,-0.7682232531504656,1.0764901924566752,-0.0013094041034648074,0.3392367328046281,0.3664191103120878,1.1799813604817038,1.172113945866136,-0.9395931907244316,-0.9505528895005206,0,0,0.12746376328417858,-0.701138419737611,1.2868251705983114
0,-0.7438773687489152,-1.0814318646339265,0.0,-1.0407372369496601,0.51752881716458,-0.9674479845133174,-0.9840040102653526,1.0764901924566752,1.0318104335301777,0.20116204506521534,0.3664191103120878,1.2744277508870072,1.1251597601515406,-0.8614677278699329,-1.1555231627489249,0,0,0.12746376328417858,-0.701138419737611,1.40062947027909
0,-1.0019653532637038,-1.1342724366187333,0.0,-1.0407372369496601,0.006061119108773155,-0.9674479845133174,-0.7682232531504656,0.8201017653648883,0.29386769236329013,-0.02896243450047262,-0.01333220721876361,1.321650946089641,1.1251597601515406,-1.04376047453043,-1.1965172173986056,0,0,0.12746376328417858,-0.701138419737611,1.514433769959869
0,-1.1106339783225623,-1.1210622936225318,0.0,-1.0407372369496601,-0.40311303933587234,-0.9674479845133174,-0.9840040102653526,0.3073249111813148,0.29386769236329013,-0.213062018153023,-0.3171332612434447,0.8651600591307815,0.9686458077695326,-1.0046977431031805,-1.1008644232160172,0,0,0.12746376328417858,-0.701138419737611,1.6282380696406475
0,-1.3143876503079217,-0.6719174317516726,0.0,-0.8336919318681467,-1.3237548958363246,-0.9674479845133174,1.173803560883517,-0.8464230107317258,-1.6247834346706171,-0.5352362895449861,-1.0766358963051474,0.6762672783202103,0.7025720887201116,-1.0046977431031805,-0.6909238767192089,0,0,0.12746376328417858,-0.40499376600475495,-1.6720866211019363
0,-0.41787149357234,-0.3680841428390327,0.0,-0.6266466267866334,-1.119167816614002,1.2765004518835685,-0.33666173892069173,-0.8464230107317258,-1.1820177899704847,-1.133559936415775,-1.1525861598113178,0.4716334324421064,0.5147553458617126,-0.5359449659761885,-0.29464801510562766,0,0,0.12746376328417858,-0.40499376600475495,-1.5582823214211574
0,-0.47220580610176927,-0.06425085392639318,0.0,-0.8336919318681467,-1.73292905428097,-0.9674479845133174,0.09489977530908213,-0.0772577294563654,-0.8868406935037297,-1.1795848323289124,-1.228536423317488,0.39292810710437137,0.2017274410976963,-0.31458948788844165,0.005975052325365468,0,0,0.12746376328417858,-0.40499376600475495,-1.4444780217403788
0,-0.5401236967635558,0.4377345799292732,0.0,1.2367611189469865,0.31294173794225727,-0.9674479845133174,1.8211458322281777,-2.0001709326447665,1.3269875299969325,-1.133559936415775,-1.228536423317488,-0.22097343052995827,-0.26781441604832806,-0.4187567716944401,0.4979037081215356,0,0,0.12746376328417858,-0.40499376600475495,-1.3306737220595999
0,-0.10544919652812232,-0.9625405776681106,0.0,1.2367611189469865,0.7221158963869028,1.0271728478394702,0.7422420466537429,0.1791306976354214,0.44145624059666766,-0.7193358731975366,-0.6209343152681258,0.6290440831175764,0.6399665077673119,-0.6921958916851858,-0.9642175743837478,0,0,0.12746376328417858,-0.40499376600475495,-1.2168694223788212
0,-1.0427160876607757,-0.9361202916757073,0.0,-0.6266466267866334,0.51752881716458,-0.46879277642512046,-0.7682232531504656,1.0764901924566752,1.0318104335301777,0.4773114205440409,0.06261805628740667,1.164240295414171,1.2034167363425448,-0.9786559221516811,-0.9232235197340668,0,0,0.12746376328417858,-0.40499376600475495,-1.1030651226980426
0,-0.7846281031459872,-0.8832797196909006,0.0,-0.8336919318681467,0.9267029756092254,-0.46879277642512046,-1.1997847673802395,0.8201017653648883,1.6221646264636875,0.15513714915207777,-0.01333220721876361,1.6207311823730486,1.6103530125357695,-0.8614677278699329,-0.8139060406682511,0,0,0.12746376328417858,-0.40499376600475495,-0.9892608230172637
0,-0.7574609468812724,-0.9493304346719093,0.0,-1.0407372369496601,0.51752881716458,-0.9674479845133174,-0.9840040102653526,1.0764901924566752,0.29386769236329013,0.43128652463090333,0.2904688468059175,1.242945620751906,1.1564625506279493,-0.8614677278699329,-0.9915469441502015,0,0,0.12746376328417858,-0.40499376600475495,-0.8754565233364849
0,-1.0970504001902048,-0.8304391477060933,0.0,-0.6266466267866334,-1.119167816614002,1.2765004518835685,0.9580228037686299,-0.590034583639939,-0.0013094041034648074,-0.07498733041361022,-0.01333220721876361,1.0383117748738022,1.0469027839605367,-0.9656350116759312,-0.8412354104347054,0,0,0.12746376328417858,-0.40499376600475495,-0.7616522236557063
0,-1.0834668220578476,-0.7643884327250846,0.0,0.8226705087839599,-1.0168742770028405,1.2765004518835685,-0.7682232531504656,0.1791306976354214,-0.0013094041034648074,-0.02896243450047262,-0.16523273423110416,1.13275816527907,1.2347195268189535,-0.7703213545396844,-0.7182532464856627,0,0,0.12746376328417858,-0.40499376600475495,-0.6478479239749275
0,-1.5181413222932814,-0.6851275747478746,0.0,-1.0407372369496601,0.51752881716458,-0.46879277642512046,-0.7682232531504656,0.1791306976354214,-0.0013094041034648074,0.24718694097835295,0.06261805628740667,1.2744277508870072,1.219068131580749,-0.8354259069184334,-0.6772591918359817,0,0,0.12746376328417858,-0.40499376600475495,-0.5340436242941488
0,-0.5265401186311984,-0.6851275747478746,0.0,1.0297158138654732,-0.40311303933587234,-0.46879277642512046,0.9580228037686299,-0.0772577294563654,-1.1820177899704847,0.7534607960228665,0.5942699008305986,1.1012760351439688,1.1877653411043403,-0.5750076974034374,-0.7319179313688898,0,0,0.12746376328417858,-0.40499376600475495,-0.42023932461337
0,-0.8389624156754162,-1.2663738665807507,0.0,-1.0407372369496601,1.3358771340538709,-0.46879277642512046,-0.7682232531504656,0.8201017653648883,2.360107367630575,0.4773114205440409,0.4423693738182581,1.9198114186564201,2.15815184587278,-0.8614677278699329,-1.2921700115811943,0,0,0.12746376328417858,-0.40499376600475495,-0.3064350249325912
0,-1.3008040721755643,-1.596627441485794,0.0,-1.0407372369496601,1.8473448321096777,-0.46879277642512046,-1.1997847673802395,1.5892670466402488,1.6221646264636875,0.15513714915207777,-0.24118299773727445,2.5494540213583003,2.580739517304209,-1.408345967851424,-1.606457763895414,0,0,0.12746376328417858,-0.40499376600475495,-0.19263072525181246
0,-1.5045577441609237,-1.596627441485794,0.0,-1.0407372369496601,1.3358771340538709,-0.46879277642512046,-1.1997847673802395,0.8201017653648883,1.6221646264636875,0.43128652463090333,0.06261805628740667,2.3605612405477294,2.173803241111002,-1.5125132516574222,-1.5791283941289602,0,0,0.12746376328417858,-0.40499376600475495,-0.07882642557103371
0,-1.6403935254844968,-1.4116854395389697,0.0,-1.0407372369496601,1.3358771340538709,-0.46879277642512046,-1.1997847673802395,0.3073249111813148,1.0318104335301777,0.6153861082834537,0.06261805628740667,1.652213312508114,1.438187664915557,-1.5515759830846718,-1.415152175530237,0,0,0.12746376328417858,-0.40499376600475495,0.03497787410974503
0,-1.4909741660285665,-0.9361202916757073,0.0,-0.8336919318681467,-0.1985259601135496,-0.9674479845133174,-0.33666173892069173,0.1791306976354214,-0.2964865005702198,0.29321183689149055,-0.01333220721876361,1.1012760351439688,0.8277832506257288,-1.2520950421424266,-0.9368882046172939,0,0,0.12746376328417858,-0.40499376600475495,0.14878217379052378
0,-0.9747981969989893,-0.302033427858024,0.0,0.4085798986209332,-0.1985259601135496,-0.7181203804692189,0.09489977530908213,-0.8464230107317258,-0.5916635970369748,0.24718694097835295,-0.6209343152681258,0.39292810710437137,0.3269386030032957,-0.6531331602579363,-0.23998927557271962,0,0,0.12746376328417858,-0.40499376600475495,0.26258647347130254
0,-0.6487923218224142,-0.43413485782004135,0.0,-0.21255601662360676,-1.3237548958363246,-0.9674479845133174,2.036926589343065,-2.256559359736553,-0.0013094041034648074,-0.3051118099792982,-0.24118299773727445,0.28274065163153517,0.4051955791942997,-0.548965876451938,-0.4859536034708047,0,0,0.12746376328417858,-0.40499376600475495,0.3763907731520813
0,0.043970162927808136,-0.7643884327250846,0.0,1.0297158138654732,-0.6077001185581951,-0.46879277642512046,1.173803560883517,-1.1028114378235125,-0.5916635970369748,0.6614110041965913,0.6702201643367689,0.7077494084553115,0.9060402268167328,-0.5750076974034374,-0.7592473011353436,0,0,0.12746376328417858,-0.40499376600475495,0.49019507283286007
0,-1.0019653532637038,-1.451315868527575,0.0,0.8226705087839599,-0.1985259601135496,-0.46879277642512046,-0.7682232531504656,0.3073249111813148,0.7366333370634226,0.8915354837622793,0.2145185832997472,1.7466597029134174,1.7355641744413866,-1.291157773569676,-1.4288168604134637,0,0,0.12746376328417858,-0.40499376600475495,0.6039993725136388
0,-1.4638070097638518,-1.7419390144440132,0.0,-1.0407372369496601,2.2053722207487425,-0.46879277642512046,-1.1997847673802395,0.3073249111813148,0.44145624059666766,0.5693612123703161,0.6702201643367689,1.730918637845849,1.7981697553941685,-1.603659624987671,-1.811428037143818,0,0,0.12746376328417858,-0.40499376600475495,0.7178036721944175
0,-1.3551383847049936,-1.3324245815617592,0.0,-0.8336919318681467,-0.1985259601135496,-0.7181203804692189,-0.33666173892069173,0.3073249111813148,-0.8868406935037297,0.4773114205440409,0.06261805628740667,1.3531330762247422,1.25037092205714,-1.473450520230173,-1.2375112720482866,0,0,0.12746376328417858,-0.40499376600475495,0.8316079718751963
0,-0.6623758999547714,-1.2267434375921453,0.0,-1.0407372369496601,-1.5283419750586473,-0.46879277642512046,0.526461289538856,-0.33364615654815216,-1.9199605311373722,-0.3051118099792982,-0.01333220721876361,0.9596064495360672,1.1877653411043403,-0.8875095488214326,-1.1965172173986056,0,0,0.12746376328417858,-0.40499376600475495,0.9454122715559751
0,-0.3499536029105535,-1.4116854395389697,0.0,-1.0407372369496601,-1.9375161335032929,1.2765004518835685,0.9580228037686299,-0.590034583639939,-1.1820177899704847,1.8120334020250313,1.7335238534231527,1.1012760351439688,1.3755820839627573,-1.0567813850061798,-1.3604934359973289,0,0,0.12746376328417858,-0.40499376600475495,1.0592165712367538
0,-0.25486855598405256,-0.43413485782004135,0.0,-0.8336919318681467,-1.3237548958363246,1.2765004518835685,-0.7682232531504656,-0.8464230107317258,-2.2151376276041272,1.1216599633279674,0.5942699008305986,1.13275816527907,0.9686458077695326,-0.6791749812094359,-0.40396549417144284,0,0,0.12746376328417858,-0.40499376600475495,1.1730208709175325
0,0.11188805358959462,-0.3284537138504278,0.0,-1.0407372369496601,-0.6077001185581951,1.2765004518835685,-0.12088098180580481,-0.0772577294563654,-1.1820177899704847,0.4773114205440409,0.4423693738182581,0.6290440831175764,0.49910395062350815,-0.32761039836419165,-0.26731864533917343,0,1,0.12746376328417858,-0.40499376600475495,1.2868251705983114
0,0.15263878798666636,-0.7775985757212865,0.0,-0.8336919318681467,-1.5283419750586473,1.0271728478394702,-0.7682232531504656,-0.8464230107317258,-0.5916635970369748,2.180232569330132,1.9613746439416637,0.4716334324421064,0.5930123220527166,-0.548965876451938,-0.7455826162521164,1,0,0.12746376328417858,-0.40499376600475495,1.40062947027909
0,0.27489099117788207,-0.9229101486795058,0.0,1.0297158138654732,0.51752881716458,1.0271728478394702,0.9580228037686299,-0.8464230107317258,0.29386769236329013,2.0881827775038566,2.45505135673177,0.6290440831175764,0.7651776696729291,-0.548965876451938,-1.0462056836831095,0,0,0.12746376328417858,-0.40499376600475495,1.514433769959869
0,0.057553741060165385,-1.7947795864288199,0.0,0.6156252037024466,-1.5283419750586473,1.7751556599717655,-0.7682232531504656,-1.1028114378235125,-0.2964865005702198,2.5484317366352327,2.45505135673177,0.9123832543334154,0.9060402268167328,-0.7573004440639347,-1.866086776676726,0,1,0.12746376328417858,-0.40499376600475495,1.6282380696406475
0,-0.3363700247781963,-1.7287288714478113,0.0,-1.0407372369496601,-0.8122871977805178,1.2765004518835685,-0.7682232531504656,-0.0772577294563654,0.29386769236329013,2.364332152982682,2.45505135673177,0.770713668725496,1.062554179198741,-1.1088650269091789,-1.6747811883115487,1,0,0.12746376328417858,-0.40499376600475495,1.7420423693214264
0,-0.2684521341164098,-1.5702071554933905,0.0,-1.0407372369496601,0.006061119108773155,-0.9674479845133174,-1.1997847673802395,0.5637133382731015,1.0318104335301777,1.397809338806793,2.4170762249786852,1.0697939050088854,1.4068848744391482,-0.9786559221516811,-1.5791283941289602,0,0,0.12746376328417858,-0.10884911227189885,-1.6720866211019363
0,-0.6759594780871288,-0.896489862687102,0.0,-1.0407372369496601,-1.119167816614002,-0.46879277642512046,-0.9840040102653526,-0.0772577294563654,0.44145624059666766,0.8455105878491417,0.9740212183614501,1.2272045556843734,0.8903888315785284,-1.1218859373849286,-0.8822294650843859,0,0,0.12746376328417858,-0.10884911227189885,-1.5582823214211574
0,-0.4857893842341265,-0.5530261447858572,0.0,1.650851729110013,-0.6077001185581951,-0.46879277642512046,1.6053650751132906,-1.1028114378235125,0.44145624059666766,0.7534607960228665,0.8980709548552798,0.6133030180500258,0.9216916220549373,-0.8093840859669337,-0.5269476581204856,0,0,0.12746376328417858,-0.10884911227189885,-1.4444780217403788
0,-0.7710445250136296,-0.7247580037364798,0.0,0.8226705087839599,-1.0168742770028405,1.525828055927667,0.7422420466537429,-0.8464230107317258,0.29386769236329013,1.4438342347199304,0.6702201643367689,1.2744277508870072,1.4851418506301521,-0.8224049964426837,-0.663594506952755,0,0,0.12746376328417858,-0.10884911227189885,-1.3306737220595999
0,-0.6487923218224142,-0.7379681467326813,0.0,-0.8336919318681467,0.21064819833109588,-0.46879277642512046,-1.1997847673802395,-0.0772577294563654,1.0318104335301777,0.9835852755885545,0.3664191103120878,1.6049901173054801,1.7042613839649778,-0.7833422650154342,-0.7182532464856627,0,0,0.12746376328417858,-0.10884911227189885,-1.2168694223788212
0,-0.7982116812783444,-0.9625405776681106,0.0,-0.8336919318681467,-0.1985259601135496,-0.9674479845133174,-1.1997847673802395,0.1791306976354214,1.0318104335301777,0.8915354837622793,-0.16523273423110416,1.5577669221028463,1.4225362696773525,-1.0177186535789304,-0.9915469441502015,0,0,0.12746376328417858,-0.10884911227189885,-1.1030651226980426
0,-1.0019653532637038,-1.055011578641523,0.0,0.8226705087839599,-1.73292905428097,1.525828055927667,-0.7682232531504656,-0.8464230107317258,-0.8868406935037297,0.5233363164571785,-0.0892824707249339,1.3059098810221084,1.328627898248144,-1.226053221190927,-1.0325409987998824,0,0,0.12746376328417858,-0.10884911227189885,-0.9892608230172637
0,-1.4638070097638518,-1.0418014356453211,0.0,0.8226705087839599,-1.73292905428097,1.0271728478394702,0.7422420466537429,-1.1028114378235125,-0.8868406935037297,0.4773114205440409,-0.16523273423110416,1.211463490616805,1.25037092205714,-1.3041786840454257,-0.9505528895005206,0,0,0.12746376328417858,-0.10884911227189885,-0.8754565233364849
0,-0.9204638844695601,-0.9889608636605145,0.0,0.8226705087839599,0.21064819833109588,-0.46879277642512046,-1.1997847673802395,-0.33364615654815216,1.0318104335301777,0.20116204506521534,-0.0892824707249339,1.5262847919677451,1.594701617297565,-1.1088650269091789,-0.9368882046172939,0,0,0.12746376328417858,-0.10884911227189885,-0.7616522236557063
0,-0.4857893842341265,-1.596627441485794,0.0,-0.6266466267866334,0.31294173794225727,-0.46879277642512046,-1.1997847673802395,0.5637133382731015,1.3269875299969325,1.397809338806793,1.5816233264108122,1.6994365077107836,1.8138211506323907,-1.0698022954819295,-1.5517990243625064,0,0,0.12746376328417858,-0.10884911227189885,-0.6478479239749275
0,-1.0291325095284183,-1.3456347245579612,0.0,-1.0407372369496601,0.006061119108773155,-0.46879277642512046,-0.7682232531504656,0.3073249111813148,0.44145624059666766,1.4438342347199304,1.1259217453737906,1.573507987170379,1.5007932458683566,-1.2000114002394273,-1.2921700115811943,0,0,0.12746376328417858,-0.10884911227189885,-0.5340436242941488
0,-1.1513847127196342,-1.094642007630128,0.0,-1.0407372369496601,-1.3237548958363246,-0.46879277642512046,-1.1997847673802395,-0.590034583639939,-0.8868406935037297,1.1216599633279674,0.8980709548552798,1.085534970076436,0.9686458077695326,-1.3953250573756741,-1.1008644232160172,0,0,0.12746376328417858,-0.10884911227189885,-0.42023932461337
0,-0.7167102124842006,-0.7775985757212865,0.0,-0.21255601662360676,-1.73292905428097,1.2765004518835685,-0.12088098180580481,-0.8464230107317258,-1.6247834346706171,1.029610171501692,0.9740212183614501,0.644785148185127,0.5617095315763079,-1.0828232059576794,-0.7182532464856627,0,0,0.12746376328417858,-0.10884911227189885,-0.3064350249325912
0,-0.7031266343518432,-0.7379681467326813,0.0,-0.8336919318681467,-0.8122871977805178,-0.46879277642512046,-0.9840040102653526,-0.590034583639939,-1.1820177899704847,1.3517844428936552,0.8980709548552798,0.34570491190171965,0.4051955791942997,-0.7573004440639347,-0.649929822069528,0,0,0.12746376328417858,-0.10884911227189885,-0.19263072525181246
0,-0.6080415874253422,-0.6322870027630674,0.0,1.8578970341915266,-1.5283419750586473,-0.46879277642512046,2.036926589343065,-0.33364615654815216,-0.8868406935037297,1.8580582979381688,0.5942699008305986,0.28274065163153517,0.4051955791942997,-0.9526141012001815,-0.608935767419847,0,0,0.12746376328417858,-0.10884911227189885,-0.07882642557103371
0,-0.7438773687489152,-0.8832797196909006,0.0,0.6156252037024466,-0.1985259601135496,-0.46879277642512046,0.9580228037686299,-1.1028114378235125,0.44145624059666766,0.9835852755885545,1.0499714818676202,0.39292810710437137,0.5773609268145122,-0.7573004440639347,-0.895894149967613,0,0,0.12746376328417858,-0.10884911227189885,0.03497787410974503
0,-1.1242175564549193,-1.3192144385655578,0.0,-0.8336919318681467,-1.0168742770028405,-0.46879277642512046,0.526461289538856,-0.0772577294563654,-1.1820177899704847,1.5358840265462057,1.2018720088799608,0.8179368639281298,0.9373430172931237,-1.2781368630939263,-1.333164066230875,0,0,0.12746376328417858,-0.10884911227189885,0.14878217379052378
0,-1.3415548065726364,-1.398475296542768,0.0,-0.8336919318681467,-0.8122871977805178,-0.9674479845133174,0.9580228037686299,-0.8464230107317258,-0.8868406935037297,1.7660085061118935,1.0499714818676202,0.928124319400966,1.172113945866136,-1.525534162133172,-1.3194993813476485,0,0,0.12746376328417858,-0.10884911227189885,0.26258647347130254
0,-1.287220494043207,-1.3324245815617592,0.0,-1.0407372369496601,-0.8122871977805178,-0.9674479845133174,-0.7682232531504656,0.1791306976354214,-0.2964865005702198,1.0756350674148296,0.9740212183614501,1.2586866858194388,1.25037092205714,-1.408345967851424,-1.3468287511141022,0,0,0.12746376328417858,-0.10884911227189885,0.3763907731520813
0,-1.2328861815137777,-1.200323151599742,0.0,-0.8336919318681467,-1.5283419750586473,1.2765004518835685,0.7422420466537429,-1.1028114378235125,-1.1820177899704847,1.1676848592411049,0.6702201643367689,1.2586866858194388,1.219068131580749,-1.3823041468999244,-1.2238465871650595,0,0,0.12746376328417858,-0.10884911227189885,0.49019507283286007
0,-1.0698832439254904,-0.6983377177440759,0.0,-0.21255601662360676,-1.73292905428097,-0.46879277642512046,-0.33666173892069173,-0.590034583639939,-0.8868406935037297,0.799485691936004,0.06261805628740667,0.8179368639281298,0.7338748791965204,-1.2651159526181763,-0.7182532464856627,0,0,0.12746376328417858,-0.10884911227189885,0.6039993725136388
0,-1.3551383847049936,-0.407714571827638,0.0,0.4085798986209332,-0.1985259601135496,1.2765004518835685,0.31068053242396904,-2.0001709326447665,0.7366333370634226,-0.07498733041361022,-0.5449840517619555,0.29848171669908574,0.3112872077650913,-1.1349068478606783,-0.33564206975530814,0,0,0.12746376328417858,-0.10884911227189885,0.7178036721944175
0,-1.056299665793133,-1.0418014356453211,0.0,1.2367611189469865,-0.1985259601135496,1.0271728478394702,1.6053650751132906,0.1791306976354214,-0.0013094041034648074,0.38526162871776576,0.3664191103120878,0.5818208879149247,0.9842972030077369,-1.0567813850061798,-0.9095588348508401,0,0,0.12746376328417858,-0.10884911227189885,0.8316079718751963
0,-0.9204638844695601,-1.6098375844819959,0.0,0.8226705087839599,-0.6077001185581951,1.525828055927667,-0.7682232531504656,0.5637133382731015,0.44145624059666766,1.5358840265462057,0.9740212183614501,1.8253650282511524,2.1425004506345933,-1.4864714307059228,-1.6201224487786412,0,0,0.12746376328417858,-0.10884911227189885,0.9454122715559751
0,-1.4094726972344227,-1.6494680134706012,0.0,-1.0407372369496601,0.51752881716458,-0.46879277642512046,-0.7682232531504656,0.3073249111813148,0.44145624059666766,1.3057595469805177,1.2778222723861312,2.2975969802775627,2.3303171934930105,-1.603659624987671,-1.6884458731947758,0,0,0.12746376328417858,-0.10884911227189885,1.0592165712367538
0,-1.4502234316314948,-1.596627441485794,0.0,-1.0407372369496601,-0.1985259601135496,-0.46879277642512046,-1.1997847673802395,0.1791306976354214,0.44145624059666766,1.397809338806793,1.0499714818676202,2.2661148501424613,2.236408822063784,-1.590638714511921,-1.6201224487786412,0,0,0.12746376328417858,-0.10884911227189885,1.1730208709175325
0,-1.6268099473521396,-1.7551491574402147,0.0,-1.0407372369496601,0.006061119108773155,-0.46879277642512046,-0.7682232531504656,-0.0772577294563654,-0.2964865005702198,1.2137097551542424,1.2778222723861312,2.0142578090617236,1.9859864982525854,-1.8250151030754171,-1.8250927220270452,0,0,0.12746376328417858,-0.10884911227189885,1.2868251705983114
0,-1.3551383847049936,-1.4248955825351712,0.0,-0.8336919318681467,-0.6077001185581951,-0.46879277642512046,-1.1997847673802395,-0.33364615654815216,-1.4771948864372397,1.2137097551542424,1.2018720088799608,1.8253650282511524,1.8294725458705772,-1.5776178040361712,-1.5108049697128254,0,0,0.12746376328417858,-0.10884911227189885,1.40062947027909
0,-0.9340474626019174,-1.10785215062633,0.0,-0.6266466267866334,-0.8122871977805178,1.2765004518835685,-0.7682232531504656,0.3073249111813148,-0.2964865005702198,1.1216599633279674,1.0499714818676202,1.5892490522379474,1.6416558030121604,-1.2130323107151773,-1.0325409987998824,0,0,0.12746376328417858,-0.10884911227189885,1.514433769959869
0,-1.0427160876607757,-1.2267434375921453,0.0,-0.6266466267866334,-0.6077001185581951,-0.46879277642512046,-0.7682232531504656,-0.8464230107317258,-0.2964865005702198,1.7660085061118935,0.8980709548552798,1.809623963183584,1.8607753363469859,-1.356262325948425,-1.2101819022818328,0,0,0.12746376328417858,-0.10884911227189885,1.6282380696406475
0,-1.1649682908519914,-1.2399535805883473,0.0,-1.0407372369496601,-1.119167816614002,-0.9674479845133174,-0.7682232531504656,-0.33364615654815216,-1.4771948864372397,1.2597346510673801,0.6702201643367689,2.045739939196789,1.9703351030143987,-1.3692832364241747,-1.182852532515379,0,0,0.12746376328417858,0.18729554146095725,-1.6720866211019363
0,-1.287220494043207,-1.2795840095769526,0.0,-0.8336919318681467,-1.0168742770028405,-0.46879277642512046,-0.7682232531504656,-0.590034583639939,-0.2964865005702198,0.7534607960228665,0.5183196373244283,1.888329288521319,1.8607753363469859,-1.525534162133172,-1.2785053266979676,0,0,0.12746376328417858,0.18729554146095725,-1.5582823214211574
0,-1.6675606817492112,-1.3720550105503646,0.0,-0.8336919318681467,-1.119167816614002,-0.46879277642512046,-1.1997847673802395,-0.590034583639939,-1.1820177899704847,0.5693612123703161,0.06261805628740667,1.5105437269002124,1.3442792934863486,-1.6427223564149203,-1.3604934359973289,0,0,0.12746376328417858,0.18729554146095725,-1.4444780217403788
0,-1.871314353734571,-1.3324245815617592,0.0,-0.6266466267866334,0.31294173794225727,1.525828055927667,0.7422420466537429,-1.1028114378235125,-0.0013094041034648074,0.5233363164571785,-0.01333220721876361,1.085534970076436,1.0469027839605367,-1.733868729745169,-1.2785053266979676,0,0,0.12746376328417858,0.18729554146095725,-1.3306737220595999
0,-1.7083114161462831,-1.10785215062633,0.0,1.2367611189469865,-2.244396752336777,1.2765004518835685,-0.7682232531504656,-1.1028114378235125,-1.4771948864372397,0.29321183689149055,0.06261805628740667,0.9123832543334154,0.9842972030077369,-1.6297014459391703,-1.0735350534495633,0,0,0.12746376328417858,0.18729554146095725,-1.2168694223788212
0,-1.6268099473521396,-0.9493304346719093,0.0,0.8226705087839599,-1.73292905428097,1.525828055927667,-0.5524424960355787,-1.1028114378235125,-1.1820177899704847,0.3392367328046281,-0.01333220721876361,0.770713668725496,0.8903888315785284,-1.3041786840454257,-0.9095588348508401,0,0,0.12746376328417858,0.18729554146095725,-1.1030651226980426
0,-1.4094726972344227,-1.1210622936225318,0.0,-1.0407372369496601,-0.6077001185581951,-0.46879277642512046,-1.1997847673802395,-0.0772577294563654,-1.1820177899704847,0.7074359001097289,0.2145185832997472,0.8809011241983321,0.9373430172931237,-1.2000114002394273,-1.0598703685663362,0,0,0.12746376328417858,0.18729554146095725,-0.9892608230172637
0,-1.4773905878962093,-1.0682217216377246,0.0,-0.21255601662360676,-0.8122871977805178,-0.46879277642512046,-0.7682232531504656,-1.1028114378235125,-0.5916635970369748,0.20116204506521534,-0.24118299773727445,0.692008343387761,0.608663717290921,-1.3432414154726753,-1.0462056836831095,0,0,0.12746376328417858,0.18729554146095725,-0.8754565233364849
0,-1.2057190252490633,-0.7379681467326813,0.0,-0.4196013217051201,1.1312900548315483,-0.9674479845133174,0.09489977530908213,-1.3591998649152994,1.3269875299969325,0.20116204506521534,-0.24118299773727445,0.3614459769692702,0.37389278871790876,-1.3171995945211754,-0.7319179313688898,0,0,0.12746376328417858,0.18729554146095725,-0.7616522236557063
0,-1.3958891191020653,-1.5173665835085839,0.0,0.6156252037024466,-0.40311303933587234,1.2765004518835685,1.173803560883517,-1.4873940784611928,-1.1820177899704847,0.799485691936004,0.8980709548552798,0.8809011241983321,1.1564625506279493,-1.4604296097544232,-1.5244696545960525,0,0,0.12746376328417858,0.18729554146095725,-0.6478479239749275
0,-1.5317249004256384,-1.5702071554933905,0.0,0.6156252037024466,0.51752881716458,1.7751556599717655,1.173803560883517,0.1791306976354214,1.0318104335301777,0.8915354837622793,0.4423693738182581,1.4318384015624774,1.7355641744413866,-1.66876417736642,-1.5791283941289602,0,0,0.12746376328417858,0.18729554146095725,-0.5340436242941488
0,-1.871314353734571,-1.8740404444060306,0.0,0.8226705087839599,-0.6077001185581951,1.2765004518835685,-0.7682232531504656,0.1791306976354214,-0.0013094041034648074,0.799485691936004,0.8980709548552798,2.0299988741292565,2.079894869681776,-1.7468896402209186,-1.89341614644318,0,0,0.12746376328417858,0.18729554146095725,-0.42023932461337
0,-1.871314353734571,-1.6230477274781974,0.0,-0.6266466267866334,-0.6077001185581951,1.525828055927667,-0.7682232531504656,-1.3591998649152994,-0.0013094041034648074,1.3517844428936552,0.9740212183614501,2.045739939196789,2.0016378934907717,-1.8119941925996674,-1.6474518185450948,0,0,0.12746376328417858,0.18729554146095725,-0.3064350249325912
0,-1.7218949942786406,-1.9136708733946355,0.0,-1.0407372369496601,-1.3237548958363246,1.525828055927667,0.9580228037686299,-1.7437825055529794,-0.0013094041034648074,1.6279338183724807,1.1259217453737906,1.6679543775756824,1.6573071982503647,-1.9161614764056656,-1.866086776676726,0,0,0.12746376328417858,0.18729554146095725,-0.19263072525181246
0,-1.2600533377784924,-1.8079897294250218,0.0,0.8226705087839599,-0.1985259601135496,1.525828055927667,-0.7682232531504656,-0.590034583639939,-0.2964865005702198,1.489859130633068,1.2018720088799608,1.5262847919677451,1.6729585934885691,-1.3692832364241747,-1.7840986673773644,0,0,0.12746376328417858,0.18729554146095725,-0.07882642557103371
0,-1.6811442598815687,-1.8079897294250218,0.0,-0.6266466267866334,-0.1985259601135496,-0.46879277642512046,-1.1997847673802395,0.3073249111813148,-0.5916635970369748,0.5233363164571785,0.7461704278429392,1.6994365077107836,1.7512155696795733,-1.4343877888029237,-1.811428037143818,0,0,0.12746376328417858,0.18729554146095725,0.03497787410974503
0,-1.6132263692197821,-1.8608303014098286,0.0,-1.0407372369496601,-0.40311303933587234,-0.46879277642512046,-1.1997847673802395,-0.33364615654815216,0.44145624059666766,0.6614110041965913,0.5942699008305986,1.8725882234537863,1.9546837077761765,-1.7989732821239177,-1.89341614644318,0,0,0.12746376328417858,0.18729554146095725,0.14878217379052378
0,-1.7490621505433552,-1.8079897294250218,0.0,-1.0407372369496601,0.006061119108773155,-0.46879277642512046,-1.1997847673802395,0.1791306976354214,0.7366333370634226,1.029610171501692,0.4423693738182581,1.9198114186564201,1.9546837077761765,-1.8510569240269168,-1.811428037143818,0,0,0.12746376328417858,0.18729554146095725,0.26258647347130254
0,-1.9120650881316428,-1.8344100154174252,0.0,-0.8336919318681467,-0.1985259601135496,-0.9674479845133174,-1.1997847673802395,0.1791306976354214,0.29386769236329013,0.8915354837622793,0.4423693738182581,1.8725882234537863,1.7512155696795733,-1.9422032973571655,-1.89341614644318,0,0,0.12746376328417858,0.18729554146095725,0.3763907731520813
0,-1.9120650881316428,-1.4777361545199785,0.0,-1.0407372369496601,-1.119167816614002,-0.46879277642512046,-0.33666173892069173,-0.590034583639939,-0.5916635970369748,0.38526162871776576,-0.7728348422804664,1.4475794666300101,1.2347195268189535,-1.9812660287844146,-1.4698109150631447,0,0,0.12746376328417858,0.18729554146095725,0.49019507283286007
0,-1.925648666264,-1.0285912926491194,0.0,0.20153459353941988,0.51752881716458,-0.9674479845133174,0.09489977530908213,-2.256559359736553,1.3269875299969325,-0.5352362895449861,-0.8487851057866367,0.644785148185127,0.6243151125291075,-1.7599105506966684,-0.9095588348508401,0,0,0.12746376328417858,0.18729554146095725,0.6039993725136388
0,-0.9476310407342746,-1.094642007630128,0.0,-1.0407372369496601,-1.0168742770028405,1.2765004518835685,-0.33666173892069173,0.1791306976354214,-0.2964865005702198,0.38526162871776576,0.2904688468059175,0.7549726036579454,0.9529944125313282,-0.9395931907244316,-1.1008644232160172,0,0,0.12746376328417858,0.18729554146095725,0.7178036721944175
0,-0.09186561839576483,-0.46055514381244517,0.0,0.6156252037024466,-0.6077001185581951,-0.9674479845133174,0.31068053242396904,-2.256559359736553,-0.0013094041034648074,0.29321183689149055,0.06261805628740667,0.31422278176663637,0.2799844172887004,-0.6270913393064369,-0.4996182883540318,0,1,0.12746376328417858,0.18729554146095725,0.8316079718751963
0,-0.10544919652812232,-1.7287288714478113,0.0,1.0297158138654732,-1.9375161335032929,1.7751556599717655,0.7422420466537429,-1.1028114378235125,-0.8868406935037297,2.272282361156407,2.45505135673177,0.7864547337930465,1.1251597601515406,-0.9005304592971823,-1.661116503428322,1,1,0.12746376328417858,0.18729554146095725,0.9454122715559751
0,-0.3499536029105535,-1.9797215883756443,0.0,-0.6266466267866334,-1.9375161335032929,-0.46879277642512046,-1.1997847673802395,-0.590034583639939,-0.0013094041034648074,1.397809338806793,2.45505135673177,1.164240295414171,1.4538390601537612,-1.0958441164334292,-1.907080831326407,1,0,0.12746376328417858,0.18729554146095725,1.0592165712367538
0,-0.37712075917526827,-1.887250587402232,0.0,0.6156252037024466,-1.119167816614002,1.2765004518835685,-0.7682232531504656,-0.33364615654815216,-0.2964865005702198,1.5358840265462057,2.45505135673177,1.7938828981160513,2.095546264919998,-1.1609486688121782,-1.907080831326407,0,0,0.12746376328417858,0.18729554146095725,1.1730208709175325
0,-1.1649682908519914,-1.6230477274781974,0.0,-1.0407372369496601,0.31294173794225727,-0.46879277642512046,-1.1997847673802395,0.1791306976354214,1.6221646264636875,1.7660085061118935,1.505673062904642,2.565195086425869,2.5650881220660224,-1.525534162133172,-1.633787133661868,0,0,0.12746376328417858,0.18729554146095725,1.2868251705983114
0,-1.4502234316314948,-1.7023085854554079,0.0,-1.0407372369496601,0.006061119108773155,-0.9674479845133174,-1.1997847673802395,0.5637133382731015,0.29386769236329013,1.397809338806793,0.5942699008305986,2.5179718912231994,2.3772713792076057,-1.6817850878421696,-1.7294399278444568,0,0,0.12746376328417858,0.18729554146095725,1.40062947027909
0,-1.694727838013926,-1.2135332945959438,0.0,-1.0407372369496601,-1.3237548958363246,-0.46879277642512046,-0.5524424960355787,-1.1028114378235125,-1.9199605311373722,0.7534607960228665,-0.6209343152681258,1.809623963183584,1.7199127792031643,-1.7208478192694188,-1.1145291080992443,0,0,0.12746376328417858,0.18729554146095725,1.514433769959869
0,-1.3687219628373508,-0.5266058587934538,0.0,-0.8336919318681467,-2.244396752336777,1.525828055927667,-0.33666173892069173,-0.8464230107317258,-1.9199605311373722,0.06308735732580258,-0.7728348422804664,1.4318384015624774,1.3912334792009615,-1.2781368630939263,-0.5406123430037123,0,0,0.12746376328417858,0.18729554146095725,1.6282380696406475
0,-0.9204638844695601,-0.13030156890740185,0.0,-0.005510711542093443,-1.0168742770028405,1.525828055927667,-0.33666173892069173,-1.3591998649152994,-0.0013094041034648074,-0.12101222632674781,-0.5449840517619555,0.8651600591307815,0.6712692982437206,-0.7703213545396844,-0.07601305697399639,0,0,0.12746376328417858,0.18729554146095725,1.7420423693214264
0,-1.137801134587277,-0.20956242688461196,0.0,0.20153459353941988,0.51752881716458,0.7778452437953717,1.8211458322281777,-1.1028114378235125,1.9173417229304426,-0.6272860813712614,-1.228536423317488,0.21977639136135074,0.2799844172887004,-0.7573004440639347,-0.1443364813901311,0,0,0.12746376328417858,0.48344019519381337,-1.6720866211019363
0,-0.5265401186311984,-1.0814318646339265,0.0,0.8226705087839599,0.006061119108773155,1.525828055927667,0.7422420466537429,-0.0772577294563654,0.29386769236329013,1.4438342347199304,1.2018720088799608,0.9438653844685165,1.3755820839627573,-0.8224049964426837,-1.08719973833279,0,0,0.12746376328417858,0.48344019519381337,-1.5582823214211574
0,-1.1513847127196342,-1.543786869500987,0.0,-0.6266466267866334,0.006061119108773155,-0.46879277642512046,-0.7682232531504656,0.1791306976354214,0.7366333370634226,0.6153861082834537,0.2904688468059175,1.9198114186564201,2.0329406839671806,-1.3823041468999244,-1.5517990243625064,0,0,0.12746376328417858,0.48344019519381337,-1.4444780217403788
0,-1.0427160876607757,-1.5305767265047852,0.0,-1.0407372369496601,0.006061119108773155,1.2765004518835685,-0.7682232531504656,0.5637133382731015,0.44145624059666766,0.5693612123703161,0.4423693738182581,1.9985167439941551,1.93903231253799,-1.3302205049969251,-1.4971402848295983,0,0,0.12746376328417858,0.48344019519381337,-1.3306737220595999
0,-1.42305627536678,-1.5834172984895925,0.0,-1.0407372369496601,0.006061119108773155,-0.46879277642512046,0.9580228037686299,0.1791306976354214,0.44145624059666766,0.799485691936004,0.5942699008305986,1.7151775727783163,1.6416558030121604,-1.4864714307059228,-1.633787133661868,0,0,0.12746376328417858,0.48344019519381337,-1.2168694223788212
0,-1.4502234316314948,-1.4116854395389697,0.0,-1.0407372369496601,0.31294173794225727,-0.46879277642512046,-1.1997847673802395,-0.0772577294563654,0.44145624059666766,0.38526162871776576,0.2145185832997472,1.4475794666300101,1.4068848744391482,-1.4604296097544232,-1.4424815452966908,0,0,0.12746376328417858,0.48344019519381337,-1.1030651226980426
0,-1.5317249004256384,-1.200323151599742,0.0,-1.0407372369496601,-1.0168742770028405,-0.9674479845133174,-0.9840040102653526,-0.590034583639939,-0.2964865005702198,0.5233363164571785,-0.0892824707249339,1.2272045556843734,1.219068131580749,-1.356262325948425,-1.2511759569315137,0,0,0.12746376328417858,0.48344019519381337,-0.9892608230172637
0,-1.3823055409697083,-0.80401886171369,0.0,-0.4196013217051201,-0.6077001185581951,-0.46879277642512046,-0.5524424960355787,-0.590034583639939,-0.0013094041034648074,0.38526162871776576,-0.6968845787742961,0.8021957988605971,0.5773609268145122,-1.3692832364241747,-0.7865766709017974,0,0,0.12746376328417858,0.48344019519381337,-0.8754565233364849
0,-1.4638070097638518,-0.3416638568466293,0.0,1.8578970341915266,0.51752881716458,-0.9674479845133174,1.8211458322281777,-2.256559359736553,0.44145624059666766,-0.5352362895449861,-0.8487851057866367,0.2512585214964519,0.2799844172887004,-0.8875095488214326,-0.25365396045594674,0,0,0.12746376328417858,0.48344019519381337,-0.7616522236557063
0,-1.2193026033814205,-0.6190768597668659,0.0,-1.0407372369496601,-1.3237548958363246,1.2765004518835685,-0.33666173892069173,-0.590034583639939,-0.8868406935037297,-0.213062018153023,-0.16523273423110416,0.692008343387761,0.608663717290921,-0.913551369772932,-0.7182532464856627,0,0,0.12746376328417858,0.48344019519381337,-0.6478479239749275
0,-0.8117952594107016,-0.80401886171369,0.0,2.06494233927304,-0.1985259601135496,2.024483264015864,1.6053650751132906,-0.8464230107317258,0.7366333370634226,-0.6733109772843989,-1.1525861598113178,0.644785148185127,0.7025720887201116,-1.0567813850061798,-0.8549000953179321,0,0,0.12746376328417858,0.48344019519381337,-0.5340436242941488
0,-1.3687219628373508,-1.5702071554933905,0.0,1.0297158138654732,0.006061119108773155,1.525828055927667,0.7422420466537429,-0.590034583639939,0.29386769236329013,0.5233363164571785,0.2904688468059175,1.3373920111571738,1.5007932458683566,-1.4604296097544232,-1.5791283941289602,0,0,0.12746376328417858,0.48344019519381337,-0.42023932461337
0,-1.5996427910874247,-1.2399535805883473,0.0,-1.0407372369496601,-0.6077001185581951,-0.9674479845133174,-0.7682232531504656,0.1791306976354214,-0.0013094041034648074,0.5233363164571785,0.2145185832997472,1.5892490522379474,1.5007932458683566,-1.356262325948425,-1.3058346964644214,0,0,0.12746376328417858,0.48344019519381337,-0.3064350249325912
0,-1.6268099473521396,-0.9757507206643126,0.0,-1.0407372369496601,-0.6077001185581951,-0.46879277642512046,-1.1997847673802395,-0.8464230107317258,0.29386769236329013,0.24718694097835295,-0.24118299773727445,1.5892490522379474,1.6416558030121604,-1.239074131666677,-1.0052116290334288,0,0,0.12746376328417858,0.48344019519381337,-0.19263072525181246
0,-1.137801134587277,-0.9757507206643126,0.0,-1.0407372369496601,0.006061119108773155,-0.9674479845133174,-0.7682232531504656,-0.0772577294563654,-0.0013094041034648074,0.29321183689149055,-0.01333220721876361,1.9355524837239886,1.93903231253799,-0.9786559221516811,-0.9368882046172939,0,0,0.12746376328417858,0.48344019519381337,-0.07882642557103371
0,-1.1649682908519914,-0.9757507206643126,0.0,0.8226705087839599,-1.119167816614002,-0.9674479845133174,-1.1997847673802395,-0.33364615654815216,-0.5916635970369748,0.017062461412664976,-0.16523273423110416,1.7781418330485186,1.594701617297565,-1.0307395640546801,-0.895894149967613,0,0,0.12746376328417858,0.48344019519381337,0.03497787410974503
0,-1.3008040721755643,-0.7379681467326813,0.0,0.6156252037024466,0.31294173794225727,1.2765004518835685,0.9580228037686299,-1.3591998649152994,-0.0013094041034648074,-0.3511367058924358,-0.5449840517619555,1.3373920111571738,1.2973251077717531,-0.9526141012001815,-0.6772591918359817,0,0,0.12746376328417858,0.48344019519381337,0.14878217379052378
0,-1.2464697596461354,-0.605866716770664,0.0,-0.005510711542093443,-1.73292905428097,-0.9674479845133174,-0.33666173892069173,-1.4873940784611928,-1.4771948864372397,-0.443186497718711,-0.6209343152681258,0.928124319400966,0.9216916220549373,-0.9656350116759312,-0.6226004523030741,0,0,0.12746376328417858,0.48344019519381337,0.26258647347130254
0,-1.2057190252490633,-0.07746099692259464,0.0,0.4085798986209332,-0.40311303933587234,-0.9674479845133174,0.09489977530908213,-2.256559359736553,0.44145624059666766,-0.7653607691106742,-1.0006856327989773,0.5031155625771897,0.4051955791942997,-0.7442795335881848,-0.11700711162367732,0,0,0.12746376328417858,0.48344019519381337,0.3763907731520813
0,0.09830447545723713,-0.11709142591119993,0.0,-0.4196013217051201,1.3358771340538709,-0.21946517238102203,-0.5524424960355787,-0.590034583639939,2.65528446409733,-0.9954852486763621,-0.8487851057866367,0.07810680575343126,-0.15825464938093306,0.010933274005303032,-0.18533053603981203,0,0,0.12746376328417858,0.48344019519381337,0.49019507283286007
0,-0.2956192903811243,-0.2624029988694192,0.0,2.06494233927304,0.21064819833109588,-0.46879277642512046,-0.5524424960355787,-0.590034583639939,-0.5916635970369748,0.6614110041965913,0.2145185832997472,-0.07930384492203879,-0.11130046366631995,-0.34063130883994164,-0.3219773848720815,0,0,0.12746376328417858,0.48344019519381337,0.6039993725136388
0,-0.3907043373076255,0.18674186300144002,0.0,0.4085798986209332,1.5404642132761937,1.2765004518835685,0.31068053242396904,-1.3591998649152994,1.9173417229304426,0.06308735732580258,-0.3171332612434447,-0.2839376908001606,-0.3304199970011278,-0.3927149507429406,0.2382746953402234,0,0,0.12746376328417858,0.48344019519381337,0.7178036721944175
0,-0.13261635279283682,-0.6719174317516726,0.0,1.650851729110013,0.51752881716458,2.024483264015864,1.6053650751132906,0.5637133382731015,1.0318104335301777,-0.5352362895449861,-0.5449840517619555,0.10958893588851454,0.4834525553853038,-0.28854766693694217,-0.649929822069528,0,0,0.12746376328417858,0.48344019519381337,0.8316079718751963
0,-1.3143876503079217,-1.0814318646339265,0.0,-0.6266466267866334,-0.6077001185581951,1.2765004518835685,-1.1997847673802395,-0.33364615654815216,-0.5916635970369748,0.7534607960228665,0.06261805628740667,1.13275816527907,1.0155999934841278,-1.1088650269091789,-1.0462056836831095,0,0,0.12746376328417858,0.48344019519381337,0.9454122715559751
0,-0.7574609468812724,-1.504156440512382,0.0,-1.0407372369496601,0.31294173794225727,-0.9674479845133174,-0.9840040102653526,1.3328786195484619,1.3269875299969325,0.5233363164571785,1.5816233264108122,1.006829644738701,1.0782055744369454,-1.0828232059576794,-1.565463709245733,0,0,0.12746376328417858,0.48344019519381337,1.0592165712367538
0,-0.7846281031459872,-1.2267434375921453,0.0,-1.0407372369496601,0.21064819833109588,1.2765004518835685,-0.7682232531504656,0.5637133382731015,0.7366333370634226,1.5819089224593432,1.8094741169293231,0.9123832543334154,0.8590860411021197,-1.1218859373849286,-1.2785053266979676,0,0,0.12746376328417858,0.48344019519381337,1.1730208709175325
0,-0.7574609468812724,-1.0682217216377246,0.0,-0.8336919318681467,0.21064819833109588,-0.9674479845133174,-0.7682232531504656,1.0764901924566752,1.0318104335301777,0.9835852755885545,0.8980709548552798,1.1799813604817038,1.062554179198741,-1.0567813850061798,-1.0735350534495633,0,0,0.12746376328417858,0.48344019519381337,1.2868251705983114
0,-0.24128497785169528,-1.2531637235845492,0.0,-1.0407372369496601,0.51752881716458,-0.46879277642512046,0.7422420466537429,1.0764901924566752,1.0318104335301777,-0.3051118099792982,0.6702201643367689,1.0225707098062515,1.1251597601515406,-0.9786559221516811,-1.3058346964644214,0,0,0.12746376328417858,0.48344019519381337,1.40062947027909
0,-1.0698832439254904,-0.6587072887554711,0.0,-0.8336919318681467,-1.3237548958363246,-0.9674479845133174,-0.33666173892069173,-0.0772577294563654,-1.6247834346706171,-0.3051118099792982,0.2904688468059175,1.0225707098062515,0.8903888315785284,-0.8875095488214326,-0.649929822069528,0,0,0.12746376328417858,0.48344019519381337,1.514433769959869
0,-0.6759594780871288,-0.20956242688461196,0.0,1.2367611189469865,0.31294173794225727,-0.9674479845133174,1.8211458322281777,0.1791306976354214,-0.8868406935037297,-0.6272860813712614,-0.4690337882557853,0.6133030180500258,0.5304067410999169,-0.5619867869276879,-0.11700711162367732,0,0,0.12746376328417858,0.48344019519381337,1.6282380696406475
0,-0.14619993092519407,-0.2227725698808139,0.0,0.4085798986209332,1.6427577528873551,-0.46879277642512046,0.09489977530908213,-1.1028114378235125,0.29386769236329013,1.029610171501692,0.4423693738182581,0.20403532629380014,-0.033043487475315894,-0.5229240555004384,-0.23998927557271962,0,0,0.12746376328417858,0.48344019519381337,1.7420423693214264
0,0.08472089732487988,-0.06425085392639318,0.0,1.8578970341915266,0.9267029756092254,2.2738108680599622,1.8211458322281777,-0.590034583639939,2.0649302711638198,1.1676848592411049,-0.393083524749615,-0.8033928380292047,-0.9564758065291603,-0.19740129360669376,-0.06234837209076925,0,0,0.12746376328417858,0.7795848489266695,-1.6720866211019363
0,-0.8661295719401308,-1.1739028656073385,0.0,1.2367611189469865,1.3358771340538709,1.7751556599717655,1.3895843179984038,0.5637133382731015,0.29386769236329013,-0.39716160180557336,-0.0892824707249339,0.39292810710437137,0.6712692982437206,-1.1609486688121782,-1.1965172173986056,0,0,0.12746376328417858,0.7795848489266695,-1.5582823214211574
0,-1.287220494043207,-1.0285912926491194,0.0,0.8226705087839599,-1.0168742770028405,1.2765004518835685,-0.7682232531504656,0.3073249111813148,0.44145624059666766,0.29321183689149055,-0.3171332612434447,1.1170171002115372,1.0312513887223322,-1.0177186535789304,-1.0188763139166552,0,0,0.12746376328417858,0.7795848489266695,-1.4444780217403788
0,-0.9476310407342746,-0.7775985757212865,0.0,-0.8336919318681467,-0.6077001185581951,-0.9674479845133174,0.526461289538856,0.8201017653648883,-1.4771948864372397,0.38526162871776576,-0.3171332612434447,1.1170171002115372,0.9686458077695326,-0.8093840859669337,-0.8139060406682511,0,0,0.12746376328417858,0.7795848489266695,-1.3306737220595999
0,-1.1242175564549193,-0.1699319978960067,0.0,-0.21255601662360676,-1.9375161335032929,-0.7181203804692189,-0.7682232531504656,-0.590034583639939,-1.6247834346706171,-0.213062018153023,-0.6968845787742961,0.7392315385903948,0.45214976490891284,-0.6401122497821864,-0.23998927557271962,0,0,0.12746376328417858,0.7795848489266695,-1.2168694223788212
0,-0.8117952594107016,0.1735317200052381,0.0,0.6156252037024466,0.21064819833109588,-0.46879277642512046,1.6053650751132906,-1.4873940784611928,-0.5916635970369748,-0.7193358731975366,-0.8487851057866367,0.1253300009560651,0.2799844172887004,-0.2625058459854427,0.16995127092408868,0,0,0.12746376328417858,0.7795848489266695,-1.1030651226980426
0,-0.2005342434546233,-0.7247580037364798,0.0,-0.6266466267866334,0.21064819833109588,-0.46879277642512046,-1.1997847673802395,0.3073249111813148,0.44145624059666766,-0.5352362895449861,-0.0892824707249339,1.164240295414171,1.172113945866136,-0.5750076974034374,-0.6226004523030741,0,0,0.12746376328417858,0.7795848489266695,-0.9892608230172637
0,-0.730293790616558,-0.7247580037364798,0.0,-1.0407372369496601,0.006061119108773155,-0.9674479845133174,-0.7682232531504656,1.3328786195484619,1.0318104335301777,-0.443186497718711,-0.24118299773727445,1.5262847919677451,1.4694904553919657,-0.6921958916851858,-0.7455826162521164,0,0,0.12746376328417858,0.7795848489266695,-0.8754565233364849
0,-0.8932967282048454,-0.6190768597668659,0.0,-0.8336919318681467,0.31294173794225727,-0.9674479845133174,-0.9840040102653526,1.0764901924566752,1.0318104335301777,-0.5352362895449861,-0.5449840517619555,1.809623963183584,1.6886099887267556,-0.6531331602579363,-0.6226004523030741,0,0,0.12746376328417858,0.7795848489266695,-0.7616522236557063
0,-1.137801134587277,-0.4737652868086466,0.0,-0.21255601662360676,0.31294173794225727,-0.7181203804692189,-0.33666173892069173,0.8201017653648883,-0.2964865005702198,-0.3511367058924358,-0.6968845787742961,1.8568471583862536,1.5320960363447653,-0.496882234548939,-0.5952710825366203,0,0,0.12746376328417858,0.7795848489266695,-0.6478479239749275
0,-0.9883817751313465,-0.07746099692259464,0.0,-0.005510711542093443,-1.0168742770028405,-0.7181203804692189,-0.5524424960355787,-0.33364615654815216,-1.1820177899704847,-0.5812611854581238,-1.0766358963051474,1.211463490616805,0.8903888315785284,-0.30156857741269216,0.005975052325365468,0,0,0.12746376328417858,0.7795848489266695,-0.5340436242941488
0,-0.7846281031459872,0.16032157700903665,0.0,0.20153459353941988,-1.119167816614002,0.02986243166307639,1.6053650751132906,-1.4873940784611928,-1.6247834346706171,-1.1795848323289124,-1.1525861598113178,0.692008343387761,0.5617095315763079,-0.08021309932494586,0.2382746953402234,0,0,0.12746376328417858,0.7795848489266695,-0.42023932461337
0,-0.8932967282048454,0.3584737219520626,0.0,0.4085798986209332,0.51752881716458,-0.9674479845133174,0.31068053242396904,-1.3591998649152994,1.6221646264636875,-1.363684415981463,-1.3044866868236584,0.18829426122624957,0.013910698239279429,-0.015108546946196913,0.3885862290557195,0,0,0.12746376328417858,0.7795848489266695,-0.3064350249325912
0,-0.44503864983705477,-0.07746099692259464,0.0,2.06494233927304,-0.6077001185581951,1.0271728478394702,-0.33666173892069173,0.8201017653648883,-1.6247834346706171,-0.07498733041361022,-0.6968845787742961,0.14107106602361572,0.2799844172887004,-0.24948493550969272,-0.07601305697399639,0,0,0.12746376328417858,0.7795848489266695,-0.19263072525181246
0,-0.25486855598405256,0.05464043303942269,0.0,1.0297158138654732,0.7221158963869028,-0.9674479845133174,0.31068053242396904,1.0764901924566752,-1.6247834346706171,-0.443186497718711,-0.6968845787742961,0.29848171669908574,0.2017274410976963,-0.21042220408244372,0.01963973720859212,0,0,0.12746376328417858,0.7795848489266695,-0.07882642557103371
0,-0.32278644664583905,-0.3416638568466293,0.0,-0.6266466267866334,-0.40311303933587234,1.525828055927667,0.9580228037686299,0.8201017653648883,-0.5916635970369748,-0.6733109772843989,-0.4690337882557853,0.7234904735228621,0.7651776696729291,-0.4187567716944401,-0.33564206975530814,0,0,0.12746376328417858,0.7795848489266695,0.03497787410974503
0,-0.4857893842341265,-0.513395715797252,0.0,-0.6266466267866334,0.21064819833109588,-0.46879277642512046,0.7422420466537429,1.3328786195484619,0.7366333370634226,-0.443186497718711,-0.3171332612434447,1.2272045556843734,1.2034167363425448,-0.5619867869276879,-0.5816063976533932,0,0,0.12746376328417858,0.7795848489266695,0.14878217379052378
0,-0.13261635279283682,-0.46055514381244517,0.0,-1.0407372369496601,0.006061119108773155,-0.9674479845133174,0.7422420466537429,1.5892670466402488,-0.8868406935037297,-0.6733109772843989,-0.5449840517619555,1.1799813604817038,1.0155999934841278,-0.34063130883994164,-0.40396549417144284,0,0,0.12746376328417858,0.7795848489266695,0.26258647347130254
0,-0.7167102124842006,-0.13030156890740185,0.0,-1.0407372369496601,-1.3237548958363246,-0.9674479845133174,-0.12088098180580481,0.3073249111813148,-1.4771948864372397,-0.9954852486763621,-1.0006856327989773,0.6133030180500258,0.38954418395609536,-0.19740129360669376,-0.1989952209230387,0,0,0.12746376328417858,0.7795848489266695,0.3763907731520813
0,-0.825378837543059,0.18674186300144002,0.0,1.4438064240284998,-0.40311303933587234,-0.46879277642512046,0.7422420466537429,-0.8464230107317258,-0.5916635970369748,-1.1795848323289124,-1.0766358963051474,0.21977639136135074,0.2017274410976963,-0.1843803831309438,0.21094532557376963,0,0,0.12746376328417858,0.7795848489266695,0.49019507283286007
0,-0.28203571224876706,-0.5794464307782606,0.0,-1.0407372369496601,-0.1985259601135496,1.525828055927667,-1.1997847673802395,1.0764901924566752,-0.2964865005702198,0.24718694097835295,-0.01333220721876361,1.1012760351439688,1.0469027839605367,-0.8484468173941832,-0.5679417127701666,0,0,0.12746376328417858,0.7795848489266695,0.6039993725136388
0,-0.8661295719401308,-0.7908087187174885,0.0,-0.6266466267866334,0.9267029756092254,-0.9674479845133174,-0.7682232531504656,1.973849687277929,1.0318104335301777,-0.1670371222398854,-0.4690337882557853,1.5577669221028463,1.5007932458683566,-0.7052168021609355,-0.8275707255514783,0,0,0.12746376328417858,0.7795848489266695,0.7178036721944175
0,-0.7574609468812724,-0.7115478607402779,0.0,-1.0407372369496601,1.5404642132761937,-0.9674479845133174,-1.1997847673802395,2.230238114369716,1.0318104335301777,-0.6733109772843989,-0.6209343152681258,1.6364722474405813,1.4225362696773525,-0.6010495183549374,-0.6772591918359817,0,0,0.12746376328417858,0.7795848489266695,0.8316079718751963
0,-1.015548931396061,-0.8832797196909006,0.0,-0.8336919318681467,0.9267029756092254,-0.9674479845133174,-0.9840040102653526,1.5892670466402488,1.3269875299969325,-0.8574105609369493,-1.0006856327989773,1.4633205316975786,1.219068131580749,-0.796363175491184,-0.8685647802011592,0,0,0.12746376328417858,0.7795848489266695,0.9454122715559751
0,-1.0019653532637038,-0.7775985757212865,0.0,-1.0407372369496601,0.21064819833109588,-0.9674479845133174,-1.1997847673802395,0.8201017653648883,0.44145624059666766,-1.0875350405026374,-1.0766358963051474,1.2272045556843734,0.9216916220549373,-0.7182377126366852,-0.7729119860185707,0,0,0.12746376328417858,0.7795848489266695,1.0592165712367538
0,-0.9612146188666318,-0.5662362877820587,0.0,-1.0407372369496601,-0.1985259601135496,-0.7181203804692189,0.7422420466537429,0.8201017653648883,-0.0013094041034648074,-1.133559936415775,-1.0766358963051474,0.928124319400966,0.7808290649111157,-0.5229240555004384,-0.6226004523030741,0,0,0.12746376328417858,0.7795848489266695,1.1730208709175325
0,-0.9747981969989893,-0.407714571827638,0.0,0.8226705087839599,-0.6077001185581951,-0.7181203804692189,-0.7682232531504656,0.3073249111813148,-0.8868406935037297,-1.2256097282420502,-1.1525861598113178,0.6605262132526597,0.5930123220527166,-0.2755267564611927,-0.3903008092882162,0,0,0.12746376328417858,0.7795848489266695,1.2868251705983114
0,-1.056299665793133,-0.1435117119036033,0.0,-0.8336919318681467,-0.6077001185581951,-0.9674479845133174,0.7422420466537429,-0.33364615654815216,-1.1820177899704847,-1.2256097282420502,-1.1525861598113178,0.4401513023070052,0.38954418395609536,-0.002087636470446941,-0.23998927557271962,0,0,0.12746376328417858,0.7795848489266695,1.40062947027909
0,-0.8389624156754162,0.14711143401283472,0.0,-0.8336919318681467,-0.1985259601135496,1.2765004518835685,-1.1997847673802395,-2.0001709326447665,0.44145624059666766,-1.3176595200683252,-1.228536423317488,0.4716334324421064,0.5460581363381035,0.1541632892385504,0.1426219011576349,0,0,0.12746376328417858,0.7795848489266695,1.514433769959869
0,-0.6080415874253422,0.5037852949102819,0.0,-0.21255601662360676,0.006061119108773155,-0.9674479845133174,-0.9840040102653526,-2.256559359736553,0.29386769236329013,-1.5477839996340133,-1.3044866868236584,0.8809011241983321,1.0155999934841278,0.42760240922929615,0.45690965347185425,0,0,0.12746376328417858,0.7795848489266695,1.6282380696406475
0,-0.2956192903811243,0.5566258668950886,0.0,-0.6266466267866334,-0.1985259601135496,-0.46879277642512046,0.9580228037686299,-0.33364615654815216,-0.5916635970369748,-1.2256097282420502,-1.228536423317488,1.5420258570353136,1.3129765030099576,0.4927069616080451,0.6482152418370313,0,0,0.12746376328417858,1.0757295026595255,-1.6720866211019363
0,0.030386584795450644,0.7151475828495089,0.0,-0.8336919318681467,-0.40311303933587234,-0.9674479845133174,-0.33666173892069173,-0.0772577294563654,-1.1820177899704847,-1.363684415981463,-1.3044866868236584,1.494802661832644,1.3129765030099576,0.7661460815987904,0.6892092964867127,0,0,0.12746376328417858,1.0757295026595255,-1.5582823214211574
0,-0.2684521341164098,0.5698360098912906,0.0,-0.21255601662360676,0.006061119108773155,-0.9674479845133174,-0.7682232531504656,-0.33364615654815216,-0.0013094041034648074,-1.5477839996340133,-1.456387213835999,1.368874141292275,1.093856969675132,0.622916066365543,0.6208858720705779,0,0,0.12746376328417858,1.0757295026595255,-1.4444780217403788
0,-0.10544919652812232,0.6490968678685002,0.0,-1.0407372369496601,0.006061119108773155,0.02986243166307639,-1.1997847673802395,-0.33364615654815216,0.7366333370634226,-1.363684415981463,-1.1525861598113178,0.8809011241983321,0.6869206934819251,0.8312506339775393,0.7438680360196203,0,0,0.12746376328417858,1.0757295026595255,-1.3306737220595999
0,-0.07828204026340758,0.5037852949102819,0.0,-0.005510711542093443,0.7221158963869028,0.2791900357071748,-0.5524424960355787,-1.1028114378235125,0.44145624059666766,-1.455734207807738,-1.3044866868236584,0.5031155625771897,0.06086488395389254,0.6489578873170424,0.538897762771216,0,0,0.12746376328417858,1.0757295026595255,-1.2168694223788212
0,-0.3092028685134818,0.8208287268191233,0.0,0.6156252037024466,1.1312900548315483,1.7751556599717655,0.526461289538856,-1.4873940784611928,-0.5916635970369748,-1.5017591037208757,-1.3804369503298286,-0.17375023532732442,-0.09564906842811557,0.5968742454140434,0.9215089395015701,0,0,0.12746376328417858,1.0757295026595255,-1.1030651226980426
0,0.2069731005160956,0.37168386494826455,0.0,-0.6266466267866334,0.31294173794225727,-0.46879277642512046,-1.1997847673802395,1.717461260186142,0.44145624059666766,-0.3511367058924358,-0.4690337882557853,0.849418994063231,0.6712692982437206,-0.05417127837344591,0.3885862290557195,0,0,0.12746376328417858,1.0757295026595255,-0.9892608230172637
0,0.5329789756926705,0.7019374398533079,0.0,-0.8336919318681467,0.51752881716458,-0.9674479845133174,0.7422420466537429,1.5892670466402488,-1.1820177899704847,-1.133559936415775,-1.0766358963051474,0.8651600591307815,0.6556179030055163,0.8572924549290393,0.5935565023041237,0,0,0.12746376328417858,1.0757295026595255,-0.8754565233364849
0,0.41072677250145506,0.7944084408267195,0.0,-0.21255601662360676,0.51752881716458,-0.7181203804692189,-0.9840040102653526,1.0764901924566752,0.7366333370634226,-1.455734207807738,-1.228536423317488,0.8336779289956804,0.6869206934819251,1.117710664444035,0.8805148848518897,0,0,0.12746376328417858,1.0757295026595255,-0.7616522236557063
0,0.1390552098543091,0.8076185838229214,0.0,-0.8336919318681467,0.31294173794225727,-0.46879277642512046,-0.9840040102653526,-1.3591998649152994,0.44145624059666766,-1.2716346241551877,-1.0766358963051474,0.7864547337930465,0.6556179030055163,0.9093760968320382,0.9351736243847972,0,0,0.12746376328417858,1.0757295026595255,-0.6478479239749275
0,0.19338952238373835,0.9132997277925349,0.0,0.8226705087839599,0.7221158963869028,-0.46879277642512046,0.7422420466537429,-0.8464230107317258,-0.8868406935037297,-1.4097093118946005,-1.1525861598113178,0.3614459769692702,0.2799844172887004,1.1307315749197846,0.8805148848518897,0,0,0.12746376328417858,1.0757295026595255,-0.5340436242941488
0,0.30205814744259657,0.7415678688419127,0.0,-0.6266466267866334,0.51752881716458,-0.9674479845133174,-0.9840040102653526,1.717461260186142,-1.4771948864372397,-1.685858687373426,-1.228536423317488,0.5031155625771897,0.34258999824150005,0.9614597387350372,0.8805148848518897,0,0,0.12746376328417858,1.0757295026595255,-0.42023932461337
0,0.628064022619172,0.8208287268191233,0.0,-1.0407372369496601,0.51752881716458,-0.9674479845133174,-0.33666173892069173,2.4866265414615025,0.7366333370634226,-1.0875350405026374,-1.0766358963051474,0.34570491190171965,0.18607604585949192,0.6619787977927925,0.8531855150854354,0,0,0.12746376328417858,1.0757295026595255,-0.3064350249325912
0,0.5873132882221,1.1246620157317628,0.0,1.8578970341915266,-0.40311303933587234,-0.7181203804692189,0.09489977530908213,0.8201017653648883,0.29386769236329013,-1.2716346241551877,-1.1525861598113178,0.015142545483246818,-0.17390604461911965,1.0135433806380365,1.2767907464654709,0,0,0.12746376328417858,1.0757295026595255,-0.19263072525181246
0,0.6144804444868145,1.3228141606747887,0.0,0.4085798986209332,-0.1985259601135496,0.7778452437953717,-0.12088098180580481,-0.8464230107317258,-1.9199605311373722,-1.455734207807738,-1.228536423317488,-0.3154198209352439,-0.4399797636685406,1.2609406796772824,1.2357966918157903,0,0,0.12746376328417858,1.0757295026595255,-0.07882642557103371
0,1.4159115542958949,1.2567634456937802,0.0,0.6156252037024466,2.2053722207487425,1.2765004518835685,-0.33666173892069173,2.4866265414615025,-0.0013094041034648074,-0.903435456850087,-1.1525861598113178,-0.2996787558676933,-0.37737418271574086,1.234898858725783,1.0444911034506135,0,0,0.12746376328417858,1.0757295026595255,0.03497787410974503
0,1.1849907260458208,1.2435533026975782,0.0,-0.4196013217051201,2.2053722207487425,-0.46879277642512046,-1.1997847673802395,1.973849687277929,0.7366333370634226,-0.7653607691106742,-1.0006856327989773,0.04662467561833009,-0.1426032541427287,1.052606112065286,1.3587788557648328,0,0,0.12746376328417858,1.0757295026595255,0.14878217379052378
0,0.9948206321928189,1.1510823017241667,0.0,-0.21255601662360676,0.006061119108773155,0.02986243166307639,-1.1997847673802395,0.5637133382731015,-0.8868406935037297,-1.3176595200683252,-1.0766358963051474,0.2669995865639846,0.07651627919207912,1.3390661425317814,1.2494613766990175,0,0,0.12746376328417858,1.0757295026595255,0.26258647347130254
0,0.505811819427956,1.085031586743158,0.0,1.8578970341915266,0.51752881716458,0.5285176397512733,2.036926589343065,1.0764901924566752,0.29386769236329013,-1.5017591037208757,-1.0766358963051474,-0.0005985195843037679,-0.12695185890452432,1.4302125158620298,1.0308264185673863,0,0,0.12746376328417858,1.0757295026595255,0.3763907731520813
0,1.4566622886929668,1.085031586743158,0.0,1.0297158138654732,0.7221158963869028,1.7751556599717655,2.036926589343065,-0.0772577294563654,0.29386769236329013,-0.3511367058924358,-0.6209343152681258,-0.14226810519222324,-0.34607139223933214,1.091668843492535,1.0444911034506135,0,0,0.12746376328417858,1.0757295026595255,0.49019507283286007
0,0.546562553825028,0.5302055809026848,0.0,-1.0407372369496601,0.21064819833109588,-0.9674479845133174,-1.1997847673802395,1.3328786195484619,0.7366333370634226,-0.6272860813712614,-0.5449840517619555,0.34570491190171965,0.07651627919207912,0.44062331970504565,0.5115683930047618,0,0,0.12746376328417858,1.0757295026595255,0.6039993725136388
0,0.628064022619172,0.7547780118381147,0.0,-1.0407372369496601,0.9267029756092254,-0.9674479845133174,-0.33666173892069173,1.5892670466402488,0.44145624059666766,-0.8574105609369493,-1.0006856327989773,0.23551745642890132,0.07651627919207912,0.8052088130260399,0.8395208302022092,0,0,0.12746376328417858,1.0757295026595255,0.7178036721944175
0,0.505811819427956,1.0057707287659474,0.0,-0.8336919318681467,0.31294173794225727,-0.7181203804692189,0.09489977530908213,1.717461260186142,-1.1820177899704847,-1.363684415981463,-1.1525861598113178,-0.016339584651854352,-0.2521630208101237,1.0395852015895362,0.9625029941512515,0,0,0.12746376328417858,1.0757295026595255,0.8316079718751963
0,1.1170728353840345,0.8208287268191233,0.0,-0.8336919318681467,0.7221158963869028,1.7751556599717655,-0.33666173892069173,0.3073249111813148,-0.5916635970369748,-1.455734207807738,-0.6209343152681258,0.09384787082098185,-0.23651162557193714,0.6880206187442919,0.7438680360196203,0,0,0.12746376328417858,1.0757295026595255,0.9454122715559751
0,1.1034892572516775,1.1642924447203686,0.0,0.4085798986209332,1.5404642132761937,-0.7181203804692189,-0.33666173892069173,-0.8464230107317258,-1.6247834346706171,-0.8113856650238117,-1.228536423317488,-0.20523236546242557,-0.4086769731921318,1.234898858725783,1.2221320069325632,0,0,0.12746376328417858,1.0757295026595255,1.0592165712367538
0,1.6060816481488973,1.0321910147583513,0.0,2.06494233927304,0.9267029756092254,1.0271728478394702,-1.1997847673802395,-0.33364615654815216,-0.2964865005702198,-1.0415101445894996,-0.924735369292807,-0.26819662573261005,-0.15825464938093306,1.3520870530075308,1.0718204732170666,0,0,0.12746376328417858,1.0757295026595255,1.1730208709175325
0,1.3344100855017513,1.0321910147583513,0.0,-1.0407372369496601,0.21064819833109588,-0.9674479845133174,0.9580228037686299,1.3328786195484619,-1.1820177899704847,-0.9494603527632245,-1.0006856327989773,-0.03208064971940494,-0.12695185890452432,1.0135433806380365,1.1811379522828829,0,0,0.12746376328417858,1.0757295026595255,1.2868251705983114
0,1.1578235697811063,1.2567634456937802,0.0,1.8578970341915266,1.3358771340538709,-0.7181203804692189,0.31068053242396904,1.717461260186142,1.9173417229304426,-1.2256097282420502,-0.8487851057866367,-0.2839376908001606,-0.34607139223933214,1.2869825006287818,1.208467322049336,0,0,0.12746376328417858,1.0757295026595255,1.40062947027909
0,1.2121578823105355,0.27921286397485207,0.0,-0.4196013217051201,1.5404642132761937,0.5285176397512733,0.526461289538856,-0.590034583639939,-0.2964865005702198,-0.213062018153023,0.13856831979357695,-0.07930384492203879,0.0921676744302835,0.8572924549290393,0.292933434873131,0,0,0.12746376328417858,1.0757295026595255,1.514433769959869
0,0.9948206321928189,0.9793504427735436,0.0,1.4438064240284998,1.6427577528873551,-0.7181203804692189,-0.7682232531504656,-1.3591998649152994,-1.1820177899704847,-0.39716160180557336,-0.5449840517619555,-0.3311608860027945,-0.4869339493831359,0.9093760968320382,0.9898323639177048,0,0,0.12746376328417858,1.0757295026595255,1.6282380696406475
0,0.9404863196633895,1.2435533026975782,0.0,2.06494233927304,-0.1985259601135496,2.5231384721040606,2.036926589343065,0.8201017653648883,-1.1820177899704847,-0.48921139363184857,-1.0766358963051474,-0.7404285777590202,-0.8782188303381562,1.313024321580282,1.3587788557648328,0,0,0.12746376328417858,1.0757295026595255,1.7420423693214264
0,1.1034892572516775,1.3096040176785868,0.0,-1.0407372369496601,0.21064819833109588,-0.46879277642512046,0.7422420466537429,1.3328786195484619,0.29386769236329013,-1.3176595200683252,-1.0766358963051474,-0.8506160332318385,-1.0347327827201642,1.4562543368135297,1.3041201162319251,0,0,0.12746376328417858,1.3718741563923815,-1.6720866211019363
0,1.6196652262812543,1.7587488795494466,0.0,1.8578970341915266,2.2053722207487425,0.02986243166307639,0.31068053242396904,1.5892670466402488,2.65528446409733,-1.0415101445894996,-1.228536423317488,-1.7793388722171262,-2.0364220779650304,1.5213588891922787,1.686731292962279,0,0,0.12746376328417858,1.3718741563923815,-1.5582823214211574
0,0.9812370540604615,0.9132997277925349,0.0,-1.0407372369496601,0.006061119108773155,2.5231384721040606,1.8211458322281777,0.5637133382731015,2.0649302711638198,-0.213062018153023,-0.6209343152681258,-1.6061871564741055,-1.6138344065336014,1.0135433806380365,1.0581557883338395,0,0,0.12746376328417858,1.3718741563923815,-1.4444780217403788
0,0.2069731005160956,0.3981041509406675,0.0,2.06494233927304,0.006061119108773155,2.024483264015864,1.8211458322281777,-0.0772577294563654,0.29386769236329013,-0.12101222632674781,-0.7728348422804664,-0.8191339030967553,-0.9564758065291603,0.19322602066579989,0.5252330778879889,0,0,0.12746376328417858,1.3718741563923815,-1.3306737220595999
0,-0.051114883998693086,0.6623070108647021,0.0,-1.0407372369496601,-1.119167816614002,-0.7181203804692189,-0.7682232531504656,0.1791306976354214,-0.2964865005702198,-0.3511367058924358,-0.8487851057866367,-0.5200536668133657,-0.7060534827179615,0.3364560358990477,0.6208858720705779,0,0,0.12746376328417858,1.3718741563923815,-1.2168694223788212
0,0.5193953975603135,1.2435533026975782,0.0,0.6156252037024466,-0.1985259601135496,-0.9674479845133174,0.7422420466537429,0.1791306976354214,-0.8868406935037297,-1.0415101445894996,-1.228536423317488,-0.787651772961654,-1.0347327827201642,1.0265642911137862,1.2767907464654709,0,0,0.12746376328417858,1.3718741563923815,-1.1030651226980426
0,1.4430787105606098,1.454915590636806,0.0,-0.4196013217051201,0.51752881716458,-0.7181203804692189,-0.12088098180580481,1.0764901924566752,0.29386769236329013,-1.1795848323289124,-1.0006856327989773,-0.8191339030967553,-0.9564758065291603,1.3260452320560314,1.3587788557648328,0,0,0.12746376328417858,1.3718741563923815,-0.9892608230172637
0,1.7690845857371846,0.2527925779824482,0.0,1.650851729110013,0.31294173794225727,1.0271728478394702,2.036926589343065,-0.590034583639939,1.3269875299969325,-1.0875350405026374,1.2778222723861312,-0.189491300394875,0.06086488395389254,1.0005224701622866,-0.10334242674045017,0,0,0.12746376328417858,1.3718741563923815,-0.8754565233364849
0,0.73673264767803,0.5302055809026848,0.0,-0.005510711542093443,0.31294173794225727,1.2765004518835685,-0.33666173892069173,-1.1028114378235125,-0.0013094041034648074,0.7074359001097289,-0.4690337882557853,-0.4098662113405295,-0.39302557795394527,0.3104142149475478,0.40225091393894663,0,0,0.12746376328417858,1.3718741563923815,-0.7616522236557063
0,0.7638998039427449,0.5302055809026848,0.0,1.4438064240284998,-0.1985259601135496,2.024483264015864,0.09489977530908213,-0.8464230107317258,-0.8868406935037297,0.15513714915207777,0.2904688468059175,-0.8663570982993891,-0.5964937160505487,0.6880206187442919,0.1972806406905425,0,0,0.12746376328417858,1.3718741563923815,-0.6478479239749275
0,0.47864466316324156,1.1378721587279648,0.0,-0.21255601662360676,-0.6077001185581951,-0.7181203804692189,-0.7682232531504656,-1.1028114378235125,-0.5916635970369748,-1.133559936415775,-1.0006856327989773,-0.8033928380292047,-0.7686590636707612,1.4171916053862799,1.0854851581002938,0,0,0.12746376328417858,1.3718741563923815,-0.5340436242941488
0,1.1170728353840345,1.428495304644403,0.0,0.4085798986209332,0.51752881716458,-0.46879277642512046,2.036926589343065,0.1791306976354214,-0.8868406935037297,-1.2716346241551877,-1.1525861598113178,-0.5357947318808984,-0.5495395303359534,1.6515679939497765,1.5637491290132368,0,0,0.12746376328417858,1.3718741563923815,-0.42023932461337
0,1.4023279761635379,0.9397200137849387,0.0,0.8226705087839599,0.7221158963869028,-0.46879277642512046,-1.1997847673802395,1.3328786195484619,1.0318104335301777,-1.0415101445894996,-1.0766358963051474,-0.11078597505713997,-0.2521630208101237,1.0395852015895362,1.1264792127499743,0,0,0.12746376328417858,1.3718741563923815,-0.3064350249325912
0,0.9269027415310325,0.5566258668950886,0.0,-0.6266466267866334,0.7221158963869028,-0.9674479845133174,0.9580228037686299,1.5892670466402488,0.29386769236329013,-1.1795848323289124,-1.0006856327989773,-0.14226810519222324,-0.22086023033373275,0.7401042606472908,0.6072211871873509,0,0,0.12746376328417858,1.3718741563923815,-0.19263072525181246
0,0.600896866354457,0.6490968678685002,0.0,-1.0407372369496601,0.31294173794225727,-0.9674479845133174,1.173803560883517,1.5892670466402488,1.0318104335301777,-1.4097093118946005,-1.228536423317488,-0.2996787558676933,-0.39302557795394527,0.7140624396957914,0.6892092964867127,0,0,0.12746376328417858,1.3718741563923815,-0.07882642557103371
0,0.1662223661190236,0.9661402997773425,0.0,-0.21255601662360676,-1.0168742770028405,0.02986243166307639,1.173803560883517,-0.33364615654815216,-1.1820177899704847,-1.455734207807738,-1.3804369503298286,-0.5830179270835502,-0.612145111288753,0.8312506339775393,0.9215089395015701,0,0,0.12746376328417858,1.3718741563923815,0.03497787410974503
0,0.5329789756926705,1.3624445896633945,0.0,0.8226705087839599,0.31294173794225727,0.2791900357071748,0.9580228037686299,-0.8464230107317258,-1.1820177899704847,-1.5477839996340133,-1.3044866868236584,-0.5200536668133657,-0.5964937160505487,1.1958361272985334,1.4271022801809674,0,0,0.12746376328417858,1.3718741563923815,0.14878217379052378
0,0.6959819132809585,1.5605967346064205,0.0,-0.6266466267866334,-0.1985259601135496,0.2791900357071748,-0.33666173892069173,0.1791306976354214,0.7366333370634226,-1.5938088955471508,-1.3804369503298286,-0.4413483414756307,-0.5964937160505487,1.5343797996680277,1.5500844441300097,0,0,0.12746376328417858,1.3718741563923815,0.26258647347130254
0,0.8182341164721739,1.653067735579832,0.0,1.8578970341915266,0.9267029756092254,-0.21946517238102203,-0.5524424960355787,-0.0772577294563654,0.29386769236329013,-1.6398337914602885,-1.456387213835999,-0.6774643174888357,-0.7686590636707612,1.8078189196587735,1.6457372383125988,0,0,0.12746376328417858,1.3718741563923815,0.3763907731520813
0,1.5517473356194678,1.1510823017241667,0.0,0.6156252037024466,1.6427577528873551,1.525828055927667,0.9580228037686299,2.230238114369716,1.9173417229304426,-0.3051118099792982,-0.4690337882557853,-0.4098662113405295,-0.45563115890674494,0.9354179177835377,1.1538085825164286,0,0,0.12746376328417858,1.3718741563923815,0.49019507283286007
0,0.8589848508692459,0.9132997277925349,0.0,-1.0407372369496601,0.9267029756092254,-0.46879277642512046,-1.1997847673802395,1.717461260186142,0.44145624059666766,-0.8574105609369493,-0.924735369292807,0.2669995865639846,0.013910698239279429,0.6749997082685419,0.8941795697351168,0,0,0.12746376328417858,1.3718741563923815,0.6039993725136388
0,0.8182341164721739,1.071821443746956,0.0,-1.0407372369496601,0.31294173794225727,-0.9674479845133174,0.7422420466537429,1.973849687277929,-0.2964865005702198,-1.2256097282420502,-1.0766358963051474,-0.07930384492203879,-0.23651162557193714,0.9614597387350372,1.1401438976332015,0,0,0.12746376328417858,1.3718741563923815,0.7178036721944175
0,1.049154944722248,0.9925605857697455,0.0,-1.0407372369496601,0.31294173794225727,-0.9674479845133174,-0.33666173892069173,1.5892670466402488,-0.0013094041034648074,-1.363684415981463,-1.0766358963051474,-0.12652704012469054,-0.26781441604832806,1.1437524853955345,1.0444911034506135,0,0,0.12746376328417858,1.3718741563923815,0.8316079718751963
0,1.1170728353840345,1.1775025877165695,0.0,-0.8336919318681467,0.21064819833109588,0.02986243166307639,-0.5524424960355787,1.0764901924566752,-0.5916635970369748,-1.3176595200683252,-1.1525861598113178,-0.48857153667826453,-0.8312646446235609,1.1307315749197846,1.0171617336841592,0,0,0.12746376328417858,1.3718741563923815,0.9454122715559751
0,1.1714071479134638,1.5209663056178149,0.0,1.4438064240284998,2.2053722207487425,0.5285176397512733,0.31068053242396904,0.3073249111813148,2.360107367630575,-1.6398337914602885,-1.1525861598113178,-1.7321156770144743,-1.6607885922481969,1.8859443825132722,1.5090903894803294,0,0,0.12746376328417858,1.3718741563923815,1.0592165712367538
0,1.2121578823105355,0.46415486592167615,0.0,-0.8336919318681467,0.21064819833109588,-0.46879277642512046,-1.1997847673802395,-0.0772577294563654,-0.0013094041034648074,-0.3511367058924358,-0.01333220721876361,-0.630241122286184,-0.4869339493831359,0.8442715444532892,0.37492154417249285,0,0,0.12746376328417858,1.3718741563923815,1.1730208709175325
0,0.9269027415310325,0.8736692988039301,0.0,-0.8336919318681467,0.51752881716458,-0.9674479845133174,0.526461289538856,1.717461260186142,-0.8868406935037297,-0.9494603527632245,-0.6968845787742961,-0.5043126017458152,-0.56519092557414,0.8703133654047888,0.9761676790344787,0,0,0.12746376328417858,1.3718741563923815,1.2868251705983114
0,1.1034892572516775,1.2435533026975782,0.0,1.650851729110013,0.51752881716458,0.02986243166307639,1.8211458322281777,-0.0772577294563654,0.44145624059666766,-1.2256097282420502,-0.8487851057866367,-0.630241122286184,-0.7373562731943525,1.234898858725783,1.1401438976332015,0,0,0.12746376328417858,1.3718741563923815,1.40062947027909
0,1.049154944722248,1.3492344466671926,0.0,2.06494233927304,1.6427577528873551,2.5231384721040606,0.7422420466537429,-1.1028114378235125,0.29386769236329013,-0.9954852486763621,-0.24118299773727445,-1.0552498791099603,-1.0503841779583687,1.8078189196587735,0.7438680360196203,0,0,0.12746376328417858,1.3718741563923815,1.514433769959869
0,0.8046505383398165,1.4020750186519995,0.0,1.4438064240284998,1.3358771340538709,0.7778452437953717,1.3895843179984038,-0.0772577294563654,3.171844382914151,-0.5812611854581238,-0.5449840517619555,-1.4015533105959836,-1.3947148731987937,1.3260452320560314,0.8395208302022092,0,0,0.12746376328417858,1.3718741563923815,1.6282380696406475
0,0.6688147570162435,0.886879441800132,0.0,-0.6266466267866334,2.0519319113320007,-0.46879277642512046,0.7422420466537429,1.3328786195484619,-0.2964865005702198,-0.8574105609369493,-0.6968845787742961,-0.6774643174888357,-0.5182367398595447,0.9484388282592877,0.9215089395015701,0,0,0.12746376328417858,1.6680188101252378,-1.6720866211019363
0,1.144239991648749,0.3320534359596588,0.0,-1.0407372369496601,1.1312900548315483,-0.9674479845133174,-0.7682232531504656,1.3328786195484619,0.44145624059666766,-0.903435456850087,-0.4690337882557853,0.20403532629380014,0.26433302205049597,0.544790603511044,0.3202628046395848,0,0,0.12746376328417858,1.6680188101252378,-1.5582823214211574
0,0.43789392876616956,0.9000895847963338,0.0,-0.21255601662360676,-0.1985259601135496,-0.7181203804692189,1.6053650751132906,0.8201017653648883,-1.4771948864372397,-1.1795848323289124,-1.228536423317488,0.18829426122624957,-0.189557439857324,0.6359369768412925,0.8805148848518897,0,0,0.12746376328417858,1.6680188101252378,-1.4444780217403788
0,0.8046505383398165,1.2303431597013772,0.0,1.2367611189469865,-0.8122871977805178,1.7751556599717655,0.09489977530908213,0.5637133382731015,0.44145624059666766,-1.5017591037208757,-1.1525861598113178,-0.3154198209352439,-0.5495395303359534,0.8572924549290393,1.194802637166109,0,0,0.12746376328417858,1.6680188101252378,-1.3306737220595999
0,0.7503162258103875,1.8115894515342532,0.0,0.20153459353941988,1.6427577528873551,0.02986243166307639,-0.5524424960355787,0.8201017653648883,1.0318104335301777,-1.5477839996340133,-1.0006856327989773,-1.0395088140424098,-1.25385231605499,1.9640698453677712,1.7003959778455062,0,0,0.12746376328417858,1.6680188101252378,-1.2168694223788212
0,1.6468323825459692,0.5169954379064828,0.0,1.8578970341915266,2.0519319113320007,-0.21946517238102203,0.09489977530908213,-0.8464230107317258,-0.5916635970369748,0.20116204506521534,0.8980709548552798,-0.8506160332318385,-0.5808423208123443,0.9744806492107871,0.4842390232383085,0,1,0.12746376328417858,1.6680188101252378,-1.1030651226980426
0,0.73673264767803,0.5037852949102819,0.0,2.06494233927304,1.5404642132761937,0.02986243166307639,0.09489977530908213,0.5637133382731015,0.29386769236329013,2.272282361156407,1.9613746439416637,-0.6617232524212852,-0.6747506922415527,0.11510055781130096,0.3885862290557195,1,1,0.12746376328417858,1.6680188101252378,-0.9892608230172637
0,0.7231490695456729,0.886879441800132,0.0,0.4085798986209332,-0.40311303933587234,0.7778452437953717,0.09489977530908213,-0.0772577294563654,-0.8868406935037297,1.1216599633279674,0.2145185832997472,-0.6145000572186334,-0.533888135097749,0.5708324244625436,0.9215089395015701,1,0,0.12746376328417858,1.6680188101252378,-0.8754565233364849
0,1.4159115542958949,1.283183731686184,0.0,1.2367611189469865,1.6427577528873551,-0.9674479845133174,-0.7682232531504656,1.5892670466402488,-1.4771948864372397,-0.8113856650238117,-0.8487851057866367,-0.5357947318808984,-0.612145111288753,1.4432334263377797,1.3587788557648328,0,0,0.12746376328417858,1.6680188101252378,-0.7616522236557063
0,1.6875831169430409,1.1775025877165695,0.0,-0.4196013217051201,2.0519319113320007,-0.7181203804692189,0.526461289538856,-0.0772577294563654,-0.8868406935037297,-0.7193358731975366,-0.3171332612434447,-0.787651772961654,-0.7686590636707612,1.5864634415710275,1.1674732673996557,0,0,0.12746376328417858,1.6680188101252378,-0.6478479239749275
0,1.3479936636341083,1.1907127307127714,0.0,1.2367611189469865,0.51752881716458,-0.9674479845133174,1.173803560883517,-1.1028114378235125,1.9173417229304426,-0.213062018153023,-0.16523273423110416,-1.070990944177511,-1.0816869684347774,1.3390661425317814,1.0854851581002938,0,0,0.12746376328417858,1.6680188101252378,-0.5340436242941488
0,1.3072429292370369,0.7679881548343166,0.0,-0.8336919318681467,0.006061119108773155,-0.9674479845133174,-0.33666173892069173,0.5637133382731015,-0.2964865005702198,-0.3511367058924358,-0.24118299773727445,-0.708946447623919,-0.8156132493853565,0.8833342758805387,0.8258561453189821,0,0,0.12746376328417858,1.6680188101252378,-0.42023932461337
0,1.5245801793547533,1.2963938746823858,0.0,1.4438064240284998,2.2053722207487425,0.02986243166307639,2.036926589343065,1.0764901924566752,-1.1820177899704847,-0.8574105609369493,-0.7728348422804664,-1.1024730743125941,-1.1912467351021725,1.5343797996680277,1.3724435406480597,0,0,0.12746376328417858,1.6680188101252378,-0.3064350249325912
0,2.1358411953108316,1.2039228737089733,0.0,1.650851729110013,0.31294173794225727,0.5285176397512733,1.6053650751132906,0.1791306976354214,0.44145624059666766,-0.7653607691106742,-0.24118299773727445,-1.4330354407310848,-1.25385231605499,1.5734425310952775,1.2357966918157903,0,1,0.12746376328417858,1.6680188101252378,-0.19263072525181246
0,1.225741460442893,0.22637229199004533,0.0,-1.0407372369496601,-0.8122871977805178,-0.9674479845133174,-0.33666173892069173,-2.256559359736553,0.29386769236329013,0.8915354837622793,1.2018720088799608,-0.9765445537722253,-0.6590992970033484,0.6359369768412925,0.1972806406905425,1,0,0.12746376328417858,1.6680188101252378,-0.07882642557103371
0,0.6688147570162435,0.9661402997773425,0.0,-1.0407372369496601,0.21064819833109588,-0.9674479845133174,-0.9840040102653526,-0.8464230107317258,-1.9199605311373722,-0.39716160180557336,-0.16523273423110416,-1.070990944177511,-1.1912467351021725,1.091668843492535,0.8668501999686625,0,0,0.12746376328417858,1.6680188101252378,0.03497787410974503
0,1.049154944722248,1.1907127307127714,0.0,-1.0407372369496601,1.8473448321096777,0.02986243166307639,-0.7682232531504656,-0.590034583639939,0.44145624059666766,-0.2590869140661606,-0.24118299773727445,-1.307106920190716,-1.3164578970077896,1.156773395871284,1.0581557883338395,0,0,0.12746376328417858,1.6680188101252378,0.14878217379052378
0,1.130656413516392,1.1907127307127714,0.0,-0.21255601662360676,0.006061119108773155,-0.21946517238102203,-1.1997847673802395,-1.1028114378235125,0.44145624059666766,-0.02896243450047262,-0.0892824707249339,-1.3700711804609005,-1.441669058913389,1.117710664444035,1.0308264185673863,0,0,0.12746376328417858,1.6680188101252378,0.26258647347130254
0,1.2121578823105355,1.2567634456937802,0.0,-0.8336919318681467,-0.1985259601135496,0.5285176397512733,0.31068053242396904,-0.33364615654815216,-1.6247834346706171,0.06308735732580258,-0.393083524749615,-1.7793388722171262,-1.9581651017740265,1.2609406796772824,1.3041201162319251,0,0,0.12746376328417858,1.6680188101252378,0.3763907731520813
0,1.2664921948399648,-0.011410281941585972,0.0,1.0297158138654732,0.21064819833109588,-0.46879277642512046,-0.12088098180580481,-0.590034583639939,0.44145624059666766,1.0756350674148296,2.45505135673177,-1.6061871564741055,-1.3164578970077896,0.609895155889793,-0.02135431744108881,0,1,0.12746376328417858,1.6680188101252378,0.49019507283286007
0,1.2393250385752503,0.5566258668950886,0.0,-1.0407372369496601,0.31294173794225727,-0.46879277642512046,-0.7682232531504656,1.5892670466402488,-0.0013094041034648074,0.9835852755885545,1.505673062904642,-1.1654373345827787,-0.9095216208145649,0.7010415292200414,0.4295802837054009,1,0,0.12746376328417858,1.6680188101252378,0.6039993725136388
0,1.3208265073693939,0.6226765818760973,0.0,-1.0407372369496601,0.006061119108773155,-0.9674479845133174,-0.7682232531504656,0.8201017653648883,0.44145624059666766,1.1216599633279674,1.505673062904642,-0.6932053825563684,-0.7999618541471522,0.7921879025502903,0.5252330778879889,0,0,0.12746376328417858,1.6680188101252378,0.7178036721944175
0,1.2936593511046794,1.071821443746956,0.0,-0.8336919318681467,-0.1985259601135496,-0.7181203804692189,-0.33666173892069173,0.8201017653648883,-1.1820177899704847,0.38526162871776576,0.13856831979357695,-1.0237677489748591,-1.3008065017695853,1.0395852015895362,1.0171617336841592,0,0,0.12746376328417858,1.6680188101252378,0.8316079718751963
0,1.8641696326636856,1.2039228737089733,0.0,1.4438064240284998,2.2053722207487425,-0.7181203804692189,-0.5524424960355787,1.3328786195484619,-1.4771948864372397,-0.3511367058924358,-0.16523273423110416,-1.7635978071495755,-1.9268623112976178,1.247919769201533,1.2357966918157903,0,1,0.12746376328417858,1.6680188101252378,0.9454122715559751
0,1.2121578823105355,1.454915590636806,0.0,0.6156252037024466,2.2053722207487425,0.2791900357071748,1.3895843179984038,-1.1028114378235125,-0.2964865005702198,0.29321183689149055,-0.24118299773727445,-2.1571244338382507,-2.1146790541560345,1.234898858725783,1.4271022801809674,1,0,0.12746376328417858,1.6680188101252378,1.0592165712367538
0,0.47864466316324156,0.5037852949102819,0.0,1.0297158138654732,1.1312900548315483,1.525828055927667,0.7422420466537429,1.3328786195484619,0.7366333370634226,0.38526162871776576,0.4423693738182581,-1.0237677489748591,-0.987778597005569,0.010933274005303032,0.40225091393894663,0,0,0.12746376328417858,1.6680188101252378,1.1730208709175325
0,0.8182341164721739,0.5698360098912906,0.0,-1.0407372369496601,1.1312900548315483,-0.46879277642512046,-1.1997847673802395,2.230238114369716,0.44145624059666766,-0.903435456850087,-0.8487851057866367,-0.6145000572186334,-0.5025853446213403,0.42760240922929615,0.538897762771216,0,0,0.12746376328417858,1.6680188101252378,1.2868251705983114
0,0.47864466316324156,0.7944084408267195,0.0,-0.6266466267866334,1.3358771340538709,-0.9674479845133174,-0.7682232531504656,1.5892670466402488,2.0649302711638198,-1.1795848323289124,-1.228536423317488,-0.3783840812054283,-0.37737418271574086,0.7401042606472908,0.812191460435755,0,0,0.12746376328417858,1.6680188101252378,1.40062947027909
0,0.41072677250145506,0.886879441800132,0.0,-1.0407372369496601,1.5404642132761937,-0.9674479845133174,0.7422420466537429,1.973849687277929,0.7366333370634226,-1.4097093118946005,-1.228536423317488,-0.708946447623919,-0.9095216208145649,0.9223970073077882,0.7711974057860745,0,0,0.12746376328417858,1.6680188101252378,1.514433769959869
0,0.7503162258103875,1.1246620157317628,0.0,-1.0407372369496601,1.8473448321096777,-0.9674479845133174,0.9580228037686299,0.3073249111813148,-0.0013094041034648074,-1.4097093118946005,-0.8487851057866367,-1.5589639612714539,-1.676439987486401,1.3390661425317814,1.2767907464654709,0,0,0.12746376328417858,1.6680188101252378,1.6282380696406475
0,0.6552311788838865,0.9265098707887368,0.0,0.8226705087839599,1.5404642132761937,-0.46879277642512046,0.526461289538856,0.3073249111813148,1.6221646264636875,0.15513714915207777,-0.393083524749615,-1.5432228962039212,-1.5042746398661886,0.622916066365543,0.9215089395015701,0,0,0.12746376328417858,1.6680188101252378,1.7420423693214264
0,0.5737297100897425,0.9132997277925349,0.0,0.8226705087839599,1.5404642132761937,1.0271728478394702,0.9580228037686299,-0.0772577294563654,2.360107367630575,0.10911225323894017,-0.4690337882557853,-1.1339552044476953,-1.0973383636729819,0.622916066365543,0.8805148848518897,0,0,0.9040576569619737,-1.5895723809361793,-1.6720866211019363
0,0.7503162258103875,1.071821443746956,0.0,0.8226705087839599,0.9267029756092254,-0.9674479845133174,0.9580228037686299,0.1791306976354214,0.7366333370634226,-0.12101222632674781,-0.6209343152681258,-0.787651772961654,-0.9095216208145649,0.7140624396957914,0.9351736243847972,0,0,0.9040576569619737,-1.5895723809361793,-1.5582823214211574
0,0.8318176946045315,1.2567634456937802,0.0,1.2367611189469865,1.3358771340538709,-0.46879277642512046,1.3895843179984038,-0.590034583639939,-0.0013094041034648074,-0.8113856650238117,-0.7728348422804664,-0.9922856188397758,-0.9721272017673647,1.3260452320560314,1.2631260615822437,0,0,0.9040576569619737,-1.5895723809361793,-1.4444780217403788
0,0.8861520071339605,1.2567634456937802,0.0,1.2367611189469865,1.3358771340538709,1.2765004518835685,1.173803560883517,0.5637133382731015,0.44145624059666766,-1.1795848323289124,-0.924735369292807,-0.8978392284344903,-0.8938702255763605,1.2739615901530323,1.2221320069325632,0,0,0.9040576569619737,-1.5895723809361793,-1.3306737220595999
0,0.9269027415310325,1.2039228737089733,0.0,1.2367611189469865,0.51752881716458,-0.9674479845133174,0.7422420466537429,1.3328786195484619,-0.0013094041034648074,-1.363684415981463,-1.1525861598113178,-0.7719107078941034,-0.7999618541471522,1.169794306347034,1.112814527866748,0,0,0.9040576569619737,-1.5895723809361793,-1.2168694223788212
0,0.8454012727368885,1.4417054476406042,0.0,0.8226705087839599,0.006061119108773155,-0.7181203804692189,0.9580228037686299,0.3073249111813148,-0.5916635970369748,-1.363684415981463,-1.0766358963051474,-0.7404285777590202,-0.6904020874797572,1.2869825006287818,1.5637491290132368,0,0,0.9040576569619737,-1.5895723809361793,-1.1030651226980426
0,1.2800757729723218,1.1378721587279648,0.0,-0.6266466267866334,1.5404642132761937,-0.46879277642512046,-0.33666173892069173,-0.590034583639939,-1.4771948864372397,-1.2256097282420502,-0.924735369292807,-0.5830179270835502,-0.5964937160505487,1.5083379787165287,1.1538085825164286,0,0,0.9040576569619737,-1.5895723809361793,-0.9892608230172637
0,0.057553741060165385,1.1378721587279648,0.0,-1.0407372369496601,0.006061119108773155,-0.7181203804692189,-0.33666173892069173,1.0764901924566752,0.44145624059666766,-1.0875350405026374,-0.8487851057866367,-0.6459821873537346,-0.56519092557414,1.5734425310952775,1.1811379522828829,0,0,0.9040576569619737,-1.5895723809361793,-0.8754565233364849
0,1.9456711014578296,1.058611300750754,0.0,0.4085798986209332,0.7221158963869028,-0.7181203804692189,0.09489977530908213,1.0764901924566752,1.3269875299969325,-1.1795848323289124,-0.7728348422804664,-0.5357947318808984,-0.3617227874775365,1.5343797996680277,1.0581557883338395,0,0,0.9040576569619737,-1.5895723809361793,-0.7616522236557063
0,1.8098353201342567,1.3624445896633945,0.0,1.8578970341915266,1.5404642132761937,1.0271728478394702,0.31068053242396904,0.3073249111813148,2.0649302711638198,-1.133559936415775,-0.6209343152681258,-0.5987589921511007,-0.6277965065269574,1.3000034111045318,1.3997729104145131,0,0,0.9040576569619737,-1.5895723809361793,-0.6478479239749275
0,1.8913367889284003,1.0321910147583513,0.0,0.20153459353941988,0.21064819833109588,2.772466076148159,1.3895843179984038,0.5637133382731015,0.29386769236329013,-0.12101222632674781,-0.01333220721876361,-1.0395088140424098,-0.7999618541471522,1.247919769201533,0.8395208302022092,0,0,0.9040576569619737,-1.5895723809361793,-0.5340436242941488
0,1.5245801793547533,1.0057707287659474,0.0,1.2367611189469865,1.6427577528873551,0.5285176397512733,0.09489977530908213,-0.590034583639939,0.44145624059666766,-0.02896243450047262,0.13856831979357695,-1.0552498791099603,-0.8625674350999696,1.2869825006287818,1.003497048800932,0,0,0.9040576569619737,-1.5895723809361793,-0.42023932461337
0,0.9812370540604615,1.1907127307127714,0.0,0.6156252037024466,1.5404642132761937,0.7778452437953717,2.036926589343065,-1.7437825055529794,-1.6247834346706171,0.06308735732580258,0.13856831979357695,-0.7719107078941034,-0.7843104589089656,1.234898858725783,1.0854851581002938,0,0,0.9040576569619737,-1.5895723809361793,-0.3064350249325912
0,0.9676534759281045,-0.5398160017896553,0.0,1.0297158138654732,2.2053722207487425,1.525828055927667,0.7422420466537429,0.1791306976354214,2.360107367630575,1.1676848592411049,2.4170762249786852,-0.11078597505713997,0.37389278871790876,0.2583305730445488,-0.663594506952755,0,0,0.9040576569619737,-1.5895723809361793,-0.19263072525181246
0,0.5873132882221,0.0017998610546154786,0.0,-1.0407372369496601,1.1312900548315483,-0.46879277642512046,-0.7682232531504656,1.5892670466402488,0.44145624059666766,0.799485691936004,1.0499714818676202,0.3614459769692702,0.2799844172887004,-0.05417127837344591,-0.0486836872075426,0,0,0.9040576569619737,-1.5895723809361793,-0.07882642557103371
0,0.7503162258103875,0.38489400794446554,0.0,-0.8336919318681467,-1.0168742770028405,-0.9674479845133174,-0.7682232531504656,0.3073249111813148,-0.5916635970369748,-0.6272860813712614,-0.393083524749615,-0.09504490998958938,-0.2052088350955284,0.3104142149475478,0.3885862290557195,0,0,0.9040576569619737,-1.5895723809361793,0.03497787410974503
0,0.9404863196633895,0.8472490128115262,0.0,-0.8336919318681467,-1.119167816614002,-0.9674479845133174,1.173803560883517,0.5637133382731015,-0.2964865005702198,-1.0415101445894996,-0.8487851057866367,-0.5357947318808984,-0.7060534827179615,0.7401042606472908,0.8668501999686625,0,0,0.9040576569619737,-1.5895723809361793,0.14878217379052378
0,1.3887443980311804,1.2963938746823858,0.0,-1.0407372369496601,-0.8122871977805178,-0.7181203804692189,-0.5524424960355787,0.5637133382731015,0.7366333370634226,-0.8113856650238117,-0.6968845787742961,-1.1182141393801448,-1.1129897589111684,1.1307315749197846,1.194802637166109,0,0,0.9040576569619737,-1.5895723809361793,0.26258647347130254
0,1.3751608198988232,0.688727296857106,0.0,1.650851729110013,0.51752881716458,0.5285176397512733,1.3895843179984038,-0.8464230107317258,-2.2151376276041272,-0.3051118099792982,1.7335238534231527,-1.149696269515246,-0.5808423208123443,1.3651079634832808,0.2519393802234501,0,0,0.9040576569619737,-1.5895723809361793,0.3763907731520813
0,1.1034892572516775,1.1907127307127714,0.0,-1.0407372369496601,0.006061119108773155,0.7778452437953717,0.31068053242396904,-0.590034583639939,0.7366333370634226,0.5233363164571785,0.2904688468059175,-0.8033928380292047,-1.0816869684347774,1.0135433806380365,1.2494613766990175,0,0,0.9040576569619737,-1.5895723809361793,0.49019507283286007
0,1.0763221009869623,0.8736692988039301,0.0,-1.0407372369496601,0.006061119108773155,-0.9674479845133174,-1.1997847673802395,-0.0772577294563654,-0.0013094041034648074,1.7660085061118935,1.2778222723861312,-0.9765445537722253,-1.1129897589111684,0.5317696930352945,0.907844254618344,0,1,0.9040576569619737,-1.5895723809361793,0.6039993725136388
0,1.1714071479134638,1.1510823017241667,0.0,-1.0407372369496601,0.006061119108773155,-0.9674479845133174,-1.1997847673802395,-0.0772577294563654,-0.0013094041034648074,1.2137097551542424,0.8221206913491095,-1.0080266839073087,-0.8938702255763605,0.9744806492107871,1.2631260615822437,1,0,0.9040576569619737,-1.5895723809361793,0.7178036721944175
0,1.3072429292370369,0.9265098707887368,0.0,-1.0407372369496601,0.006061119108773155,-0.9674479845133174,-1.1997847673802395,-0.0772577294563654,-0.0013094041034648074,0.06308735732580258,0.4423693738182581,-0.5200536668133657,-0.5025853446213403,1.052606112065286,0.8395208302022092,0,0,0.9040576569619737,-1.5895723809361793,0.8316079718751963
0,1.4430787105606098,1.0454011577545521,0.0,-1.0407372369496601,0.006061119108773155,-0.9674479845133174,-1.1997847673802395,-0.0772577294563654,-0.0013094041034648074,-0.3511367058924358,-0.3171332612434447,-0.5987589921511007,-0.6747506922415527,0.9614597387350372,1.0444911034506135,0,0,0.9040576569619737,-1.5895723809361793,0.9454122715559751
0,1.225741460442893,0.7283577258457108,0.0,-1.0407372369496601,0.006061119108773155,-0.9674479845133174,-1.1997847673802395,-0.0772577294563654,-0.0013094041034648074,-0.903435456850087,-0.7728348422804664,-0.8033928380292047,-0.6277965065269574,0.9875015596865371,0.7848620906693007,0,0,0.9040576569619737,-1.5895723809361793,1.0592165712367538
0,1.1170728353840345,0.886879441800132,0.0,-1.0407372369496601,0.006061119108773155,-0.9674479845133174,-1.1997847673802395,-0.0772577294563654,-0.0013094041034648074,-0.9954852486763621,-0.5449840517619555,-1.1811783996503291,-0.8625674350999696,1.3651079634832808,0.812191460435755,0,0,0.9040576569619737,-1.5895723809361793,1.1730208709175325
0,1.5109966012223963,0.9397200137849387,0.0,-1.0407372369496601,0.006061119108773155,-0.9674479845133174,-1.1997847673802395,-0.0772577294563654,-0.0013094041034648074,-0.7653607691106742,-0.01333220721876361,-1.1811783996503291,-0.9721272017673647,1.4171916053862799,0.812191460435755,0,0,0.9040576569619737,-1.5895723809361793,1.2868251705983114
0,1.5109966012223963,0.7547780118381147,0.0,-1.0407372369496601,0.006061119108773155,-0.9674479845133174,-1.1997847673802395,-0.0772577294563654,-0.0013094041034648074,-0.1670371222398854,0.2904688468059175,-0.9765445537722253,-0.9721272017673647,1.0265642911137862,0.7848620906693007,0,0,0.9040576569619737,-1.5895723809361793,1.40062947027909
0,1.3615772417664658,0.8208287268191233,0.0,-1.0407372369496601,0.006061119108773155,-0.9674479845133174,-1.1997847673802395,-0.0772577294563654,-0.0013094041034648074,-0.39716160180557336,0.06261805628740667,-1.0080266839073087,-1.0660355731965732,0.8963551863562882,0.634550556953805,0,0,0.9040576569619737,-1.5895723809361793,1.514433769959869
0,0.7503162258103875,0.7944084408267195,0.0,-1.0407372369496601,0.006061119108773155,-0.9674479845133174,-1.1997847673802395,-0.0772577294563654,-0.0013094041034648074,-0.6733109772843989,-0.16523273423110416,-1.2598837249880643,-1.5355774303425975,0.6359369768412925,0.812191460435755,0,0,0.9040576569619737,-1.5895723809361793,1.6282380696406475
0,1.4159115542958949,0.9793504427735436,0.0,-1.0407372369496601,0.006061119108773155,-0.9674479845133174,-1.1997847673802395,-0.0772577294563654,-0.0013094041034648074,0.10911225323894017,2.037324907447834,-1.9997137831627807,-2.052073473203217,1.169794306347034,0.37492154417249285,0,1,0.9040576569619737,-1.5895723809361793,1.7420423693214264
0,1.2121578823105355,0.9397200137849387,0.0,-1.0407372369496601,0.006061119108773155,-0.9674479845133174,-1.1997847673802395,-0.0772577294563654,-0.0013094041034648074,1.6279338183724807,0.8221206913491095,-2.3302761495812714,-2.318147192252638,0.8963551863562882,1.0308264185673863,1,0,0.9040576569619737,-1.2934277272033232,-1.6720866211019363
0,0.057553741060165385,0.6358867248722992,0.0,-1.0407372369496601,0.006061119108773155,-0.9674479845133174,1.173803560883517,-0.0772577294563654,0.44145624059666766,-0.1670371222398854,1.2018720088799608,-0.016339584651854352,-1.488623244628002,0.049996005432552025,0.5662271325376703,0,0,0.9040576569619737,-1.2934277272033232,-1.5582823214211574
0,0.8318176946045315,0.292423006971054,0.0,0.6156252037024466,-0.1985259601135496,1.2765004518835685,-0.33666173892069173,0.8201017653648883,-0.5916635970369748,0.3392367328046281,0.6702201643367689,-0.8820981633669397,-0.7217048779561481,0.20624693114154985,0.12895721627440776,0,0,0.9040576569619737,-1.2934277272033232,-1.4444780217403788
0,0.7095654914133155,0.3056331499672559,0.0,1.0297158138654732,-0.1985259601135496,-0.46879277642512046,0.9580228037686299,1.0764901924566752,0.29386769236329013,-0.39716160180557336,-0.0892824707249339,-0.4413483414756307,-0.612145111288753,0.41458149875354616,0.2382746953402234,0,0,0.9040576569619737,-1.2934277272033232,-1.3306737220595999
0,0.47864466316324156,0.3584737219520626,0.0,1.0297158138654732,-0.1985259601135496,-0.46879277642512046,0.7422420466537429,1.0764901924566752,-0.2964865005702198,-0.6733109772843989,-0.5449840517619555,-0.7404285777590202,-0.7843104589089656,0.5708324244625436,0.27926874998990436,0,0,0.9040576569619737,-1.2934277272033232,-1.2168694223788212
0,0.505811819427956,0.7811982978305175,0.0,-1.0407372369496601,0.31294173794225727,1.2765004518835685,0.9580228037686299,0.5637133382731015,0.44145624059666766,-0.8574105609369493,-0.4690337882557853,-0.9922856188397758,-0.9251730160527694,0.9093760968320382,0.6892092964867127,0,0,0.9040576569619737,-1.2934277272033232,-1.1030651226980426
0,1.0899056791193198,0.9661402997773425,0.0,0.8226705087839599,0.9267029756092254,1.2765004518835685,-0.7682232531504656,1.973849687277929,1.3269875299969325,-0.9494603527632245,-0.924735369292807,-0.708946447623919,-0.5808423208123443,1.0135433806380365,1.112814527866748,0,0,0.9040576569619737,-1.2934277272033232,-0.9892608230172637
0,1.2664921948399648,1.0454011577545521,0.0,-1.0407372369496601,0.006061119108773155,-0.46879277642512046,-0.7682232531504656,-0.0772577294563654,1.3269875299969325,-0.7193358731975366,-0.5449840517619555,-0.2996787558676933,-0.39302557795394527,1.247919769201533,0.9625029941512515,0,0,0.9040576569619737,-1.2934277272033232,-0.8754565233364849
0,1.0899056791193198,1.1378721587279648,0.0,-1.0407372369496601,0.51752881716458,-0.46879277642512046,-0.9840040102653526,1.0764901924566752,0.44145624059666766,-1.133559936415775,-0.8487851057866367,-0.47283047161071395,-0.612145111288753,1.3781288739590307,1.194802637166109,0,0,0.9040576569619737,-1.2934277272033232,-0.7616522236557063
0,0.9676534759281045,1.2567634456937802,0.0,0.8226705087839599,0.006061119108773155,1.2765004518835685,0.7422420466537429,-0.590034583639939,1.0318104335301777,-1.0415101445894996,-1.0006856327989773,-0.7719107078941034,-0.8469160398617652,1.4432334263377797,1.3314494859983785,0,0,0.9040576569619737,-1.2934277272033232,-0.6478479239749275
0,1.1578235697811063,1.3360243036709907,0.0,0.6156252037024466,0.51752881716458,1.2765004518835685,-0.33666173892069173,0.1791306976354214,-0.5916635970369748,-1.4097093118946005,-1.1525861598113178,-0.8820981633669397,-0.8782188303381562,1.3781288739590307,1.2767907464654709,0,0,0.9040576569619737,-1.2934277272033232,-0.5340436242941488
0,0.8725684290016029,1.428495304644403,0.0,-1.0407372369496601,-0.1985259601135496,-0.46879277642512046,0.7422420466537429,0.8201017653648883,-0.2964865005702198,-1.455734207807738,-1.0766358963051474,-0.7404285777590202,-0.8469160398617652,1.4302125158620298,1.3587788557648328,0,0,0.9040576569619737,-1.2934277272033232,-0.42023932461337
0,1.0219877884575335,1.5738068776026215,0.0,1.4438064240284998,-1.0168742770028405,-0.9674479845133174,0.9580228037686299,-0.0772577294563654,0.29386769236329013,-1.4097093118946005,-1.1525861598113178,-0.9450624236371241,-0.987778597005569,1.4041706949105301,1.6320725534293716,0,0,0.9040576569619737,-1.2934277272033232,-0.3064350249325912
0,1.1034892572516775,1.428495304644403,0.0,0.8226705087839599,0.21064819833109588,1.2765004518835685,0.7422420466537429,0.5637133382731015,-0.5916635970369748,-0.8113856650238117,-1.228536423317488,-0.9293213585695735,-1.0034299922437733,1.234898858725783,1.481761019713875,0,0,0.9040576569619737,-1.2934277272033232,-0.19263072525181246
0,1.1578235697811063,0.9925605857697455,0.0,1.0297158138654732,0.006061119108773155,1.2765004518835685,0.9580228037686299,0.3073249111813148,1.6221646264636875,-0.6272860813712614,-0.6209343152681258,-0.5200536668133657,-0.5964937160505487,0.9614597387350372,0.9215089395015701,0,0,0.9040576569619737,-1.2934277272033232,-0.07882642557103371
0,0.9269027415310325,0.5830461528874915,0.0,-1.0407372369496601,0.21064819833109588,-0.46879277642512046,-1.1997847673802395,1.3328786195484619,0.44145624059666766,-0.6733109772843989,-0.393083524749615,-0.34690195107034505,-0.3617227874775365,0.622916066365543,0.6892092964867127,0,0,0.9040576569619737,-1.2934277272033232,0.03497787410974503
0,0.7231490695456729,0.7283577258457108,0.0,-1.0407372369496601,0.21064819833109588,-0.9674479845133174,-0.7682232531504656,1.5892670466402488,-0.8868406935037297,-0.8574105609369493,-0.5449840517619555,-0.5357947318808984,-0.7060534827179615,0.7270833501715414,0.716538666253166,0,0,0.9040576569619737,-1.2934277272033232,0.14878217379052378
0,0.8318176946045315,1.1510823017241667,0.0,0.20153459353941988,-0.1985259601135496,-0.9674479845133174,0.31068053242396904,0.3073249111813148,-1.1820177899704847,-1.0415101445894996,-0.7728348422804664,-1.2598837249880643,-1.4729718493897976,1.0265642911137862,1.194802637166109,0,0,0.9040576569619737,-1.2934277272033232,0.26258647347130254
0,1.1170728353840345,1.085031586743158,0.0,0.4085798986209332,0.51752881716458,-0.46879277642512046,0.09489977530908213,-0.8464230107317258,0.29386769236329013,-0.6733109772843989,0.06261805628740667,-1.3228479852582486,-1.3008065017695853,1.234898858725783,1.099149842983521,0,0,0.9040576569619737,-1.2934277272033232,0.3763907731520813
0,0.8318176946045315,1.2567634456937802,0.0,-1.0407372369496601,-0.6077001185581951,-0.46879277642512046,-0.5524424960355787,-0.8464230107317258,-0.8868406935037297,-0.5352362895449861,0.13856831979357695,-0.6617232524212852,-0.7060534827179615,0.9875015596865371,1.1264792127499743,0,0,0.9040576569619737,-1.2934277272033232,0.49019507283286007
0,1.144239991648749,-0.19635228388841053,0.0,1.8578970341915266,-1.119167816614002,1.7751556599717655,-0.7682232531504656,-0.590034583639939,-0.0013094041034648074,1.7660085061118935,2.45505135673177,-0.2996787558676933,-0.04869488271352026,0.3364560358990477,-0.2809833302224006,0,1,0.9040576569619737,-1.2934277272033232,0.6039993725136388
0,1.1034892572516775,1.2435533026975782,0.0,-0.8336919318681467,-1.3237548958363246,-0.9674479845133174,-0.12088098180580481,-1.7437825055529794,-1.9199605311373722,0.799485691936004,-0.4690337882557853,-0.2996787558676933,-0.3304199970011278,0.8833342758805387,1.2631260615822437,1,0,0.9040576569619737,-1.2934277272033232,0.7178036721944175
0,1.2121578823105355,1.4417054476406042,0.0,1.2367611189469865,0.31294173794225727,1.0271728478394702,-0.9840040102653526,0.1791306976354214,-1.6247834346706171,-0.02896243450047262,-0.4690337882557853,-0.9765445537722253,-1.1129897589111684,1.247919769201533,1.4271022801809674,0,0,0.9040576569619737,-1.2934277272033232,0.8316079718751963
0,1.7419174294724702,1.0454011577545521,0.0,1.2367611189469865,1.6427577528873551,1.0271728478394702,1.173803560883517,2.230238114369716,0.44145624059666766,0.10911225323894017,0.2145185832997472,-1.385812245528451,-1.144292549387577,1.1307315749197846,1.0171617336841592,0,0,0.9040576569619737,-1.2934277272033232,0.9454122715559751
0,1.8370024763989712,1.0454011577545521,0.0,1.650851729110013,1.3358771340538709,1.525828055927667,0.526461289538856,1.3328786195484619,0.7366333370634226,0.10911225323894017,0.2904688468059175,-0.8820981633669397,-0.6590992970033484,1.169794306347034,1.0581557883338395,0,1,0.9040576569619737,-1.2934277272033232,1.0592165712367538
0,1.0219877884575335,0.7283577258457108,0.0,-0.6266466267866334,-0.1985259601135496,-0.46879277642512046,0.7422420466537429,1.3328786195484619,0.44145624059666766,0.06308735732580258,0.3664191103120878,-0.09504490998958938,-0.04869488271352026,0.7661460815987904,0.7711974057860745,1,0,0.9040576569619737,-1.2934277272033232,1.1730208709175325
0,0.9812370540604615,0.8736692988039301,0.0,-1.0407372369496601,-0.1985259601135496,-0.46879277642512046,0.7422420466537429,1.3328786195484619,-0.2964865005702198,-0.903435456850087,-0.5449840517619555,-0.03208064971940494,-0.07999767318992901,0.8963551863562882,0.907844254618344,0,0,0.9040576569619737,-1.2934277272033232,1.2868251705983114
0,0.8318176946045315,1.1642924447203686,0.0,1.0297158138654732,-0.40311303933587234,-0.9674479845133174,0.7422420466537429,0.5637133382731015,-0.5916635970369748,-1.0415101445894996,-0.7728348422804664,-0.15800917025977382,-0.26781441604832806,1.0135433806380365,1.1401438976332015,0,0,0.9040576569619737,-1.2934277272033232,1.40062947027909
0,0.9812370540604615,1.1510823017241667,0.0,-1.0407372369496601,-0.6077001185581951,-0.9674479845133174,1.3895843179984038,0.3073249111813148,-1.1820177899704847,-1.133559936415775,-1.0006856327989773,-0.2839376908001606,-0.4086769731921318,1.0786479330167855,1.208467322049336,0,0,0.9040576569619737,-1.2934277272033232,1.514433769959869
0,0.6688147570162435,1.1775025877165695,0.0,-1.0407372369496601,-1.0168742770028405,-0.9674479845133174,-1.1997847673802395,-1.3591998649152994,-0.5916635970369748,-1.1795848323289124,-1.1525861598113178,-0.6145000572186334,-0.612145111288753,1.052606112065286,1.194802637166109,0,0,0.9040576569619737,-0.9972830734704672,-1.6720866211019363
0,0.682398335148601,1.4020750186519995,0.0,-0.6266466267866334,0.31294173794225727,1.2765004518835685,-1.1997847673802395,-0.8464230107317258,-1.1820177899704847,-1.363684415981463,-1.0006856327989773,-0.5200536668133657,-0.533888135097749,1.3781288739590307,1.5227550743635565,0,0,0.9040576569619737,-0.9972830734704672,-1.5582823214211574
0,1.7962517420018993,1.468125733633008,0.0,-0.6266466267866334,0.51752881716458,-0.46879277642512046,-0.7682232531504656,1.717461260186142,-0.5916635970369748,-0.5812611854581238,-0.6968845787742961,-0.4413483414756307,-0.5808423208123443,1.4171916053862799,1.3861082255312869,0,0,0.9040576569619737,-0.9972830734704672,-1.4444780217403788
0,1.3344100855017513,1.468125733633008,0.0,-0.21255601662360676,-0.1985259601135496,-0.7181203804692189,0.526461289538856,0.8201017653648883,-0.8868406935037297,-0.48921139363184857,-0.7728348422804664,-0.787651772961654,-1.0660355731965732,1.4302125158620298,1.3451141708816057,0,0,0.9040576569619737,-0.9972830734704672,-1.3306737220595999
0,1.7011666950753983,1.2699735886899821,0.0,1.650851729110013,2.2053722207487425,-0.9674479845133174,-0.5524424960355787,0.1791306976354214,-0.8868406935037297,-0.7653607691106742,-0.393083524749615,-1.0552498791099603,-1.0503841779583687,1.4953170682407786,1.2494613766990175,0,1,0.9040576569619737,-0.9972830734704672,-1.2168694223788212
0,1.1034892572516775,1.0321910147583513,0.0,0.8226705087839599,1.3358771340538709,-0.9674479845133174,0.31068053242396904,-0.8464230107317258,-0.2964865005702198,0.6153861082834537,0.2145185832997472,-1.0080266839073087,-1.0347327827201642,0.9354179177835377,1.0718204732170666,1,0,0.9040576569619737,-0.9972830734704672,-1.1030651226980426
0,1.0899056791193198,0.9132997277925349,0.0,-0.6266466267866334,0.21064819833109588,1.525828055927667,-0.5524424960355787,-0.33364615654815216,-1.1820177899704847,0.799485691936004,0.6702201643367689,-0.8978392284344903,-0.8469160398617652,0.8052088130260399,0.8395208302022092,0,1,0.9040576569619737,-0.9972830734704672,-0.9892608230172637
0,0.9676534759281045,0.5302055809026848,0.0,1.4438064240284998,1.3358771340538709,-0.46879277642512046,-0.9840040102653526,-0.8464230107317258,-0.5916635970369748,1.397809338806793,1.3537725358923014,-0.8820981633669397,-0.7060534827179615,0.609895155889793,0.538897762771216,1,1,0.9040576569619737,-0.9972830734704672,-0.8754565233364849
0,0.8725684290016029,0.3584737219520626,0.0,-1.0407372369496601,-0.1985259601135496,2.5231384721040606,0.9580228037686299,0.3073249111813148,-0.8868406935037297,1.397809338806793,1.6575735899169826,-0.630241122286184,-0.612145111288753,0.41458149875354616,0.37492154417249285,1,0,0.9040576569619737,-0.9972830734704672,-0.7616522236557063
0,1.225741460442893,0.7019374398533079,0.0,0.6156252037024466,-0.8122871977805178,-0.9674479845133174,0.526461289538856,-0.590034583639939,-0.5916635970369748,1.1216599633279674,0.6702201643367689,-0.5043126017458152,-0.5495395303359534,0.8182297235017898,0.7028739813699398,0,0,0.9040576569619737,-0.9972830734704672,-0.6478479239749275
0,1.3344100855017513,0.8604591558077281,0.0,0.6156252037024466,-0.8122871977805178,-0.7181203804692189,-0.7682232531504656,0.3073249111813148,-0.2964865005702198,0.5693612123703161,0.3664191103120878,-0.6617232524212852,-0.7217048779561481,1.0656270225410356,0.8941795697351168,0,0,0.9040576569619737,-0.9972830734704672,-0.5340436242941488
0,1.3751608198988232,0.8736692988039301,0.0,-1.0407372369496601,0.21064819833109588,-0.7181203804692189,0.7422420466537429,0.8201017653648883,-0.5916635970369748,0.4773114205440409,0.2145185832997472,-0.6617232524212852,-0.7060534827179615,1.1437524853955345,0.9488383092680244,0,0,0.9040576569619737,-0.9972830734704672,-0.42023932461337
0,1.5789144918841829,0.8604591558077281,0.0,0.8226705087839599,0.21064819833109588,-0.9674479845133174,-1.1997847673802395,0.8201017653648883,-0.5916635970369748,0.9835852755885545,0.7461704278429392,-0.8191339030967553,-0.9408244112909737,0.9614597387350372,0.9215089395015701,0,1,0.9040576569619737,-0.9972830734704672,-0.3064350249325912
0,0.8589848508692459,0.38489400794446554,0.0,0.8226705087839599,0.7221158963869028,-0.46879277642512046,-1.1997847673802395,0.1791306976354214,0.7366333370634226,1.719983610198756,1.8094741169293231,-0.7404285777590202,-0.7060534827179615,0.5187487825595446,0.3612568592892657,1,0,0.9040576569619737,-0.9972830734704672,-0.19263072525181246
0,1.049154944722248,0.5962562958836934,0.0,-1.0407372369496601,-0.1985259601135496,-0.46879277642512046,-0.33666173892069173,0.5637133382731015,-0.0013094041034648074,1.2137097551542424,1.0499714818676202,-0.8820981633669397,-0.9721272017673647,0.5317696930352945,0.6618799267202584,0,0,0.9040576569619737,-0.9972830734704672,-0.07882642557103371
0,1.2664921948399648,0.9132997277925349,0.0,-0.8336919318681467,-0.8122871977805178,-0.9674479845133174,-0.12088098180580481,0.5637133382731015,-0.5916635970369748,0.5233363164571785,0.3664191103120878,-1.2126605297854305,-1.3008065017695853,1.0005224701622866,0.9625029941512515,0,0,0.9040576569619737,-0.9972830734704672,0.03497787410974503
0,1.5924980700165399,1.2567634456937802,0.0,1.650851729110013,0.006061119108773155,-0.7181203804692189,2.036926589343065,-1.3591998649152994,0.7366333370634226,0.06308735732580258,0.06261805628740667,-1.5747050263390043,-1.676439987486401,1.2739615901530323,1.3314494859983785,0,1,0.9040576569619737,-0.9972830734704672,0.14878217379052378
0,1.1578235697811063,0.4245244369330713,0.0,-0.6266466267866334,-0.40311303933587234,1.525828055927667,-0.7682232531504656,-0.0772577294563654,0.44145624059666766,1.5358840265462057,1.505673062904642,-1.149696269515246,-1.0503841779583687,0.5578115139867941,0.5115683930047618,1,0,0.9040576569619737,-0.9972830734704672,0.26258647347130254
0,0.9540698977957469,0.47736500891787803,0.0,-0.6266466267866334,-1.0168742770028405,-0.9674479845133174,-1.1997847673802395,1.0764901924566752,-0.2964865005702198,0.4773114205440409,0.6702201643367689,-0.7561696428265708,-0.7999618541471522,0.40156058827779667,0.45690965347185425,0,0,0.9040576569619737,-0.9972830734704672,0.3763907731520813
0,1.0899056791193198,0.7283577258457108,0.0,0.6156252037024466,-0.6077001185581951,-0.7181203804692189,-0.5524424960355787,0.5637133382731015,-1.6247834346706171,-0.5812611854581238,0.6702201643367689,-0.6774643174888357,-0.7843104589089656,0.7140624396957914,0.7302033511363931,0,0,0.9040576569619737,-0.9972830734704672,0.49019507283286007
0,1.0899056791193198,0.37168386494826455,0.0,-0.8336919318681467,-1.0168742770028405,-0.9674479845133174,2.036926589343065,0.8201017653648883,-1.4771948864372397,-0.8574105609369493,-0.01333220721876361,-0.630241122286184,-0.4712825541449493,0.8572924549290393,0.3339274895228119,0,0,0.9040576569619737,-0.9972830734704672,0.6039993725136388
0,0.8454012727368885,0.5962562958836934,0.0,1.650851729110013,-0.40311303933587234,-0.9674479845133174,1.173803560883517,0.3073249111813148,-0.8868406935037297,-0.7653607691106742,-0.24118299773727445,-0.7246875126914696,-0.643447901765144,0.6749997082685419,0.5798918174208966,0,0,0.9040576569619737,-0.9972830734704672,0.7178036721944175
0,1.049154944722248,0.6623070108647021,0.0,2.06494233927304,-0.40311303933587234,-0.9674479845133174,1.8211458322281777,-2.256559359736553,-0.5916635970369748,0.20116204506521534,0.7461704278429392,-0.5357947318808984,-0.39302557795394527,0.5968742454140434,0.7711974057860745,0,0,0.9040576569619737,-0.9972830734704672,0.8316079718751963
0,1.049154944722248,1.0189808717621494,0.0,1.0297158138654732,-1.0168742770028405,-0.46879277642512046,-0.7682232531504656,-1.3591998649152994,-1.1820177899704847,-0.7193358731975366,-0.393083524749615,-0.09504490998958938,-0.04869488271352026,1.0005224701622866,1.0308264185673863,0,0,0.9040576569619737,-0.9972830734704672,0.9454122715559751
0,1.0627385228546053,0.7283577258457108,0.0,1.2367611189469865,-0.40311303933587234,1.525828055927667,0.9580228037686299,0.3073249111813148,-0.2964865005702198,0.38526162871776576,0.06261805628740667,0.21977639136135074,0.17042465062128756,0.7010415292200414,0.8941795697351168,0,0,0.9040576569619737,-0.9972830734704672,1.0592165712367538
0,0.628064022619172,0.4377345799292732,0.0,-0.6266466267866334,-0.8122871977805178,-0.46879277642512046,-0.9840040102653526,0.8201017653648883,0.44145624059666766,0.24718694097835295,0.4423693738182581,0.3771870420368208,0.23303023157408725,0.45364423018079564,0.45690965347185425,0,0,0.9040576569619737,-0.9972830734704672,1.1730208709175325
0,0.546562553825028,0.6226765818760973,0.0,-0.8336919318681467,-0.8122871977805178,-0.9674479845133174,1.173803560883517,0.5637133382731015,-0.8868406935037297,-0.39716160180557336,-0.0892824707249339,0.030883610550779508,-0.22086023033373275,0.45364423018079564,0.7302033511363931,0,0,0.9040576569619737,-0.9972830734704672,1.2868251705983114
0,1.1034892572516775,0.22637229199004533,0.0,1.0297158138654732,-0.8122871977805178,-0.46879277642512046,0.9580228037686299,0.5637133382731015,-0.2964865005702198,-0.443186497718711,0.2904688468059175,-0.708946447623919,-0.56519092557414,0.609895155889793,0.12895721627440776,0,0,0.9040576569619737,-0.9972830734704672,1.40062947027909
0,0.31564172557495407,-0.06425085392639318,0.0,0.6156252037024466,-0.8122871977805178,1.2765004518835685,0.7422420466537429,0.1791306976354214,-0.2964865005702198,1.2137097551542424,1.1259217453737906,0.23551745642890132,0.3112872077650913,-0.015108546946196913,-0.02135431744108881,0,0,0.9040576569619737,-0.9972830734704672,1.514433769959869
0,0.030386584795450644,-0.15672185489980522,0.0,0.8226705087839599,-1.0168742770028405,-0.46879277642512046,-1.1997847673802395,0.8201017653648883,0.29386769236329013,0.29321183689149055,0.2145185832997472,0.6762672783202103,0.5304067410999169,-0.05417127837344591,-0.1716658511565849,0,0,0.9040576569619737,-0.9972830734704672,1.6282380696406475
0,-0.03753130586633584,0.14711143401283472,0.0,-1.0407372369496601,-1.0168742770028405,-0.7181203804692189,-0.9840040102653526,0.5637133382731015,-0.8868406935037297,-0.213062018153023,-0.16523273423110416,0.21977639136135074,0.06086488395389254,-0.002087636470446941,0.22461001045699627,0,0,0.9040576569619737,-0.9972830734704672,1.7420423693214264
0,0.11188805358959462,0.8208287268191233,0.0,2.06494233927304,-0.6077001185581951,1.2765004518835685,1.6053650751132906,-0.8464230107317258,-0.8868406935037297,-0.6272860813712614,-0.4690337882557853,-0.2839376908001606,-0.26781441604832806,0.1802051101900499,0.8258561453189821,0,0,0.9040576569619737,-0.701138419737611,-1.6720866211019363
0,0.35639245997202607,0.886879441800132,0.0,0.8226705087839599,-0.6077001185581951,1.2765004518835685,0.7422420466537429,-0.0772577294563654,-1.6247834346706171,-0.5812611854581238,-0.7728348422804664,0.23551745642890132,0.26433302205049597,0.44062331970504565,1.0171617336841592,0,0,0.9040576569619737,-0.701138419737611,-1.5582823214211574
0,0.628064022619172,0.6490968678685002,0.0,-0.8336919318681467,-0.6077001185581951,-0.9674479845133174,0.7422420466537429,-0.0772577294563654,-0.5916635970369748,-0.8113856650238117,-0.7728348422804664,0.5818208879149247,0.5773609268145122,0.6619787977927925,0.716538666253166,0,0,0.9040576569619737,-0.701138419737611,-1.4444780217403788
0,0.505811819427956,0.7019374398533079,0.0,-1.0407372369496601,-1.119167816614002,-0.46879277642512046,0.7422420466537429,-0.590034583639939,-0.5916635970369748,-0.6272860813712614,-0.7728348422804664,0.23551745642890132,-0.033043487475315894,0.5187487825595446,0.7438680360196203,0,0,0.9040576569619737,-0.701138419737611,-1.3306737220595999
0,0.12547163172195186,1.0189808717621494,0.0,0.4085798986209332,-0.8122871977805178,1.2765004518835685,-0.12088098180580481,-1.3591998649152994,-1.1820177899704847,-0.7193358731975366,-1.0006856327989773,-0.48857153667826453,-0.5964937160505487,0.5708324244625436,1.1538085825164286,0,0,0.9040576569619737,-0.701138419737611,-1.2168694223788212
0,0.628064022619172,0.37168386494826455,0.0,1.0297158138654732,-0.40311303933587234,1.525828055927667,0.526461289538856,1.0764901924566752,1.0318104335301777,0.4773114205440409,0.2145185832997472,-0.2524555606650594,0.0921676744302835,0.2973933044717983,0.47057433835508133,0,0,0.9040576569619737,-0.701138419737611,-1.1030651226980426
0,0.73673264767803,-0.3416638568466293,0.0,-0.6266466267866334,-0.8122871977805178,1.2765004518835685,0.7422420466537429,-0.0772577294563654,0.29386769236329013,0.5233363164571785,0.9740212183614501,0.34570491190171965,0.5930123220527166,-0.002087636470446941,-0.33564206975530814,0,0,0.9040576569619737,-0.701138419737611,-0.9892608230172637
0,-0.051114883998693086,0.08106071903182606,0.0,-1.0407372369496601,-1.0168742770028405,-0.9674479845133174,-1.1997847673802395,-0.0772577294563654,0.44145624059666766,0.5233363164571785,0.2904688468059175,0.566079822847392,0.4051955791942997,-0.3666731297914411,0.08796316162472684,0,0,0.9040576569619737,-0.701138419737611,-0.8754565233364849
0,0.36997603810438306,0.31884329296345687,0.0,-0.8336919318681467,-1.0168742770028405,-0.9674479845133174,-0.7682232531504656,0.5637133382731015,-0.8868406935037297,-0.02896243450047262,0.13856831979357695,0.4558923673745558,0.38954418395609536,0.14114237876280092,0.30659811975635815,0,0,0.9040576569619737,-0.701138419737611,-0.7616522236557063
0,0.492228241295599,0.4245244369330713,0.0,0.6156252037024466,-0.6077001185581951,-0.9674479845133174,0.9580228037686299,0.3073249111813148,-0.0013094041034648074,-0.443186497718711,-0.3171332612434447,0.6605262132526597,0.6869206934819251,0.34947694637479726,0.5252330778879889,0,0,0.9040576569619737,-0.701138419737611,-0.6478479239749275
0,0.35639245997202607,-0.05104071093019127,0.0,0.8226705087839599,-1.0168742770028405,-0.46879277642512046,0.7422420466537429,0.3073249111813148,0.7366333370634226,-0.39716160180557336,-0.24118299773727445,1.13275816527907,0.9373430172931237,0.02395418448105254,-0.035019002324315464,0,0,0.9040576569619737,-0.701138419737611,-0.5340436242941488
0,-0.03753130586633584,-0.28882328486182257,0.0,0.8226705087839599,-1.0168742770028405,-0.46879277642512046,-0.7682232531504656,0.3073249111813148,0.29386769236329013,0.06308735732580258,-0.24118299773727445,1.0225707098062515,0.8434346458639331,-0.2364640250339432,-0.25365396045594674,0,0,0.9040576569619737,-0.701138419737611,-0.42023932461337
0,-0.11903277466047957,-0.20956242688461196,0.0,-0.6266466267866334,-0.8122871977805178,-0.9674479845133174,-1.1997847673802395,0.8201017653648883,0.44145624059666766,-0.02896243450047262,-0.16523273423110416,0.770713668725496,0.6399665077673119,-0.1453176517036948,-0.11700711162367732,0,0,0.9040576569619737,-0.701138419737611,-0.3064350249325912
0,0.2477238349131676,-0.23598271287701533,0.0,-1.0407372369496601,-1.0168742770028405,-0.9674479845133174,-0.9840040102653526,-0.33364615654815216,-0.0013094041034648074,-0.3511367058924358,-0.3171332612434447,0.5975619529824753,0.6399665077673119,-0.1453176517036948,-0.1716658511565849,0,0,0.9040576569619737,-0.701138419737611,-0.19263072525181246
0,0.45147750689852706,0.2131621489938434,0.0,-1.0407372369496601,-1.0168742770028405,1.2765004518835685,-0.7682232531504656,-0.590034583639939,-0.8868406935037297,-0.5352362895449861,-0.6968845787742961,0.5503387577798414,0.5147553458617126,-0.1843803831309438,0.1972806406905425,0,0,0.9040576569619737,-0.701138419737611,-0.07882642557103371
0,-0.06469846213105034,0.12069114802043136,0.0,1.0297158138654732,-0.6077001185581951,-0.46879277642512046,-0.7682232531504656,-0.590034583639939,0.29386769236329013,-0.8574105609369493,-0.6968845787742961,0.5818208879149247,0.5773609268145122,0.049996005432552025,0.2382746953402234,0,0,0.9040576569619737,-0.701138419737611,0.03497787410974503
0,0.016803006663093395,-0.06425085392639318,0.0,-0.6266466267866334,-0.8122871977805178,-0.9674479845133174,-0.9840040102653526,0.8201017653648883,-0.5916635970369748,0.017062461412664976,-0.01333220721876361,0.5031155625771897,0.3269386030032957,-0.028129457421946422,-0.08967774185722353,0,0,0.9040576569619737,-0.701138419737611,0.14878217379052378
0,-0.06469846213105034,0.31884329296345687,0.0,1.650851729110013,-1.119167816614002,-0.9674479845133174,1.8211458322281777,-0.33364615654815216,-0.0013094041034648074,-0.3511367058924358,-0.6209343152681258,-0.15800917025977382,-0.26781441604832806,0.010933274005303032,0.41591559882217377,0,0,0.9040576569619737,-0.701138419737611,0.26258647347130254
0,-0.13261635279283682,0.6358867248722992,0.0,2.06494233927304,-1.0168742770028405,-0.9674479845133174,1.6053650751132906,-1.1028114378235125,-0.8868406935037297,-0.5812611854581238,-0.8487851057866367,-0.5830179270835502,-0.4712825541449493,0.2713514835202988,0.716538666253166,0,0,0.9040576569619737,-0.701138419737611,0.3763907731520813
0,0.5873132882221,0.1735317200052381,0.0,1.2367611189469865,-1.0168742770028405,1.0271728478394702,-0.33666173892069173,-0.0772577294563654,0.29386769236329013,0.06308735732580258,0.06261805628740667,-0.07930384492203879,0.07651627919207912,0.2843723939960483,0.2519393802234501,0,0,0.9040576569619737,-0.701138419737611,0.49019507283286007
0,0.5601461319573855,0.12069114802043136,0.0,-1.0407372369496601,-0.6077001185581951,1.0271728478394702,-0.7682232531504656,0.8201017653648883,-0.0013094041034648074,0.799485691936004,0.4423693738182581,0.3771870420368208,0.5617095315763079,0.02395418448105254,0.15628658604086157,0,0,0.9040576569619737,-0.701138419737611,0.6039993725136388
0,0.15263878798666636,0.04143029004322077,0.0,0.8226705087839599,-0.8122871977805178,1.2765004518835685,0.7422420466537429,0.5637133382731015,0.7366333370634226,0.7074359001097289,0.3664191103120878,1.054052839941335,0.9686458077695326,-0.05417127837344591,0.04696910697504591,0,0,0.9040576569619737,-0.701138419737611,0.7178036721944175
0,0.32922530370731107,-0.2624029988694192,0.0,-1.0407372369496601,-1.0168742770028405,-0.46879277642512046,-0.7682232531504656,0.3073249111813148,0.44145624059666766,0.10911225323894017,0.13856831979357695,1.054052839941335,0.9529944125313282,-0.13229674122794483,-0.21265990580626581,0,0,0.9040576569619737,-0.701138419737611,0.8316079718751963
0,-0.32278644664583905,-0.407714571827638,0.0,-1.0407372369496601,-1.0168742770028405,-0.7181203804692189,-1.1997847673802395,0.5637133382731015,0.29386769236329013,-0.02896243450047262,-0.16523273423110416,0.8809011241983321,0.718223483958316,-0.31458948788844165,-0.3903008092882162,0,0,0.9040576569619737,-0.701138419737611,0.9454122715559751
0,-0.6623758999547714,-0.20956242688461196,0.0,-1.0407372369496601,-1.119167816614002,-0.9674479845133174,-0.12088098180580481,-0.590034583639939,-1.1820177899704847,-0.6733109772843989,-0.7728348422804664,0.7234904735228621,0.5930123220527166,-0.5099031450246885,-0.1443364813901311,0,0,0.9040576569619737,-0.701138419737611,1.0592165712367538
0,-0.47220580610176927,0.27921286397485207,0.0,-0.4196013217051201,-0.8122871977805178,-0.9674479845133174,0.31068053242396904,-0.8464230107317258,1.0318104335301777,-0.6733109772843989,-0.8487851057866367,0.14107106602361572,-0.033043487475315894,-0.21042220408244372,0.37492154417249285,0,0,0.9040576569619737,-0.701138419737611,1.1730208709175325
0,-0.17336708718990881,0.31884329296345687,0.0,-0.4196013217051201,-1.3237548958363246,0.02986243166307639,-0.12088098180580481,-2.0001709326447665,-1.1820177899704847,-0.8113856650238117,-0.6968845787742961,-0.3154198209352439,-0.2521630208101237,0.03697509495680251,0.292933434873131,0,0,0.9040576569619737,-0.701138419737611,1.2868251705983114
0,0.12547163172195186,0.5169954379064828,0.0,0.20153459353941988,-0.40311303933587234,-0.9674479845133174,0.09489977530908213,-1.1028114378235125,0.44145624059666766,-0.7653607691106742,-0.8487851057866367,-0.5043126017458152,-0.5808423208123443,0.20624693114154985,0.5525624476544432,0,0,0.9040576569619737,-0.701138419737611,1.40062947027909
0,1.049154944722248,-0.48697542980484854,0.0,2.06494233927304,-1.5283419750586473,-0.46879277642512046,0.526461289538856,-0.33364615654815216,-1.4771948864372397,0.017062461412664976,1.0499714818676202,-0.34690195107034505,0.06086488395389254,0.2843723939960483,-0.47228891858757754,0,0,0.9040576569619737,-0.701138419737611,1.514433769959869
0,0.5737297100897425,0.0150100040508174,0.0,1.4438064240284998,-1.0168742770028405,-0.46879277642512046,0.09489977530908213,-1.4873940784611928,-0.8868406935037297,1.029610171501692,0.7461704278429392,-0.34690195107034505,-0.12695185890452432,0.010933274005303032,0.01963973720859212,0,0,0.9040576569619737,-0.701138419737611,1.6282380696406475
0,0.36997603810438306,-1.0682217216377246,0.0,-1.0407372369496601,-0.8122871977805178,1.2765004518835685,-0.7682232531504656,-0.0772577294563654,-0.2964865005702198,-0.2590869140661606,0.8980709548552798,0.14107106602361572,0.6243151125291075,-0.28854766693694217,-0.9778822592669749,0,0,0.9040576569619737,-0.40499376600475495,-1.6720866211019363
0,0.057553741060165385,-0.3945044288314365,0.0,1.0297158138654732,-2.1421032127256154,-0.46879277642512046,0.9580228037686299,-0.590034583639939,-0.5916635970369748,0.20116204506521534,-0.4690337882557853,0.2512585214964519,0.38954418395609536,-0.28854766693694217,-0.3219773848720815,0,0,0.9040576569619737,-0.40499376600475495,-1.5582823214211574
0,-0.07828204026340758,-0.05104071093019127,0.0,1.4438064240284998,-0.8122871977805178,1.525828055927667,0.7422420466537429,-0.0772577294563654,-0.8868406935037297,-0.1670371222398854,-0.3171332612434447,0.21977639136135074,0.26433302205049597,-0.0411503678976964,-0.10334242674045017,0,0,0.9040576569619737,-0.40499376600475495,-1.4444780217403788
0,-0.8525459938077736,-0.15672185489980522,0.0,-1.0407372369496601,-1.0168742770028405,1.2765004518835685,0.7422420466537429,-0.0772577294563654,-1.6247834346706171,-0.6272860813712614,-0.6968845787742961,0.3771870420368208,0.23303023157408725,-0.35365221931569113,-0.10334242674045017,0,0,0.9040576569619737,-0.40499376600475495,-1.3306737220595999
0,-0.13261635279283682,-0.5266058587934538,0.0,2.06494233927304,-0.8122871977805178,1.0271728478394702,2.036926589343065,-1.1028114378235125,-0.2964865005702198,-0.39716160180557336,1.6575735899169826,-0.06356277985448822,0.04521348871568817,-0.3796940402671906,-0.44495954882112376,0,1,0.9040576569619737,-0.40499376600475495,-1.2168694223788212
0,0.47864466316324156,-1.1606927226111365,0.0,-1.0407372369496601,-1.73292905428097,-0.9674479845133174,-1.1997847673802395,-0.590034583639939,-1.4771948864372397,2.502406840722095,2.45505135673177,-0.2524555606650594,-0.15825464938093306,-0.34063130883994164,-1.128193792982471,1,1,0.9040576569619737,-0.40499376600475495,-1.1030651226980426
0,0.28847456931023957,-1.1606927226111365,0.0,-0.4196013217051201,-0.40311303933587234,0.02986243166307639,-0.12088098180580481,0.3073249111813148,0.7366333370634226,2.6404815284615077,2.45505135673177,-0.9135802935020408,-1.0816869684347774,-0.5619867869276879,-1.2511759569315137,1,1,0.9040576569619737,-0.40499376600475495,-0.9892608230172637
0,0.2477238349131676,-1.1210622936225318,0.0,1.650851729110013,-0.6077001185581951,2.024483264015864,1.6053650751132906,-0.8464230107317258,0.7366333370634226,1.6739587142856185,1.2778222723861312,-1.307106920190716,-1.144292549387577,-0.5880286078791874,-1.2238465871650595,1,0,0.9040576569619737,-0.40499376600475495,-0.8754565233364849
0,-0.8389624156754162,-1.200323151599742,0.0,1.4438064240284998,-1.3237548958363246,2.024483264015864,1.3895843179984038,-0.590034583639939,-0.0013094041034648074,0.8915354837622793,1.5816233264108122,-0.17375023532732442,0.2799844172887004,-0.9265722802486819,-1.182852532515379,0,0,0.9040576569619737,-0.40499376600475495,-0.7616522236557063
0,-0.8932967282048454,-1.3324245815617592,0.0,1.0297158138654732,-1.5283419750586473,1.525828055927667,0.7422420466537429,-0.590034583639939,0.29386769236329013,1.489859130633068,1.6575735899169826,1.13275816527907,1.438187664915557,-1.1349068478606783,-1.333164066230875,0,0,0.9040576569619737,-0.40499376600475495,-0.6478479239749275
0,-0.6759594780871288,-1.1342724366187333,0.0,-0.6266466267866334,-1.5283419750586473,-0.9674479845133174,-1.1997847673802395,-0.33364615654815216,-0.5916635970369748,1.1676848592411049,0.9740212183614501,1.5262847919677451,1.5477474315829698,-0.9786559221516811,-1.1418584778656982,0,0,0.9040576569619737,-0.40499376600475495,-0.5340436242941488
0,-0.7710445250136296,-0.8700695766946986,0.0,-1.0407372369496601,-1.73292905428097,-0.9674479845133174,-1.1997847673802395,-0.33364615654815216,-0.5916635970369748,1.4438342347199304,0.2904688468059175,1.0697939050088854,1.0782055744369454,-1.0307395640546801,-0.9095588348508401,0,0,0.9040576569619737,-0.40499376600475495,-0.42023932461337
0,-0.8797131500724882,-0.5794464307782606,0.0,-1.0407372369496601,-1.73292905428097,-0.9674479845133174,-1.1997847673802395,-0.0772577294563654,0.29386769236329013,0.9375603796754168,-0.01333220721876361,0.9596064495360672,0.8903888315785284,-0.913551369772932,-0.5952710825366203,0,0,0.9040576569619737,-0.40499376600475495,-0.3064350249325912
0,-0.9612146188666318,-0.3416638568466293,0.0,-0.21255601662360676,-2.1421032127256154,-0.46879277642512046,-1.1997847673802395,-1.4873940784611928,-1.4771948864372397,0.7534607960228665,-0.5449840517619555,0.8336779289956804,0.9060402268167328,-0.8875095488214326,-0.3493067546385353,0,0,0.9040576569619737,-0.40499376600475495,-0.19263072525181246
0,-0.9747981969989893,-0.2227725698808139,0.0,-0.8336919318681467,-1.9375161335032929,1.2765004518835685,0.7422420466537429,-0.8464230107317258,-2.2151376276041272,0.017062461412664976,-0.7728348422804664,0.6290440831175764,0.5460581363381035,-0.6010495183549374,-0.15800116627335825,0,0,0.9040576569619737,-0.40499376600475495,-0.07882642557103371
0,-0.458622227969412,-0.09067113991879656,0.0,0.6156252037024466,0.7221158963869028,-0.46879277642512046,-0.7682232531504656,-1.1028114378235125,-1.6247834346706171,-0.12101222632674781,-0.6968845787742961,0.29848171669908574,0.38954418395609536,-0.24948493550969272,-0.08967774185722353,0,0,0.9040576569619737,-0.40499376600475495,0.03497787410974503
0,-0.40428791543998277,-0.1831421408922086,0.0,-1.0407372369496601,-1.73292905428097,-0.46879277642512046,-0.7682232531504656,-1.4873940784611928,-0.8868406935037297,-0.213062018153023,-0.5449840517619555,0.32996384683418695,0.46780116014709944,-0.31458948788844165,-0.15800116627335825,0,0,0.9040576569619737,-0.40499376600475495,0.14878217379052378
0,-0.07828204026340758,-0.1831421408922086,0.0,-1.0407372369496601,-1.73292905428097,1.2765004518835685,-0.9840040102653526,-0.8464230107317258,-0.5916635970369748,-0.12101222632674781,-0.24118299773727445,0.5503387577798414,0.6399665077673119,-0.17135947265519427,-0.13067179650690397,0,0,0.9040576569619737,-0.40499376600475495,0.26258647347130254
0,-0.2277013997193378,-0.42092471482383986,0.0,-1.0407372369496601,-1.73292905428097,-0.46879277642512046,-0.9840040102653526,-0.0772577294563654,-0.2964865005702198,0.3392367328046281,-0.01333220721876361,0.7077494084553115,0.6243151125291075,-0.35365221931569113,-0.40396549417144284,0,0,0.9040576569619737,-0.40499376600475495,0.3763907731520813
0,0.016803006663093395,-0.8568594336984972,0.0,-0.8336919318681467,-1.73292905428097,1.525828055927667,-0.9840040102653526,-1.4873940784611928,-1.1820177899704847,0.43128652463090333,0.5183196373244283,0.39292810710437137,0.5460581363381035,-0.6010495183549374,-0.8002413557850245,0,0,0.9040576569619737,-0.40499376600475495,0.49019507283286007
0,-0.09186561839576483,-0.23598271287701533,0.0,-0.4196013217051201,-1.0168742770028405,-0.9674479845133174,-0.5524424960355787,-0.8464230107317258,-0.0013094041034648074,0.38526162871776576,0.2145185832997472,0.10958893588851454,-0.12695185890452432,-0.5099031450246885,-0.26731864533917343,0,0,0.9040576569619737,-0.40499376600475495,0.6039993725136388
0,-0.24128497785169528,-0.2227725698808139,0.0,2.06494233927304,-1.0168742770028405,0.7778452437953717,2.036926589343065,-0.33364615654815216,0.7366333370634226,0.29321183689149055,1.3537725358923014,-0.20523236546242557,0.3112872077650913,-0.1453176517036948,-0.3219773848720815,0,1,0.9040576569619737,-0.40499376600475495,0.7178036721944175
0,-0.18695066532226606,-1.9004607303984338,0.0,-0.6266466267866334,-1.3237548958363246,-0.46879277642512046,-1.1997847673802395,0.3073249111813148,0.44145624059666766,0.8455105878491417,2.4170762249786852,0.8966421892658648,1.172113945866136,-0.8744886383456827,-1.8387574069102721,1,0,0.9040576569619737,-0.40499376600475495,0.8316079718751963
0,-0.40428791543998277,-0.7775985757212865,0.0,-1.0407372369496601,-1.3237548958363246,-0.46879277642512046,-1.1997847673802395,-0.0772577294563654,-1.4771948864372397,0.06308735732580258,0.6702201643367689,0.4558923673745558,0.37389278871790876,-0.8093840859669337,-0.7455826162521164,0,0,0.9040576569619737,-0.40499376600475495,0.9454122715559751
0,-0.32278644664583905,-0.10388128291499801,0.0,0.4085798986209332,-1.3237548958363246,-0.9674479845133174,0.31068053242396904,-2.256559359736553,-1.1820177899704847,1.029610171501692,0.8980709548552798,-0.2996787558676933,-0.2834658112865324,-0.4187567716944401,-0.00768963255786167,0,0,0.9040576569619737,-0.40499376600475495,1.0592165712367538
0,-0.10544919652812232,0.05464043303942269,0.0,1.650851729110013,-1.119167816614002,1.7751556599717655,1.6053650751132906,-1.1028114378235125,0.44145624059666766,1.0756350674148296,0.6702201643367689,-0.4098662113405295,-0.23651162557193714,-0.19740129360669376,0.18361595580731535,0,0,0.9040576569619737,-0.40499376600475495,1.1730208709175325
0,-0.5265401186311984,-1.3324245815617592,0.0,1.2367611189469865,-1.5283419750586473,-0.46879277642512046,0.7422420466537429,-0.8464230107317258,-0.5916635970369748,0.24718694097835295,0.8221206913491095,0.6605262132526597,0.8747374363403241,-0.8093840859669337,-1.2921700115811943,0,0,0.9040576569619737,-0.40499376600475495,1.2868251705983114
0,-1.015548931396061,-1.4381057255313732,0.0,-0.8336919318681467,-1.5283419750586473,-0.46879277642512046,-0.33666173892069173,-0.8464230107317258,-0.5916635970369748,1.1216599633279674,1.0499714818676202,0.5503387577798414,0.5304067410999169,-1.356262325948425,-1.4698109150631447,0,0,0.9040576569619737,-0.40499376600475495,1.40062947027909
0,-0.8797131500724882,-0.5530261447858572,0.0,0.4085798986209332,-1.3237548958363246,1.525828055927667,0.31068053242396904,-1.4873940784611928,-0.2964865005702198,1.2137097551542424,0.8980709548552798,0.18829426122624957,0.2017274410976963,-1.2000114002394273,-0.4996182883540318,0,0,0.9040576569619737,-0.40499376600475495,1.514433769959869
0,-0.3635371810429108,-1.543786869500987,0.0,0.20153459353941988,-1.73292905428097,-0.9674479845133174,-0.5524424960355787,-1.3591998649152994,-0.8868406935037297,2.4563819448089577,2.45505135673177,0.09384787082098185,0.4834525553853038,-0.548965876451938,-1.565463709245733,0,1,0.9040576569619737,-0.40499376600475495,1.6282380696406475
0,-0.10544919652812232,-0.9757507206643126,0.0,-0.8336919318681467,-1.9375161335032929,1.2765004518835685,-1.1997847673802395,-0.8464230107317258,-0.5916635970369748,2.6404815284615077,2.45505135673177,0.5031155625771897,0.6243151125291075,-0.7833422650154342,-0.9368882046172939,1,1,0.9040576569619737,-0.40499376600475495,1.7420423693214264
0,-0.03753130586633584,-1.1342724366187333,0.0,-0.8336919318681467,-1.73292905428097,1.2765004518835685,-1.1997847673802395,-0.8464230107317258,-0.8868406935037297,2.6404815284615077,2.45505135673177,0.5345976927122909,0.7651776696729291,-0.7833422650154342,-1.1145291080992443,1,0,0.9040576569619737,-0.10884911227189885,-1.6720866211019363
0,-0.03753130586633584,-1.6626781564668025,0.0,1.0297158138654732,-2.1421032127256154,-0.9674479845133174,0.09489977530908213,-1.7437825055529794,-0.5916635970369748,2.6404815284615077,2.45505135673177,0.2512585214964519,0.4834525553853038,-0.7573004440639347,-1.5927930790121874,0,1,0.9040576569619737,-0.10884911227189885,-1.5582823214211574
0,-0.02394772773397835,-1.2267434375921453,0.0,0.8226705087839599,-1.73292905428097,-0.9674479845133174,1.3895843179984038,-0.590034583639939,-1.1820177899704847,1.950108089764444,2.45505135673177,0.4716334324421064,0.6869206934819251,-0.6401122497821864,-1.2375112720482866,1,0,0.9040576569619737,-0.10884911227189885,-1.4444780217403788
0,-0.7574609468812724,-1.4116854395389697,0.0,-0.8336919318681467,-1.73292905428097,-0.9674479845133174,-0.5524424960355787,-0.8464230107317258,-1.1820177899704847,1.9961329856775816,2.113275170954004,0.5345976927122909,0.46780116014709944,-1.2130323107151773,-1.4834755999463718,0,0,0.9040576569619737,-0.10884911227189885,-1.3306737220595999
0,-0.3907043373076255,-0.9625405776681106,0.0,1.2367611189469865,-2.1421032127256154,0.7778452437953717,1.8211458322281777,-2.0001709326447665,-0.8868406935037297,1.3517844428936552,1.8094741169293231,-0.189491300394875,-0.09564906842811557,-0.7573004440639347,-0.8822294650843859,0,0,0.9040576569619737,-0.10884911227189885,-1.2168694223788212
0,0.09830447545723713,-1.200323151599742,0.0,-0.005510711542093443,-1.73292905428097,1.525828055927667,-1.1997847673802395,-1.3591998649152994,-0.2964865005702198,2.6404815284615077,2.45505135673177,-0.15800917025977382,0.10781906966848787,-0.5359449659761885,-1.1555231627489249,0,1,0.9040576569619737,-0.10884911227189885,-1.1030651226980426
0,0.1390552098543091,-0.42092471482383986,0.0,0.20153459353941988,-1.73292905428097,-0.46879277642512046,-0.12088098180580481,-0.33364615654815216,-1.9199605311373722,2.6404815284615077,2.45505135673177,-0.8506160332318385,-1.0034299922437733,-0.6140704288306869,-0.6772591918359817,1,1,0.9040576569619737,-0.10884911227189885,-0.9892608230172637
0,-0.10544919652812232,-1.5569970124971886,0.0,0.4085798986209332,-1.73292905428097,2.772466076148159,-1.1997847673802395,-1.3591998649152994,-2.510314724070882,1.1676848592411049,1.4297227993984716,-0.6774643174888357,0.0295620934774838,-0.8093840859669337,-1.5517990243625064,1,0,0.9040576569619737,-0.10884911227189885,-0.8754565233364849
0,-1.137801134587277,-1.6758882994630044,0.0,0.8226705087839599,-1.73292905428097,1.0271728478394702,0.9580228037686299,-1.4873940784611928,-0.5916635970369748,1.7660085061118935,1.8854243804354933,1.0697939050088854,1.4851418506301521,-1.4474086992786734,-1.661116503428322,0,0,0.9040576569619737,-0.10884911227189885,-0.7616522236557063
0,-1.2600533377784924,-1.689098442459206,0.0,-1.0407372369496601,0.006061119108773155,-0.46879277642512046,-1.1997847673802395,-0.590034583639939,-0.0013094041034648074,1.5358840265462057,1.1259217453737906,1.6994365077107836,1.8294725458705772,-1.4864714307059228,-1.7021105580780025,0,0,0.9040576569619737,-0.10884911227189885,-0.6478479239749275
0,-0.9883817751313465,-1.7155187284516098,0.0,-1.0407372369496601,0.006061119108773155,-0.9674479845133174,-1.1997847673802395,-0.0772577294563654,-0.0013094041034648074,1.4438342347199304,1.2778222723861312,2.1087041994669913,2.236408822063784,-1.3953250573756741,-1.6747811883115487,0,0,0.9040576569619737,-0.10884911227189885,-0.5340436242941488
0,-1.3143876503079217,-1.6362578704743993,0.0,-1.0407372369496601,0.006061119108773155,-0.9674479845133174,-1.1997847673802395,-0.0772577294563654,-0.0013094041034648074,1.2597346510673801,1.2018720088799608,2.3605612405477294,2.205106031587411,-1.4994923411816725,-1.6201224487786412,0,0,0.9040576569619737,-0.10884911227189885,-0.42023932461337
0,-1.1921354471167058,-1.4777361545199785,0.0,-1.0407372369496601,0.006061119108773155,-0.9674479845133174,-1.1997847673802395,-0.0772577294563654,-0.0013094041034648074,1.1676848592411049,0.4423693738182581,1.6679543775756824,1.3599306887245528,-1.525534162133172,-1.4424815452966908,0,0,0.9040576569619737,-0.10884911227189885,-0.3064350249325912
0,-0.8797131500724882,-1.2663738665807507,0.0,-1.0407372369496601,0.006061119108773155,-0.9674479845133174,-1.1997847673802395,-0.0772577294563654,-0.0013094041034648074,1.2597346510673801,0.8980709548552798,1.1799813604817038,1.2347195268189535,-1.3041786840454257,-1.2785053266979676,0,0,0.9040576569619737,-0.10884911227189885,-0.19263072525181246
0,-0.8932967282048454,-0.5926565737744625,0.0,-1.0407372369496601,0.006061119108773155,-0.9674479845133174,-1.1997847673802395,-0.0772577294563654,-0.0013094041034648074,1.6739587142856185,1.5816233264108122,0.8179368639281298,0.6869206934819251,-1.1088650269091789,-0.5269476581204856,0,0,0.9040576569619737,-0.10884911227189885,-0.07882642557103371
0,-0.2684521341164098,-1.2663738665807507,0.0,-1.0407372369496601,0.006061119108773155,-0.9674479845133174,-1.1997847673802395,-0.0772577294563654,-0.0013094041034648074,1.8120334020250313,1.6575735899169826,0.21977639136135074,0.29563581252690474,-0.8354259069184334,-1.169187847632152,0,0,0.9040576569619737,-0.10884911227189885,0.03497787410974503
0,-0.8525459938077736,-1.1210622936225318,0.0,-1.0407372369496601,0.006061119108773155,-0.9674479845133174,-1.1997847673802395,-0.0772577294563654,-0.0013094041034648074,1.6739587142856185,1.2778222723861312,-0.03208064971940494,-0.0017406969989249425,-1.239074131666677,-1.1145291080992443,0,0,0.9040576569619737,-0.10884911227189885,0.14878217379052378
0,-0.7846281031459872,-1.5173665835085839,0.0,-1.0407372369496601,0.006061119108773155,-0.9674479845133174,-1.1997847673802395,-0.0772577294563654,-0.0013094041034648074,1.719983610198756,1.7335238534231527,0.40866917217192195,0.5460581363381035,-1.1349068478606783,-1.5244696545960525,0,0,0.9040576569619737,-0.10884911227189885,0.26258647347130254
0,-1.5045577441609237,-1.596627441485794,0.0,-1.0407372369496601,0.006061119108773155,-0.9674479845133174,-1.1997847673802395,-0.0772577294563654,-0.0013094041034648074,1.5819089224593432,1.2778222723861312,0.5031155625771897,0.6243151125291075,-1.66876417736642,-1.661116503428322,0,0,0.9040576569619737,-0.10884911227189885,0.3763907731520813
0,-1.6675606817492112,-1.1739028656073385,0.0,-1.0407372369496601,0.006061119108773155,-0.9674479845133174,-1.1997847673802395,-0.0772577294563654,-0.0013094041034648074,1.719983610198756,-0.01333220721876361,0.04662467561833009,0.12347046490669224,-1.6297014459391703,-1.169187847632152,0,0,0.9040576569619737,-0.10884911227189885,0.49019507283286007
0,-0.9068803063372027,-0.5926565737744625,0.0,-1.0407372369496601,0.006061119108773155,-0.9674479845133174,-1.1997847673802395,-0.0772577294563654,-0.0013094041034648074,0.6614110041965913,0.13856831979357695,-0.5043126017458152,-0.2834658112865324,-1.1349068478606783,-0.5679417127701666,0,0,0.9040576569619737,-0.10884911227189885,0.6039993725136388
0,-0.2956192903811243,-1.49094629751618,0.0,-1.0407372369496601,0.006061119108773155,-0.9674479845133174,-1.1997847673802395,-0.0772577294563654,-0.0013094041034648074,1.6739587142856185,2.45505135673177,-0.04782171478695552,0.12347046490669224,-0.7052168021609355,-1.3878228057637831,0,0,0.9040576569619737,-0.10884911227189885,0.7178036721944175
0,-0.03753130586633584,-1.543786869500987,0.0,-1.0407372369496601,0.006061119108773155,2.2738108680599622,-1.1997847673802395,-1.1028114378235125,-0.0013094041034648074,1.7660085061118935,2.45505135673177,-0.2996787558676933,0.2017274410976963,-0.5750076974034374,-1.5791283941289602,0,0,0.9040576569619737,-0.10884911227189885,0.8316079718751963
0,-1.5317249004256384,-1.6494680134706012,0.0,-1.0407372369496601,0.31294173794225727,1.2765004518835685,-1.1997847673802395,-0.8464230107317258,0.44145624059666766,1.8580582979381688,1.2018720088799608,0.8336779289956804,0.8903888315785284,-1.590638714511921,-1.6201224487786412,0,0,0.9040576569619737,-0.10884911227189885,0.9454122715559751
0,-0.7710445250136296,-2.521337451219915,0.0,-1.0407372369496601,-0.6077001185581951,-0.46879277642512046,-0.9840040102653526,-0.33364615654815216,0.44145624059666766,1.950108089764444,2.45505135673177,0.4716334324421064,0.2486816268122916,-1.3302205049969251,-2.4536682266554846,0,1,0.9040576569619737,-0.10884911227189885,1.0592165712367538
0,-0.5808744311606278,-1.9533013023832408,0.0,1.2367611189469865,0.21064819833109588,1.7751556599717655,1.173803560883517,0.1791306976354214,1.0318104335301777,2.41035704889582,2.1892254344601745,0.2512585214964519,0.7964804601493201,-1.3692832364241747,-1.9344102010928608,1,0,0.9040576569619737,-0.10884911227189885,1.1730208709175325
0,-1.5724756348227102,-1.8476201584136271,0.0,-0.8336919318681467,-0.6077001185581951,1.525828055927667,-1.1997847673802395,-0.33364615654815216,0.44145624059666766,2.0881827775038566,2.113275170954004,1.1799813604817038,1.3442792934863486,-1.6427223564149203,-1.7977633522605914,0,0,0.9040576569619737,-0.10884911227189885,1.2868251705983114
0,-1.5045577441609237,-1.7419390144440132,0.0,-0.8336919318681467,-0.1985259601135496,-0.9674479845133174,-0.9840040102653526,-0.0772577294563654,0.29386769236329013,1.8120334020250313,1.3537725358923014,1.3059098810221084,1.281673712533549,-1.6297014459391703,-1.6884458731947758,0,0,0.9040576569619737,-0.10884911227189885,1.40062947027909
0,-1.6132263692197821,-1.2399535805883473,0.0,0.20153459353941988,-2.244396752336777,1.2765004518835685,0.09489977530908213,-1.1028114378235125,-0.5916635970369748,1.8580582979381688,0.8221206913491095,0.9753475146035998,0.9686458077695326,-1.772931461172418,-1.1555231627489249,0,0,0.9040576569619737,-0.10884911227189885,1.514433769959869
0,-0.9747981969989893,-0.9361202916757073,0.0,0.8226705087839599,-1.3237548958363246,1.0271728478394702,0.526461289538856,-1.4873940784611928,-0.2964865005702198,1.0756350674148296,0.7461704278429392,0.8336779289956804,1.093856969675132,-0.7703213545396844,-0.8822294650843859,0,1,0.9040576569619737,-0.10884911227189885,1.6282380696406475
0,-0.43145507170469727,-2.2175041623072755,0.0,-1.0407372369496601,-0.6077001185581951,1.2765004518835685,-1.1997847673802395,-0.8464230107317258,0.44145624059666766,2.1342076734169946,2.45505135673177,1.6207311823730486,2.017289288728994,-1.2651159526181763,-2.153045159224492,1,1,0.9040576569619737,0.18729554146095725,-1.6720866211019363
0,-0.689543056219486,-1.8476201584136271,0.0,-1.0407372369496601,-0.1985259601135496,-0.9674479845133174,-1.1997847673802395,0.1791306976354214,0.44145624059666766,1.8120334020250313,2.45505135673177,1.888329288521319,2.0016378934907717,-1.3041786840454257,-1.8250927220270452,1,0,0.9040576569619737,0.18729554146095725,-1.5582823214211574
0,-1.4094726972344227,-1.504156440512382,0.0,-1.0407372369496601,-1.5283419750586473,-0.46879277642512046,-0.12088098180580481,-0.590034583639939,-1.6247834346706171,1.7660085061118935,1.7335238534231527,1.2586866858194388,1.0312513887223322,-1.6427223564149203,-1.565463709245733,0,0,0.9040576569619737,0.18729554146095725,-1.4444780217403788
0,-0.8389624156754162,-1.8079897294250218,0.0,1.2367611189469865,-0.1985259601135496,1.7751556599717655,0.526461289538856,-1.3591998649152994,0.7366333370634226,1.9040831938513063,2.45505135673177,0.2669995865639846,0.9060402268167328,-1.173969579287928,-1.811428037143818,0,0,0.9040576569619737,0.18729554146095725,-1.3306737220595999
0,-1.3958891191020653,-2.0061418743680477,0.0,0.8226705087839599,-1.119167816614002,1.2765004518835685,-0.7682232531504656,-1.1028114378235125,-0.0013094041034648074,2.364332152982682,2.1892254344601745,1.3846152063598436,1.5007932458683566,-1.65574326689067,-2.0027336255089954,0,0,0.9040576569619737,0.18729554146095725,-1.2168694223788212
0,-1.2736369159108498,-1.887250587402232,0.0,-1.0407372369496601,-0.8122871977805178,-0.9674479845133174,-0.9840040102653526,-0.590034583639939,0.44145624059666766,1.1676848592411049,1.2778222723861312,1.3531330762247422,1.3442792934863486,-1.538555072608922,-1.852422091793499,0,0,0.9040576569619737,0.18729554146095725,-1.1030651226980426
0,-0.7574609468812724,-1.8476201584136271,0.0,-0.6266466267866334,0.9267029756092254,-0.46879277642512046,-0.7682232531504656,-0.33364615654815216,-1.1820177899704847,1.1676848592411049,2.1892254344601745,0.5345976927122909,0.7964804601493201,-1.3302205049969251,-1.9617395708593148,0,0,0.9040576569619737,0.18729554146095725,-0.9892608230172637
0,-1.2600533377784924,-0.7511782897288832,0.0,-0.4196013217051201,-1.3237548958363246,1.2765004518835685,-0.5524424960355787,-0.590034583639939,-0.8868406935037297,1.4438342347199304,0.5942699008305986,0.4558923673745558,0.4051955791942997,-1.6166805354634206,-0.7729119860185707,0,0,0.9040576569619737,0.18729554146095725,-0.8754565233364849
0,-0.7982116812783444,-0.3416638568466293,0.0,0.20153459353941988,2.2053722207487425,-0.21946517238102203,0.09489977530908213,-1.1028114378235125,3.171844382914151,0.6614110041965913,0.13856831979357695,-0.26819662573261005,-0.5025853446213403,-0.6140704288306869,-0.1989952209230387,0,1,0.9040576569619737,0.18729554146095725,-0.7616522236557063
0,-0.28203571224876706,-1.5305767265047852,0.0,2.06494233927304,0.21064819833109588,2.5231384721040606,0.31068053242396904,-0.8464230107317258,0.29386769236329013,1.6279338183724807,2.45505135673177,-0.26819662573261005,-0.0017406969989249425,-1.0046977431031805,-1.606457763895414,1,0,0.9040576569619737,0.18729554146095725,-0.6478479239749275
0,-1.558892056690353,-1.6362578704743993,0.0,1.650851729110013,-1.73292905428097,-0.9674479845133174,1.6053650751132906,-2.256559359736553,-0.8868406935037297,1.9040831938513063,1.3537725358923014,0.23551745642890132,0.45214976490891284,-1.6948059983179193,-1.5927930790121874,0,0,0.9040576569619737,0.18729554146095725,-0.5340436242941488
0,-1.2464697596461354,-2.2835548772882843,0.0,1.0297158138654732,-1.0168742770028405,1.0271728478394702,0.9580228037686299,-1.1028114378235125,-0.2964865005702198,1.7660085061118935,1.4297227993984716,1.1484992303466384,1.6729585934885691,-1.7859523716481678,-2.2213685836406265,0,0,0.9040576569619737,0.18729554146095725,-0.42023932461337
0,-1.6403935254844968,-2.204294019311074,0.0,-0.6266466267866334,1.1312900548315483,-0.46879277642512046,-0.7682232531504656,0.3073249111813148,1.0318104335301777,1.1216599633279674,1.6575735899169826,2.045739939196789,2.267711612540193,-1.8119941925996674,-2.166709844107719,0,0,0.9040576569619737,0.18729554146095725,-0.3064350249325912
0,-1.8848979318669281,-2.1382433043300653,0.0,-1.0407372369496601,0.51752881716458,-0.46879277642512046,-0.7682232531504656,-0.590034583639939,0.7366333370634226,1.5358840265462057,1.2778222723861312,2.2975969802775627,2.2207574268255974,-1.9812660287844146,-2.0983864196915842,0,0,0.9040576569619737,0.18729554146095725,-0.19263072525181246
0,-2.007150135058144,-1.9665114453794426,0.0,-1.0407372369496601,0.7221158963869028,-0.46879277642512046,-1.1997847673802395,0.1791306976354214,1.0318104335301777,1.0756350674148296,0.3664191103120878,2.0142578090617236,2.0016378934907717,-2.085433312590413,-1.9617395708593148,0,0,0.9040576569619737,0.18729554146095725,-0.07882642557103371
0,-1.8441471974698562,-1.8476201584136271,0.0,-1.0407372369496601,0.21064819833109588,-0.46879277642512046,-0.9840040102653526,-0.0772577294563654,1.3269875299969325,1.1676848592411049,0.13856831979357695,1.7624007679809501,1.6416558030121604,-2.020328760211664,-1.852422091793499,0,0,0.9040576569619737,0.18729554146095725,0.03497787410974503
0,-2.0343172913228584,-1.451315868527575,0.0,-0.6266466267866334,-2.1421032127256154,1.525828055927667,-0.33666173892069173,-0.8464230107317258,-1.1820177899704847,1.029610171501692,-0.4690337882557853,1.13275816527907,1.0469027839605367,-2.0463705811631634,-1.4698109150631447,0,0,0.9040576569619737,0.18729554146095725,0.14878217379052378
0,-1.5996427910874247,-1.0814318646339265,0.0,-1.0407372369496601,-1.5283419750586473,1.2765004518835685,-0.9840040102653526,-0.8464230107317258,-0.8868406935037297,0.8455105878491417,1.3537725358923014,0.5818208879149247,0.5773609268145122,-1.473450520230173,-1.1008644232160172,0,0,0.9040576569619737,0.18729554146095725,0.26258647347130254
0,-1.0019653532637038,-0.7511782897288832,0.0,1.8578970341915266,-1.73292905428097,1.2765004518835685,-0.33666173892069173,-1.1028114378235125,-1.1820177899704847,1.8580582979381688,0.8221206913491095,0.32996384683418695,0.45214976490891284,-1.239074131666677,-0.6772591918359817,0,0,0.9040576569619737,0.18729554146095725,0.3763907731520813
0,-0.8389624156754162,-0.6190768597668659,0.0,-0.4196013217051201,-1.73292905428097,-0.46879277642512046,0.09489977530908213,-1.3591998649152994,-0.2964865005702198,1.6739587142856185,1.2018720088799608,0.40866917217192195,0.5617095315763079,-0.7833422650154342,-0.5542770278869394,0,0,0.9040576569619737,0.18729554146095725,0.49019507283286007
0,-0.8389624156754162,-0.3284537138504278,0.0,0.4085798986209332,0.31294173794225727,-0.9674479845133174,0.09489977530908213,-2.256559359736553,1.6221646264636875,1.6279338183724807,0.5942699008305986,0.1253300009560651,0.17042465062128756,-0.8744886383456827,-0.2809833302224006,0,0,0.9040576569619737,0.18729554146095725,0.6039993725136388
0,-0.594458009292985,-0.5926565737744625,0.0,1.650851729110013,-0.40311303933587234,1.525828055927667,1.3895843179984038,-2.0001709326447665,0.29386769236329013,1.029610171501692,0.5942699008305986,0.07810680575343126,0.3582413934797044,-0.6401122497821864,-0.47228891858757754,0,0,0.9040576569619737,0.18729554146095725,0.7178036721944175
0,-0.3907043373076255,-1.6098375844819959,0.0,-0.8336919318681467,-1.0168742770028405,1.525828055927667,-0.7682232531504656,-0.0772577294563654,-0.8868406935037297,0.10911225323894017,0.8980709548552798,0.7077494084553115,0.8121318553875244,-1.1349068478606783,-1.6201224487786412,0,0,0.9040576569619737,0.18729554146095725,0.8316079718751963
0,-0.4857893842341265,-1.49094629751618,0.0,0.6156252037024466,-0.1985259601135496,1.0271728478394702,-1.1997847673802395,0.3073249111813148,-1.1820177899704847,0.15513714915207777,0.2904688468059175,0.8809011241983321,1.140811155389745,-1.291157773569676,-1.5244696545960525,0,0,0.9040576569619737,0.18729554146095725,0.9454122715559751
0,-1.3415548065726364,-1.504156440512382,0.0,-1.0407372369496601,-0.6077001185581951,-0.46879277642512046,-1.1997847673802395,-0.0772577294563654,0.29386769236329013,0.7534607960228665,0.5183196373244283,1.2272045556843734,1.172113945866136,-1.6166805354634206,-1.5381343394792792,0,0,0.9040576569619737,0.18729554146095725,1.0592165712367538
0,-1.5045577441609237,-1.2927941525731539,0.0,-0.8336919318681467,-0.40311303933587234,1.2765004518835685,0.9580228037686299,-0.590034583639939,-0.5916635970369748,0.7074359001097289,-0.0892824707249339,1.1484992303466384,1.25037092205714,-1.4343877888029237,-1.2921700115811943,0,0,0.9040576569619737,0.18729554146095725,1.1730208709175325
0,-1.558892056690353,-1.2531637235845492,0.0,-0.6266466267866334,-1.119167816614002,1.2765004518835685,-0.7682232531504656,-0.33364615654815216,-0.2964865005702198,0.7534607960228665,0.3664191103120878,1.652213312508114,1.9077295220615813,-1.3953250573756741,-1.2648406418147404,0,0,0.9040576569619737,0.18729554146095725,1.2868251705983114
0,-1.2328861815137777,-1.2663738665807507,0.0,-1.0407372369496601,-0.40311303933587234,-0.46879277642512046,-0.9840040102653526,-0.33364615654815216,-0.0013094041034648074,1.1676848592411049,0.4423693738182581,2.0142578090617236,1.8451239411087639,-1.4343877888029237,-1.1965172173986056,0,0,0.9040576569619737,0.18729554146095725,1.40062947027909
0,-1.056299665793133,-1.055011578641523,0.0,-1.0407372369496601,-1.5283419750586473,-0.9674479845133174,-0.12088098180580481,-1.3591998649152994,-1.1820177899704847,0.799485691936004,0.06261805628740667,1.3846152063598436,1.2347195268189535,-1.3953250573756741,-1.0052116290334288,0,0,0.9040576569619737,0.18729554146095725,1.514433769959869
0,-1.5996427910874247,-0.6454971457592692,0.0,1.2367611189469865,-2.1421032127256154,1.0271728478394702,-1.1997847673802395,-0.8464230107317258,-1.4771948864372397,0.6614110041965913,-0.6968845787742961,0.8966421892658648,0.7651776696729291,-1.4474086992786734,-0.5816063976533932,0,0,0.9040576569619737,0.18729554146095725,1.6282380696406475
0,-1.2057190252490633,-0.2227725698808139,0.0,1.8578970341915266,-0.1985259601135496,-0.9674479845133174,1.8211458322281777,-2.256559359736553,-0.0013094041034648074,0.10911225323894017,-0.8487851057866367,0.2512585214964519,0.12347046490669224,-0.9656350116759312,-0.15800116627335825,0,0,0.9040576569619737,0.18729554146095725,1.7420423693214264
0,-0.37712075917526827,-1.7419390144440132,0.0,0.6156252037024466,1.8473448321096777,1.7751556599717655,1.173803560883517,0.5637133382731015,1.9173417229304426,0.20116204506521534,1.1259217453737906,0.4558923673745558,1.0312513887223322,-0.796363175491184,-1.7840986673773644,0,0,0.9040576569619737,0.48344019519381337,-1.6720866211019363
0,-1.2736369159108498,-1.8344100154174252,0.0,0.8226705087839599,1.5404642132761937,1.2765004518835685,-0.7682232531504656,1.0764901924566752,2.360107367630575,1.029610171501692,0.2904688468059175,1.4475794666300101,1.4694904553919657,-1.65574326689067,-1.8387574069102721,0,0,0.9040576569619737,0.48344019519381337,-1.5582823214211574
0,-1.5996427910874247,-1.7155187284516098,0.0,-1.0407372369496601,0.9267029756092254,-0.46879277642512046,-0.9840040102653526,0.5637133382731015,1.3269875299969325,0.6614110041965913,0.4423693738182581,1.573507987170379,1.5790502220593607,-1.7468896402209186,-1.7567692976109106,0,0,0.9040576569619737,0.48344019519381337,-1.4444780217403788
0,-1.830563619337499,-1.49094629751618,0.0,-0.8336919318681467,0.21064819833109588,-0.46879277642512046,-1.1997847673802395,-0.590034583639939,0.29386769236329013,0.6153861082834537,0.3664191103120878,1.4160973364949088,1.3912334792009615,-1.66876417736642,-1.5381343394792792,0,0,0.9040576569619737,0.48344019519381337,-1.3306737220595999
0,-1.7083114161462831,-1.451315868527575,0.0,-0.8336919318681467,-0.1985259601135496,-0.9674479845133174,-0.33666173892069173,0.8201017653648883,-0.5916635970369748,0.6153861082834537,-0.0892824707249339,1.242945620751906,1.1877653411043403,-1.5125132516574222,-1.333164066230875,0,0,0.9040576569619737,0.48344019519381337,-1.2168694223788212
0,-1.6268099473521396,-1.094642007630128,0.0,0.4085798986209332,-1.5283419750586473,-0.46879277642512046,0.31068053242396904,-0.8464230107317258,-0.8868406935037297,0.10911225323894017,-0.393083524749615,0.8179368639281298,0.7338748791965204,-1.5515759830846718,-1.128193792982471,0,0,0.9040576569619737,0.48344019519381337,-1.1030651226980426
0,-1.5181413222932814,-0.6322870027630674,0.0,0.20153459353941988,-0.8122871977805178,1.2765004518835685,-0.5524424960355787,-1.3591998649152994,-0.2964865005702198,-0.02896243450047262,-0.6968845787742961,0.6605262132526597,0.6399665077673119,-1.2520950421424266,-0.608935767419847,0,0,0.9040576569619737,0.48344019519381337,-0.9892608230172637
0,-1.3008040721755643,-0.3416638568466293,0.0,0.20153459353941988,-1.119167816614002,1.525828055927667,0.09489977530908213,-1.4873940784611928,-0.5916635970369748,-0.02896243450047262,-0.6209343152681258,0.5345976927122909,0.42084697443250413,-1.0567813850061798,-0.30831269998885436,0,0,0.9040576569619737,0.48344019519381337,-0.8754565233364849
0,-0.21411782158698056,-0.6851275747478746,0.0,0.20153459353941988,0.31294173794225727,2.2738108680599622,1.173803560883517,-1.1028114378235125,-1.1820177899704847,0.38526162871776576,0.9740212183614501,0.14107106602361572,0.34258999824150005,-0.21042220408244372,-0.7592473011353436,0,0,0.9040576569619737,0.48344019519381337,-0.7616522236557063
0,-0.8797131500724882,-1.1606927226111365,0.0,1.0297158138654732,0.7221158963869028,-0.46879277642512046,-0.7682232531504656,-0.33364615654815216,-0.5916635970369748,0.29321183689149055,0.2904688468059175,0.6290440831175764,0.7964804601493201,-0.9395931907244316,-1.0462056836831095,0,0,0.9040576569619737,0.48344019519381337,-0.6478479239749275
0,-1.3008040721755643,-1.1739028656073385,0.0,-1.0407372369496601,0.51752881716458,-0.9674479845133174,-1.1997847673802395,-0.0772577294563654,1.0318104335301777,0.29321183689149055,-0.3171332612434447,1.1957224255492722,1.062554179198741,-1.3302205049969251,-1.1008644232160172,0,0,0.9040576569619737,0.48344019519381337,-0.5340436242941488
0,-1.3279712284402787,-0.5266058587934538,0.0,1.650851729110013,-0.8122871977805178,1.2765004518835685,1.8211458322281777,-0.590034583639939,-0.0013094041034648074,-0.02896243450047262,0.06261805628740667,0.6605262132526597,0.5930123220527166,-1.226053221190927,-0.5542770278869394,0,0,0.9040576569619737,0.48344019519381337,-0.42023932461337
0,-0.43145507170469727,-0.9097000056833039,0.0,-1.0407372369496601,0.7221158963869028,1.2765004518835685,-1.1997847673802395,0.8201017653648883,1.6221646264636875,-0.39716160180557336,-0.01333220721876361,0.8651600591307815,1.1251597601515406,-0.6270913393064369,-0.895894149967613,0,0,0.9040576569619737,0.48344019519381337,-0.3064350249325912
0,-0.49937296236648376,-0.9625405776681106,0.0,-0.8336919318681467,0.31294173794225727,-0.9674479845133174,-1.1997847673802395,1.717461260186142,0.7366333370634226,-0.39716160180557336,-0.01333220721876361,1.29016881595454,1.2347195268189535,-0.7052168021609355,-0.8549000953179321,0,0,0.9040576569619737,0.48344019519381337,-0.19263072525181246
0,-0.6759594780871288,-0.6719174317516726,0.0,-1.0407372369496601,-0.1985259601135496,-0.9674479845133174,-0.33666173892069173,0.1791306976354214,-0.5916635970369748,-0.5812611854581238,-0.0892824707249339,1.0383117748738022,0.9999485982459413,-0.8224049964426837,-0.7319179313688898,0,0,0.9040576569619737,0.48344019519381337,-0.07882642557103371
0,-1.1785518689843488,-0.407714571827638,0.0,0.8226705087839599,-1.9375161335032929,1.2765004518835685,-0.12088098180580481,-0.33364615654815216,-1.4771948864372397,-0.39716160180557336,-0.393083524749615,0.8651600591307815,0.7808290649111157,-0.9265722802486819,-0.41763017905467,0,0,0.9040576569619737,0.48344019519381337,0.03497787410974503
0,-1.0019653532637038,-0.28882328486182257,0.0,-0.21255601662360676,-0.6077001185581951,1.2765004518835685,-0.33666173892069173,-1.1028114378235125,0.44145624059666766,-0.07498733041361022,-0.393083524749615,0.7077494084553115,0.5773609268145122,-0.5619867869276879,-0.26731864533917343,0,0,0.9040576569619737,0.48344019519381337,0.14878217379052378
0,-1.1513847127196342,-0.07746099692259464,0.0,-0.4196013217051201,0.7221158963869028,0.02986243166307639,0.31068053242396904,-0.590034583639939,1.3269875299969325,-0.07498733041361022,-0.6209343152681258,-0.2996787558676933,-0.4399797636685406,-0.6531331602579363,-0.0486836872075426,0,0,0.9040576569619737,0.48344019519381337,0.26258647347130254
0,-0.8661295719401308,-1.2927941525731539,0.0,0.8226705087839599,1.1312900548315483,1.2765004518835685,0.9580228037686299,1.717461260186142,0.29386769236329013,-0.443186497718711,-0.5449840517619555,0.6762672783202103,0.8121318553875244,-1.2000114002394273,-1.3604934359973289,0,0,0.9040576569619737,0.48344019519381337,0.3763907731520813
0,-1.5453084785579958,-1.0285912926491194,0.0,-0.8336919318681467,1.1312900548315483,-0.9674479845133174,-0.33666173892069173,1.0764901924566752,0.44145624059666766,-0.3051118099792982,-0.16523273423110416,0.5188566276447403,0.29563581252690474,-1.226053221190927,-1.0325409987998824,0,0,0.9040576569619737,0.48344019519381337,0.49019507283286007
0,-0.8117952594107016,-0.7379681467326813,0.0,1.650851729110013,0.31294173794225727,1.525828055927667,1.8211458322281777,-1.1028114378235125,1.0318104335301777,-0.1670371222398854,-0.01333220721876361,-0.6145000572186334,-0.6747506922415527,-0.9916768326274308,-0.6772591918359817,0,0,0.9040576569619737,0.48344019519381337,0.6039993725136388
0,-1.6811442598815687,-1.1606927226111365,0.0,-0.8336919318681467,-1.0168742770028405,1.525828055927667,-0.7682232531504656,-1.1028114378235125,-0.5916635970369748,-0.3511367058924358,-0.393083524749615,-0.7404285777590202,-0.8469160398617652,-1.3171995945211754,-1.1008644232160172,0,0,0.9040576569619737,0.48344019519381337,0.7178036721944175
0,-0.4857893842341265,-1.3456347245579612,0.0,1.0297158138654732,2.0519319113320007,-0.46879277642512046,-0.5524424960355787,-0.0772577294563654,-1.1820177899704847,1.2137097551542424,0.7461704278429392,-0.9135802935020408,-0.6590992970033484,-1.1218859373849286,-1.2375112720482866,0,1,0.9040576569619737,0.48344019519381337,0.8316079718751963
0,-1.5045577441609237,-1.4777361545199785,0.0,-0.8336919318681467,-0.8122871977805178,1.0271728478394702,-0.9840040102653526,-0.8464230107317258,-0.2964865005702198,1.4438342347199304,0.8221206913491095,0.21977639136135074,0.4051955791942997,-1.4864714307059228,-1.4698109150631447,1,0,0.9040576569619737,0.48344019519381337,0.9454122715559751
0,-1.2193026033814205,-1.504156440512382,0.0,0.8226705087839599,-0.40311303933587234,1.525828055927667,0.526461289538856,0.1791306976354214,0.29386769236329013,0.6153861082834537,0.7461704278429392,0.5188566276447403,0.7651776696729291,-1.1479277583364285,-1.5108049697128254,0,0,0.9040576569619737,0.48344019519381337,1.0592165712367538
0,-1.830563619337499,-1.4777361545199785,0.0,-0.8336919318681467,-0.1985259601135496,-0.46879277642512046,-0.7682232531504656,0.1791306976354214,0.29386769236329013,0.7074359001097289,0.3664191103120878,1.1170171002115372,1.0782055744369454,-1.4474086992786734,-1.606457763895414,0,0,0.9040576569619737,0.48344019519381337,1.1730208709175325
0,-1.5045577441609237,-0.5662362877820587,0.0,-0.4196013217051201,0.31294173794225727,0.02986243166307639,0.31068053242396904,-0.8464230107317258,1.0318104335301777,0.29321183689149055,-0.393083524749615,0.5188566276447403,0.4051955791942997,-1.2520950421424266,-0.5542770278869394,0,0,0.9040576569619737,0.48344019519381337,1.2868251705983114
0,-0.9612146188666318,-0.43413485782004135,0.0,0.20153459353941988,1.8473448321096777,1.0271728478394702,0.09489977530908213,-2.0001709326447665,2.65528446409733,0.29321183689149055,-0.16523273423110416,-0.34690195107034505,-0.5808423208123443,-0.8614677278699329,-0.44495954882112376,0,1,0.9040576569619737,0.48344019519381337,1.40062947027909
0,-0.03753130586633584,-2.1118230183376614,0.0,2.06494233927304,-1.0168742770028405,2.024483264015864,-0.7682232531504656,0.8201017653648883,-1.1820177899704847,2.3183072570695447,2.45505135673177,-0.630241122286184,-0.39302557795394527,-0.8875095488214326,-2.057392365041903,1,1,0.9040576569619737,0.48344019519381337,1.514433769959869
0,-0.40428791543998277,-0.9889608636605145,0.0,1.8578970341915266,-1.3237548958363246,2.772466076148159,1.8211458322281777,-1.3591998649152994,-0.5916635970369748,2.4563819448089577,0.6702201643367689,0.14107106602361572,0.29563581252690474,-1.0958441164334292,-0.9778822592669749,1,0,0.9040576569619737,0.48344019519381337,1.6282380696406475
0,-0.9612146188666318,-0.8172290047098919,0.0,-0.005510711542093443,-1.5283419750586473,-0.9674479845133174,-0.33666173892069173,-1.1028114378235125,-1.4771948864372397,1.2137097551542424,0.6702201643367689,0.4716334324421064,0.2799844172887004,-0.8354259069184334,-0.7729119860185707,0,0,0.9040576569619737,0.48344019519381337,1.7420423693214264
0,-0.43145507170469727,-1.3456347245579612,0.0,1.4438064240284998,-0.1985259601135496,1.0271728478394702,1.8211458322281777,-1.1028114378235125,-1.1820177899704847,1.8580582979381688,2.45505135673177,-0.7246875126914696,-0.612145111288753,-0.7442795335881848,-1.6884458731947758,0,1,0.9040576569619737,0.7795848489266695,-1.6720866211019363
0,-0.43145507170469727,-1.6494680134706012,0.0,1.4438064240284998,0.9267029756092254,1.0271728478394702,0.9580228037686299,0.1791306976354214,-0.5916635970369748,1.489859130633068,2.45505135673177,-0.12652704012469054,0.18607604585949192,-1.0698022954819295,-1.633787133661868,1,0,0.9040576569619737,0.7795848489266695,-1.5582823214211574
0,-0.4857893842341265,-1.398475296542768,0.0,-0.6266466267866334,-1.0168742770028405,-0.46879277642512046,0.7422420466537429,-0.0772577294563654,-0.5916635970369748,1.1216599633279674,1.3537725358923014,0.4716334324421064,0.8903888315785284,-0.8484468173941832,-1.415152175530237,0,0,0.9040576569619737,0.7795848489266695,-1.4444780217403788
0,-0.8525459938077736,-1.1342724366187333,0.0,-0.8336919318681467,0.51752881716458,-0.9674479845133174,-0.9840040102653526,0.3073249111813148,0.7366333370634226,0.9375603796754168,1.1259217453737906,1.2272045556843734,1.2347195268189535,-1.0046977431031805,-1.1008644232160172,0,0,0.9040576569619737,0.7795848489266695,-1.3306737220595999
0,-0.8932967282048454,-0.896489862687102,0.0,-0.8336919318681467,-0.40311303933587234,-0.7181203804692189,-1.1997847673802395,0.8201017653648883,-0.5916635970369748,0.29321183689149055,0.4423693738182581,1.1012760351439688,0.9842972030077369,-0.7182377126366852,-0.8412354104347054,0,0,0.9040576569619737,0.7795848489266695,-1.2168694223788212
0,-0.32278644664583905,-0.407714571827638,0.0,-1.0407372369496601,-1.3237548958363246,-0.9674479845133174,-1.1997847673802395,0.1791306976354214,-0.8868406935037297,0.10911225323894017,0.06261805628740667,0.7392315385903948,0.608663717290921,-0.5099031450246885,-0.3493067546385353,0,0,0.9040576569619737,0.7795848489266695,-1.1030651226980426
0,0.030386584795450644,0.10748100502422944,0.0,0.4085798986209332,-0.6077001185581951,-0.9674479845133174,0.09489977530908213,-0.8464230107317258,0.29386769236329013,0.3392367328046281,0.2904688468059175,0.28274065163153517,0.15477325538308317,-0.34063130883994164,0.16995127092408868,0,0,0.9040576569619737,0.7795848489266695,-0.9892608230172637
0,0.08472089732487988,0.09427086202802798,0.0,2.06494233927304,0.7221158963869028,-0.9674479845133174,1.6053650751132906,-2.256559359736553,1.6221646264636875,0.9375603796754168,0.06261805628740667,-0.20523236546242557,-0.07999767318992901,-0.002087636470446941,0.16995127092408868,0,0,0.9040576569619737,0.7795848489266695,-0.8754565233364849
0,-0.458622227969412,-0.9625405776681106,0.0,-0.6266466267866334,-0.1985259601135496,1.2765004518835685,0.7422420466537429,0.3073249111813148,-0.2964865005702198,0.017062461412664976,-0.0892824707249339,0.8336779289956804,0.7808290649111157,-0.7703213545396844,-1.0188763139166552,0,0,0.9040576569619737,0.7795848489266695,-0.7616522236557063
0,-0.9204638844695601,-0.5530261447858572,0.0,-1.0407372369496601,-0.1985259601135496,-0.9674479845133174,-1.1997847673802395,1.3328786195484619,-0.5916635970369748,-0.07498733041361022,0.06261805628740667,0.5345976927122909,0.3112872077650913,-0.7833422650154342,-0.5816063976533932,0,0,0.9040576569619737,0.7795848489266695,-0.6478479239749275
0,-0.458622227969412,0.09427086202802798,0.0,0.4085798986209332,-0.8122871977805178,-0.9674479845133174,-0.12088098180580481,-0.33364615654815216,-1.4771948864372397,-0.3051118099792982,-0.01333220721876361,-0.09504490998958938,-0.23651162557193714,-0.2755267564611927,0.2382746953402234,0,0,0.9040576569619737,0.7795848489266695,-0.5340436242941488
0,0.2613074130455246,0.04143029004322077,0.0,1.8578970341915266,0.21064819833109588,-0.9674479845133174,-0.12088098180580481,0.3073249111813148,-0.5916635970369748,-0.2590869140661606,2.45505135673177,-0.5043126017458152,-0.4712825541449493,0.049996005432552025,-1.0325409987998824,0,1,0.9040576569619737,0.7795848489266695,-0.42023932461337
0,-0.14619993092519407,-1.7419390144440132,0.0,0.8226705087839599,0.006061119108773155,1.2765004518835685,0.7422420466537429,1.0764901924566752,0.7366333370634226,1.8580582979381688,2.45505135673177,-0.22097343052995827,0.07651627919207912,-0.9395931907244316,-1.7021105580780025,1,1,0.9040576569619737,0.7795848489266695,-0.3064350249325912
0,-0.41787149357234,-1.9665114453794426,0.0,-0.6266466267866334,0.006061119108773155,-0.46879277642512046,-1.1997847673802395,0.3073249111813148,1.9173417229304426,0.4773114205440409,2.341125961472515,0.31422278176663637,0.21737883633590066,-1.2000114002394273,-1.9617395708593148,1,0,0.9040576569619737,0.7795848489266695,-0.19263072525181246
0,-1.0970504001902048,-1.2267434375921453,0.0,-1.0407372369496601,-1.3237548958363246,-0.9674479845133174,0.9580228037686299,0.1791306976354214,-1.4771948864372397,0.7534607960228665,0.5942699008305986,0.31422278176663637,0.2017274410976963,-1.0958441164334292,-1.2238465871650595,0,0,0.9040576569619737,0.7795848489266695,-0.07882642557103371
0,-0.9340474626019174,-0.2227725698808139,0.0,0.4085798986209332,1.3358771340538709,-0.9674479845133174,0.31068053242396904,-0.590034583639939,2.65528446409733,0.7534607960228665,-0.24118299773727445,-0.20523236546242557,-0.4869339493831359,-0.8093840859669337,-0.18533053603981203,0,0,0.9040576569619737,0.7795848489266695,0.03497787410974503
0,-0.010364149601621101,-1.0285912926491194,0.0,1.2367611189469865,1.3358771340538709,1.7751556599717655,1.173803560883517,2.230238114369716,1.0318104335301777,0.5233363164571785,0.5942699008305986,-0.2524555606650594,0.2486816268122916,-0.8093840859669337,-0.9368882046172939,0,0,0.9040576569619737,0.7795848489266695,0.14878217379052378
0,-1.056299665793133,-1.10785215062633,0.0,0.8226705087839599,-1.0168742770028405,1.2765004518835685,-0.9840040102653526,0.5637133382731015,-0.0013094041034648074,0.8455105878491417,0.2145185832997472,0.31422278176663637,0.013910698239279429,-1.173969579287928,-1.1145291080992443,0,0,0.9040576569619737,0.7795848489266695,0.26258647347130254
0,-1.1649682908519914,-0.13030156890740185,0.0,0.4085798986209332,1.3358771340538709,0.2791900357071748,0.31068053242396904,-1.1028114378235125,1.9173417229304426,0.43128652463090333,-0.6209343152681258,-1.0080266839073087,-1.5042746398661886,-0.7442795335881848,-0.08967774185722353,0,0,0.9040576569619737,0.7795848489266695,0.3763907731520813
0,-0.9476310407342746,-1.2135332945959438,0.0,1.2367611189469865,2.0519319113320007,1.7751556599717655,0.526461289538856,1.0764901924566752,0.29386769236329013,0.7074359001097289,0.2904688468059175,-0.2996787558676933,-0.0017406969989249425,-1.0958441164334292,-1.169187847632152,0,0,0.9040576569619737,0.7795848489266695,0.49019507283286007
0,-1.3415548065726364,-0.9757507206643126,0.0,-0.8336919318681467,-0.1985259601135496,-0.9674479845133174,-1.1997847673802395,0.5637133382731015,-0.0013094041034648074,-0.213062018153023,-0.16523273423110416,0.6133030180500258,0.4834525553853038,-0.8354259069184334,-1.0052116290334288,0,0,0.9040576569619737,0.7795848489266695,0.6039993725136388
0,-1.0427160876607757,-0.3812942858352346,0.0,-0.8336919318681467,-0.8122871977805178,-0.7181203804692189,-0.33666173892069173,0.3073249111813148,-1.1820177899704847,-0.443186497718711,-0.5449840517619555,0.1253300009560651,-0.0017406969989249425,-0.40573586121869054,-0.37663612440498906,0,0,0.9040576569619737,0.7795848489266695,0.7178036721944175
0,-0.5401236967635558,0.26600272097865013,0.0,0.20153459353941988,1.3358771340538709,-0.9674479845133174,0.31068053242396904,-1.3591998649152994,1.9173417229304426,-0.3511367058924358,0.13856831979357695,-0.8978392284344903,-1.3790634779605893,-0.24948493550969272,0.12895721627440776,0,0,0.9040576569619737,0.7795848489266695,0.8316079718751963
0,0.09830447545723713,-0.3812942858352346,0.0,1.4438064240284998,0.51752881716458,1.525828055927667,2.036926589343065,-1.7437825055529794,0.7366333370634226,-0.3511367058924358,-0.0892824707249339,-0.8506160332318385,-0.7060534827179615,-0.09323400980069536,-0.3493067546385353,0,0,0.9040576569619737,0.7795848489266695,0.9454122715559751
0,-0.7574609468812724,-0.3416638568466293,0.0,-0.8336919318681467,0.21064819833109588,-0.9674479845133174,-0.9840040102653526,1.3328786195484619,0.29386769236329013,-0.39716160180557336,-0.24118299773727445,-0.15800917025977382,-0.4243283684303362,-0.40573586121869054,-0.33564206975530814,0,0,0.9040576569619737,0.7795848489266695,1.0592165712367538
0,-0.17336708718990881,-0.6190768597668659,0.0,1.650851729110013,-1.3237548958363246,-0.46879277642512046,-1.1997847673802395,-0.0772577294563654,-1.1820177899704847,-0.02896243450047262,0.7461704278429392,-0.5357947318808984,-0.2834658112865324,-0.32761039836419165,-0.5406123430037123,0,0,0.9040576569619737,0.7795848489266695,1.1730208709175325
0,-0.051114883998693086,-0.06425085392639318,0.0,0.20153459353941988,0.006061119108773155,-0.46879277642512046,-0.5524424960355787,-0.590034583639939,0.44145624059666766,0.5693612123703161,0.7461704278429392,-0.47283047161071395,-0.6747506922415527,-0.1583385621794443,-0.06234837209076925,0,0,0.9040576569619737,0.7795848489266695,1.2868251705983114
0,0.7231490695456729,0.0150100040508174,0.0,1.650851729110013,2.2053722207487425,0.7778452437953717,1.6053650751132906,1.717461260186142,3.171844382914151,-0.07498733041361022,-0.7728348422804664,-1.4802586359337186,-1.25385231605499,0.5057278720837945,0.10162784650795398,0,0,0.9040576569619737,0.7795848489266695,1.40062947027909
0,-1.0698832439254904,-1.094642007630128,0.0,1.2367611189469865,0.31294173794225727,1.7751556599717655,1.173803560883517,1.3328786195484619,-0.0013094041034648074,-0.2590869140661606,-0.5449840517619555,-0.03208064971940494,-0.22086023033373275,-1.3041786840454257,-1.2511759569315137,0,0,0.9040576569619737,0.7795848489266695,1.514433769959869
0,-1.5996427910874247,-0.6190768597668659,0.0,1.8578970341915266,-1.3237548958363246,-0.9674479845133174,-0.5524424960355787,-0.0772577294563654,-0.8868406935037297,-0.3051118099792982,-0.7728348422804664,-0.3783840812054283,-0.612145111288753,-0.913551369772932,-0.7319179313688898,0,0,0.9040576569619737,0.7795848489266695,1.6282380696406475
0,-1.2736369159108498,0.4377345799292732,0.0,1.8578970341915266,2.2053722207487425,0.2791900357071748,0.31068053242396904,-1.1028114378235125,2.360107367630575,-0.9494603527632245,-1.1525861598113178,-1.1339552044476953,-1.5042746398661886,-0.028129457421946422,0.4979037081215356,0,1,0.9040576569619737,1.0757295026595255,-1.6720866211019363
0,0.505811819427956,-0.407714571827638,0.0,1.650851729110013,2.2053722207487425,2.2738108680599622,1.6053650751132906,1.717461260186142,3.171844382914151,1.0756350674148296,-0.924735369292807,-1.7006335468793912,-1.2068981303403767,0.049996005432552025,-0.40396549417144284,1,0,0.9040576569619737,1.0757295026595255,-1.5582823214211574
0,-1.0970504001902048,-0.6587072887554711,0.0,1.2367611189469865,0.006061119108773155,1.0271728478394702,1.3895843179984038,-0.0772577294563654,-0.5916635970369748,-0.8113856650238117,-0.7728348422804664,0.09384787082098185,0.04521348871568817,-0.5619867869276879,-0.7182532464856627,0,0,0.9040576569619737,1.0757295026595255,-1.4444780217403788
0,-1.137801134587277,-0.20956242688461196,0.0,-1.0407372369496601,-1.3237548958363246,1.0271728478394702,-0.12088098180580481,-0.0772577294563654,-1.6247834346706171,-0.9954852486763621,-1.0006856327989773,0.07810680575343126,0.07651627919207912,-0.05417127837344591,-0.21265990580626581,0,0,0.9040576569619737,1.0757295026595255,-1.3306737220595999
0,-0.594458009292985,0.2131621489938434,0.0,-0.005510711542093443,-1.0168742770028405,-0.7181203804692189,1.8211458322281777,-0.33364615654815216,-0.5916635970369748,-1.0415101445894996,-1.0766358963051474,0.2512585214964519,0.18607604585949192,0.02395418448105254,0.1972806406905425,0,0,0.9040576569619737,1.0757295026595255,-1.2168694223788212
0,-0.6080415874253422,0.4113142939368694,0.0,-0.005510711542093443,-0.8122871977805178,-0.7181203804692189,-0.12088098180580481,-1.1028114378235125,-0.0013094041034648074,-0.9494603527632245,-1.0766358963051474,0.21977639136135074,0.0921676744302835,0.20624693114154985,0.4842390232383085,0,0,0.9040576569619737,1.0757295026595255,-1.1030651226980426
0,-0.553707274895913,0.7811982978305175,0.0,0.4085798986209332,-1.0168742770028405,0.5285176397512733,0.09489977530908213,-0.590034583639939,-0.8868406935037297,-1.133559936415775,-1.0766358963051474,0.2512585214964519,0.2017274410976963,0.5578115139867941,0.8805148848518897,0,0,0.9040576569619737,1.0757295026595255,-0.9892608230172637
0,-0.2956192903811243,1.0189808717621494,0.0,-0.005510711542093443,-0.40311303933587234,0.5285176397512733,-0.12088098180580481,-1.4873940784611928,-0.0013094041034648074,-1.0875350405026374,-1.1525861598113178,0.10958893588851454,-0.17390604461911965,0.8703133654047888,1.003497048800932,0,0,0.9040576569619737,1.0757295026595255,-0.8754565233364849
0,-0.11903277466047957,1.085031586743158,0.0,1.8578970341915266,0.51752881716458,0.5285176397512733,1.8211458322281777,0.3073249111813148,1.0318104335301777,-1.133559936415775,-1.1525861598113178,-0.6459821873537346,-0.7843104589089656,0.8572924549290393,1.194802637166109,0,0,0.9040576569619737,1.0757295026595255,-0.7616522236557063
0,0.5601461319573855,-0.1831421408922086,0.0,1.0297158138654732,0.51752881716458,1.2765004518835685,0.9580228037686299,1.3328786195484619,1.0318104335301777,-0.2590869140661606,0.06261805628740667,0.10958893588851454,0.49910395062350815,0.1802051101900499,-0.18533053603981203,0,0,0.9040576569619737,1.0757295026595255,-0.6478479239749275
0,-0.40428791543998277,-0.5398160017896553,0.0,-0.6266466267866334,0.9267029756092254,-0.46879277642512046,0.7422420466537429,1.717461260186142,0.7366333370634226,-0.443186497718711,-0.393083524749615,0.849418994063231,0.7651776696729291,-0.483861324073189,-0.47228891858757754,0,0,0.9040576569619737,1.0757295026595255,-0.5340436242941488
0,-0.7438773687489152,-0.1831421408922086,0.0,-1.0407372369496601,-0.1985259601135496,-0.9674479845133174,-0.7682232531504656,0.8201017653648883,0.44145624059666766,-0.9494603527632245,-0.8487851057866367,0.644785148185127,0.45214976490891284,-0.28854766693694217,-0.1989952209230387,0,0,0.9040576569619737,1.0757295026595255,-0.42023932461337
0,-0.5672908530282702,-0.13030156890740185,0.0,0.8226705087839599,0.006061119108773155,-0.7181203804692189,-1.1997847673802395,1.0764901924566752,0.7366333370634226,-0.6733109772843989,-1.0006856327989773,0.5031155625771897,0.3269386030032957,-0.1453176517036948,-0.0486836872075426,0,0,0.9040576569619737,1.0757295026595255,-0.3064350249325912
0,-0.6080415874253422,0.02822014704701932,0.0,-1.0407372369496601,-0.6077001185581951,-0.7181203804692189,-0.9840040102653526,0.1791306976354214,-1.1820177899704847,-0.8574105609369493,-1.0766358963051474,0.14107106602361572,-0.09564906842811557,0.03697509495680251,0.005975052325365468,0,0,0.9040576569619737,1.0757295026595255,-0.19263072525181246
0,-0.8389624156754162,0.5566258668950886,0.0,0.4085798986209332,1.1312900548315483,0.2791900357071748,0.09489977530908213,-1.1028114378235125,1.0318104335301777,-0.9494603527632245,-1.228536423317488,-0.630241122286184,-0.9408244112909737,0.23228875209304933,0.6482152418370313,0,0,0.9040576569619737,1.0757295026595255,-0.07882642557103371
0,0.2205566786484531,-0.8700695766946986,0.0,1.4438064240284998,1.1312900548315483,1.0271728478394702,0.526461289538856,2.230238114369716,0.7366333370634226,-0.12101222632674781,0.5942699008305986,-0.8820981633669397,0.04521348871568817,0.03697509495680251,-1.169187847632152,0,0,0.9040576569619737,1.0757295026595255,0.03497787410974503
0,-1.4638070097638518,-0.6851275747478746,0.0,0.8226705087839599,0.31294173794225727,-0.46879277642512046,-0.9840040102653526,1.3328786195484619,0.29386769236329013,-0.48921139363184857,-0.5449840517619555,0.42441023723945465,0.4051955791942997,-0.7052168021609355,-0.663594506952755,0,0,0.9040576569619737,1.0757295026595255,0.14878217379052378
0,-1.1513847127196342,-0.06425085392639318,0.0,-1.0407372369496601,-1.0168742770028405,-0.9674479845133174,-0.5524424960355787,-0.8464230107317258,-1.1820177899704847,-0.903435456850087,-1.0766358963051474,0.1253300009560651,0.2017274410976963,-0.13229674122794483,-0.02135431744108881,0,0,0.9040576569619737,1.0757295026595255,0.26258647347130254
0,-0.32278644664583905,0.46415486592167615,0.0,-0.4196013217051201,-0.6077001185581951,-0.7181203804692189,0.09489977530908213,-0.33364615654815216,0.7366333370634226,-1.133559936415775,-1.228536423317488,-0.26819662573261005,-0.4086769731921318,0.1802051101900499,0.5798918174208966,0,0,0.9040576569619737,1.0757295026595255,0.3763907731520813
0,-0.14619993092519407,0.292423006971054,0.0,0.20153459353941988,2.2053722207487425,-0.21946517238102203,-0.5524424960355787,-0.590034583639939,2.9504615605640847,-0.9954852486763621,-0.01333220721876361,-0.8348749681643058,-0.9251730160527694,0.5968742454140434,0.2519393802234501,0,0,0.9040576569619737,1.0757295026595255,0.49019507283286007
0,0.043970162927808136,-1.1210622936225318,0.0,0.6156252037024466,0.31294173794225727,1.525828055927667,0.7422420466537429,-0.33364615654815216,0.44145624059666766,1.029610171501692,1.9613746439416637,-0.09504490998958938,0.3582413934797044,-0.6791749812094359,-1.1555231627489249,0,0,0.9040576569619737,1.0757295026595255,0.6039993725136388
0,-0.7574609468812724,-0.9493304346719093,0.0,0.8226705087839599,0.51752881716458,-0.9674479845133174,-1.1997847673802395,1.717461260186142,1.0318104335301777,0.06308735732580258,0.06261805628740667,1.0697939050088854,0.9999485982459413,-0.7833422650154342,-1.0325409987998824,0,0,0.9040576569619737,1.0757295026595255,0.7178036721944175
0,-0.9612146188666318,-0.6851275747478746,0.0,-1.0407372369496601,0.21064819833109588,-0.9674479845133174,-1.1997847673802395,1.0764901924566752,0.29386769236329013,-0.7653607691106742,-0.7728348422804664,0.8336779289956804,0.6556179030055163,-0.5359449659761885,-0.663594506952755,0,0,0.9040576569619737,1.0757295026595255,0.8316079718751963
0,-1.1921354471167058,-0.09067113991879656,0.0,-0.8336919318681467,-0.6077001185581951,0.02986243166307639,-1.1997847673802395,0.8201017653648883,-0.8868406935037297,-1.0415101445894996,-1.1525861598113178,0.21977639136135074,-0.06434627795172464,-0.21042220408244372,-0.18533053603981203,0,0,0.9040576569619737,1.0757295026595255,0.9454122715559751
0,-1.0834668220578476,0.6358867248722992,0.0,0.20153459353941988,0.9267029756092254,0.5285176397512733,0.31068053242396904,-0.0772577294563654,1.0318104335301777,-1.2716346241551877,-1.3044866868236584,-0.551535796948449,-0.7843104589089656,0.3234351254232978,0.6482152418370313,0,0,0.9040576569619737,1.0757295026595255,1.0592165712367538
0,-0.03753130586633584,0.7151475828495089,0.0,1.2367611189469865,-1.0168742770028405,1.525828055927667,1.3895843179984038,0.3073249111813148,-0.5916635970369748,-0.7193358731975366,-0.8487851057866367,-0.5200536668133657,-0.34607139223933214,0.7140624396957914,0.6072211871873509,0,0,0.9040576569619737,1.0757295026595255,1.1730208709175325
0,0.5193953975603135,0.3584737219520626,0.0,-0.6266466267866334,-0.1985259601135496,-0.46879277642512046,-0.9840040102653526,0.8201017653648883,0.29386769236329013,-0.07498733041361022,-0.0892824707249339,-0.04782171478695552,-0.15825464938093306,0.2713514835202988,0.3202628046395848,0,0,0.9040576569619737,1.0757295026595255,1.2868251705983114
0,0.9676534759281045,0.22637229199004533,0.0,-1.0407372369496601,-0.1985259601135496,-0.9674479845133174,-1.1997847673802395,0.8201017653648883,0.29386769236329013,-0.9954852486763621,-0.5449840517619555,-0.23671449559750884,-0.39302557795394527,0.45364423018079564,0.292933434873131,0,0,0.9040576569619737,1.0757295026595255,1.40062947027909
0,1.2529086167076073,1.2567634456937802,0.0,0.4085798986209332,1.3358771340538709,0.02986243166307639,0.31068053242396904,-0.590034583639939,1.3269875299969325,-1.3176595200683252,-0.924735369292807,-0.8978392284344903,-1.2382009208167855,1.052606112065286,1.208467322049336,0,0,0.9040576569619737,1.0757295026595255,1.514433769959869
0,1.2936593511046794,0.2131621489938434,0.0,1.2367611189469865,0.006061119108773155,1.525828055927667,0.526461289538856,-0.590034583639939,0.29386769236329013,-0.48921139363184857,0.3664191103120878,-0.7561696428265708,-0.4086769731921318,0.8833342758805387,0.08796316162472684,0,0,0.9040576569619737,1.0757295026595255,1.6282380696406475
0,0.7231490695456729,-0.19635228388841053,0.0,-1.0407372369496601,0.51752881716458,-0.9674479845133174,-1.1997847673802395,1.3328786195484619,0.44145624059666766,-0.12101222632674781,0.2145185832997472,-0.189491300394875,-0.15825464938093306,-0.0411503678976964,-0.1716658511565849,0,0,0.9040576569619737,1.0757295026595255,1.7420423693214264
0,0.28847456931023957,-0.23598271287701533,0.0,-1.0407372369496601,0.21064819833109588,-0.46879277642512046,-1.1997847673802395,0.8201017653648883,0.7366333370634226,-0.6272860813712614,-0.0892824707249339,-0.3154198209352439,-0.15825464938093306,-0.05417127837344591,-0.33564206975530814,0,0,0.9040576569619737,1.3718741563923815,-1.6720866211019363
0,0.38355961623674056,-0.5794464307782606,0.0,-0.21255601662360676,1.1312900548315483,1.2765004518835685,1.8211458322281777,-0.0772577294563654,-0.0013094041034648074,-0.7193358731975366,2.265175697966345,-0.22097343052995827,0.0295620934774838,0.19322602066579989,-0.8275707255514783,0,0,0.9040576569619737,1.3718741563923815,-1.5582823214211574
0,0.1798059442513811,0.4377345799292732,0.0,-0.005510711542093443,-0.40311303933587234,0.02986243166307639,1.6053650751132906,0.3073249111813148,-1.1820177899704847,-0.12101222632674781,-0.3171332612434447,-0.3154198209352439,-0.29911720652473683,0.24530966256879885,0.5252330778879889,0,0,0.9040576569619737,1.3718741563923815,-1.4444780217403788
0,0.34280888183966857,0.9529301567811407,0.0,1.650851729110013,-1.0168742770028405,-0.7181203804692189,2.036926589343065,-0.8464230107317258,-0.2964865005702198,-0.9954852486763621,-0.6968845787742961,-0.3626430161378956,-0.4243283684303362,0.9484388282592877,0.9351736243847972,0,0,0.9040576569619737,1.3718741563923815,-1.3306737220595999
0,0.505811819427956,0.9661402997773425,0.0,1.0297158138654732,-0.6077001185581951,1.2765004518835685,0.9580228037686299,0.3073249111813148,-0.8868406935037297,-1.1795848323289124,-1.0006856327989773,-0.22097343052995827,-0.17390604461911965,1.052606112065286,0.9215089395015701,0,0,0.9040576569619737,1.3718741563923815,-1.2168694223788212
0,0.5737297100897425,1.0189808717621494,0.0,-1.0407372369496601,-0.8122871977805178,-0.7181203804692189,0.526461289538856,0.3073249111813148,-1.1820177899704847,-1.133559936415775,-1.0766358963051474,-0.3311608860027945,-0.7060534827179615,1.0005224701622866,1.0854851581002938,0,0,0.9040576569619737,1.3718741563923815,-1.1030651226980426
0,0.2477238349131676,1.428495304644403,0.0,1.650851729110013,1.8473448321096777,0.5285176397512733,0.31068053242396904,-0.0772577294563654,1.0318104335301777,-1.2716346241551877,-1.1525861598113178,-1.590446091406555,-1.7390455684392008,1.3520870530075308,1.290455431348698,0,0,0.9040576569619737,1.3718741563923815,-0.9892608230172637
0,0.41072677250145506,0.675517153860904,0.0,1.0297158138654732,0.51752881716458,-0.46879277642512046,2.036926589343065,0.1791306976354214,-1.1820177899704847,0.15513714915207777,-0.6209343152681258,-1.149696269515246,-1.2382009208167855,0.12812146828705093,0.634550556953805,0,0,0.9040576569619737,1.3718741563923815,-0.8754565233364849
0,0.5873132882221,1.0982417297393599,0.0,-0.8336919318681467,0.31294173794225727,-0.9674479845133174,-0.9840040102653526,1.717461260186142,0.29386769236329013,-0.7193358731975366,-0.6209343152681258,-1.4172943756635343,-1.7390455684392008,0.4927069616080451,1.0581557883338395,0,0,0.9040576569619737,1.3718741563923815,-0.7616522236557063
0,0.9269027415310325,1.1510823017241667,0.0,0.4085798986209332,2.0519319113320007,1.2765004518835685,1.8211458322281777,-1.3591998649152994,1.6221646264636875,-1.0415101445894996,-0.5449840517619555,-1.9524905879601289,-1.785999754153814,0.8703133654047888,0.7985267755525278,0,0,0.9040576569619737,1.3718741563923815,-0.6478479239749275
0,0.8997355852663179,1.1510823017241667,0.0,0.4085798986209332,2.2053722207487425,0.7778452437953717,1.8211458322281777,0.1791306976354214,2.9504615605640847,-1.0875350405026374,-1.1525861598113178,-1.8737852626223939,-1.7233941732010143,1.2869825006287818,1.3314494859983785,0,0,0.9040576569619737,1.3718741563923815,-0.5340436242941488
0,0.39714319436909756,0.5962562958836934,0.0,1.2367611189469865,-0.1985259601135496,1.525828055927667,0.9580228037686299,0.5637133382731015,0.29386769236329013,-0.8113856650238117,-0.7728348422804664,-0.9922856188397758,-0.8312646446235609,0.6880206187442919,0.6755446116034856,0,0,0.9040576569619737,1.3718741563923815,-0.42023932461337
0,0.31564172557495407,0.0150100040508174,0.0,0.6156252037024466,-0.1985259601135496,1.2765004518835685,0.526461289538856,0.5637133382731015,-0.2964865005702198,-0.6272860813712614,-0.924735369292807,0.04662467561833009,-0.06434627795172464,0.010933274005303032,0.11529253139118063,0,0,0.9040576569619737,1.3718741563923815,-0.3064350249325912
0,-0.28203571224876706,0.0017998610546154786,0.0,-1.0407372369496601,0.31294173794225727,-0.9674479845133174,0.9580228037686299,1.5892670466402488,0.29386769236329013,-0.8113856650238117,-0.6968845787742961,0.1568121310911663,0.17042465062128756,0.12812146828705093,-0.18533053603981203,0,0,0.9040576569619737,1.3718741563923815,-0.19263072525181246
0,-0.09186561839576483,0.292423006971054,0.0,-0.8336919318681467,0.21064819833109588,-0.7181203804692189,0.9580228037686299,1.3328786195484619,-0.5916635970369748,-1.133559936415775,-1.1525861598113178,0.21977639136135074,-0.01739209223711152,0.3234351254232978,0.2656040651066772,0,0,0.9040576569619737,1.3718741563923815,-0.07882642557103371
0,0.09830447545723713,0.7019374398533079,0.0,-0.21255601662360676,0.31294173794225727,0.02986243166307639,-0.7682232531504656,1.5892670466402488,-0.5916635970369748,-1.4097093118946005,-1.3044866868236584,-0.189491300394875,-0.45563115890674494,0.8963551863562882,0.7848620906693007,0,0,0.9040576569619737,1.3718741563923815,0.03497787410974503
0,0.8182341164721739,1.0982417297393599,0.0,1.2367611189469865,1.3358771340538709,-0.21946517238102203,1.8211458322281777,0.3073249111813148,1.0318104335301777,-1.5477839996340133,-1.3044866868236584,-0.6145000572186334,-0.5808423208123443,1.1437524853955345,1.099149842983521,0,0,0.9040576569619737,1.3718741563923815,0.14878217379052378
0,1.3615772417664658,0.46415486592167615,0.0,1.4438064240284998,2.2053722207487425,1.525828055927667,1.8211458322281777,-0.0772577294563654,-1.6247834346706171,-0.3051118099792982,-0.16523273423110416,-0.5987589921511007,-0.612145111288753,0.8052088130260399,0.47057433835508133,0,0,0.9040576569619737,1.3718741563923815,0.26258647347130254
0,0.31564172557495407,0.5169954379064828,0.0,-0.6266466267866334,1.6427577528873551,1.2765004518835685,-1.1997847673802395,-0.0772577294563654,-0.8868406935037297,0.5233363164571785,0.13856831979357695,-0.5987589921511007,-0.7999618541471522,0.3104142149475478,0.3612568592892657,0,0,0.9040576569619737,1.3718741563923815,0.3763907731520813
0,0.505811819427956,1.2171330167051753,0.0,0.4085798986209332,-0.8122871977805178,-0.7181203804692189,0.31068053242396904,-0.0772577294563654,0.29386769236329013,-0.39716160180557336,-1.0006856327989773,-1.1024730743125941,-1.3947148731987937,0.8963551863562882,1.2767907464654709,0,0,0.9040576569619737,1.3718741563923815,0.49019507283286007
0,0.600896866354457,1.5473865916102185,0.0,0.6156252037024466,1.6427577528873551,-0.21946517238102203,1.3895843179984038,-0.0772577294563654,1.3269875299969325,-0.9954852486763621,-1.0006856327989773,-1.8737852626223939,-1.864256730344818,1.3781288739590307,1.3587788557648328,0,0,0.9040576569619737,1.3718741563923815,0.6039993725136388
0,0.9948206321928189,0.4509447229254742,0.0,0.8226705087839599,-0.1985259601135496,1.2765004518835685,0.9580228037686299,0.5637133382731015,-0.2964865005702198,-0.1670371222398854,0.2904688468059175,-1.0867320092450437,-1.0034299922437733,0.4796860511322951,0.4295802837054009,0,0,0.9040576569619737,1.3718741563923815,0.7178036721944175
0,0.7095654914133155,0.675517153860904,0.0,0.8226705087839599,0.7221158963869028,-0.9674479845133174,-0.9840040102653526,1.0764901924566752,1.6221646264636875,-0.7193358731975366,-0.24118299773727445,-0.7246875126914696,-0.7060534827179615,0.7010415292200414,0.6482152418370313,0,1,0.9040576569619737,1.3718741563923815,0.8316079718751963
0,0.6552311788838865,-0.1831421408922086,0.0,-1.0407372369496601,0.9267029756092254,-0.46879277642512046,-1.1997847673802395,1.0764901924566752,1.6221646264636875,0.15513714915207777,0.8221206913491095,-0.3626430161378956,-0.2521630208101237,0.1802051101900499,-0.10334242674045017,1,0,0.9040576569619737,1.3718741563923815,0.9454122715559751
0,0.043970162927808136,0.2131621489938434,0.0,-1.0407372369496601,0.31294173794225727,-0.46879277642512046,-1.1997847673802395,0.8201017653648883,-0.0013094041034648074,-0.2590869140661606,-0.16523273423110416,-0.2524555606650594,-0.2834658112865324,0.010933274005303032,0.3202628046395848,0,0,0.9040576569619737,1.3718741563923815,1.0592165712367538
0,0.2205566786484531,0.5037852949102819,0.0,-1.0407372369496601,0.9267029756092254,-0.9674479845133174,-1.1997847673802395,0.8201017653648883,0.29386769236329013,-0.9954852486763621,-0.8487851057866367,-0.09504490998958938,-0.2052088350955284,0.7010415292200414,0.4295802837054009,0,0,0.9040576569619737,1.3718741563923815,1.1730208709175325
0,0.31564172557495407,0.675517153860904,0.0,-0.8336919318681467,-0.40311303933587234,-0.7181203804692189,0.526461289538856,0.5637133382731015,-1.1820177899704847,-1.363684415981463,-1.1525861598113178,-0.2839376908001606,-0.34607139223933214,0.8182297235017898,0.6755446116034856,0,0,0.9040576569619737,1.3718741563923815,1.2868251705983114
0,0.057553741060165385,1.0982417297393599,0.0,1.2367611189469865,-0.40311303933587234,0.02986243166307639,-0.7682232531504656,0.1791306976354214,-0.0013094041034648074,-1.5477839996340133,-1.3044866868236584,-0.6617232524212852,-0.6904020874797572,1.234898858725783,1.0854851581002938,0,0,0.9040576569619737,1.3718741563923815,1.40062947027909
0,0.35639245997202607,1.468125733633008,0.0,1.0297158138654732,2.2053722207487425,0.02986243166307639,-0.7682232531504656,-1.3591998649152994,-0.2964865005702198,-1.5477839996340133,-1.3044866868236584,-0.9608034887046747,-1.0034299922437733,1.2869825006287818,1.3861082255312869,0,0,0.9040576569619737,1.3718741563923815,1.514433769959869
0,0.6552311788838865,1.3888648756557975,0.0,1.8578970341915266,-0.40311303933587234,0.02986243166307639,1.6053650751132906,-1.1028114378235125,-1.1820177899704847,-1.455734207807738,-1.1525861598113178,-1.4015533105959836,-1.3790634779605893,1.234898858725783,1.4271022801809674,0,0,0.9040576569619737,1.3718741563923815,1.6282380696406475
0,0.7638998039427449,1.5605967346064205,0.0,1.8578970341915266,1.3358771340538709,0.02986243166307639,1.8211458322281777,-1.1028114378235125,1.0318104335301777,-1.0875350405026374,-1.1525861598113178,-1.6848924818118405,-1.7546969636774052,1.5864634415710275,1.6457372383125988,0,0,0.9040576569619737,1.6680188101252378,-1.6720866211019363
0,1.7962517420018993,1.3492344466671926,0.0,-0.4196013217051201,1.3358771340538709,-0.9674479845133174,0.09489977530908213,0.5637133382731015,1.3269875299969325,-1.0415101445894996,-0.6968845787742961,-1.4959997010012693,-1.3790634779605893,1.4692752472892787,1.3724435406480597,0,0,0.9040576569619737,1.6680188101252378,-1.5582823214211574
0,1.2393250385752503,0.19995200599764149,0.0,-0.4196013217051201,0.7221158963869028,0.02986243166307639,1.8211458322281777,-1.4873940784611928,-1.4771948864372397,0.017062461412664976,1.2018720088799608,-1.149696269515246,-0.6747506922415527,1.0656270225410356,0.03330442209181926,0,0,0.9040576569619737,1.6680188101252378,-1.4444780217403788
0,1.008404210325176,1.1642924447203686,0.0,2.06494233927304,2.2053722207487425,0.2791900357071748,0.09489977530908213,0.1791306976354214,2.0649302711638198,0.20116204506521534,0.06261805628740667,-1.2598837249880643,-1.519926035104393,1.0786479330167855,1.194802637166109,0,1,0.9040576569619737,1.6680188101252378,-1.3306737220595999
0,0.8046505383398165,0.27921286397485207,0.0,1.2367611189469865,2.2053722207487425,-0.21946517238102203,1.8211458322281777,-0.33364615654815216,0.44145624059666766,2.042157881590719,1.5816233264108122,-1.0237677489748591,-0.8782188303381562,0.21926784161729937,0.4432449685886271,1,1,0.9040576569619737,1.6680188101252378,-1.2168694223788212
0,0.6144804444868145,-0.9361202916757073,0.0,-0.21255601662360676,-1.3237548958363246,-0.46879277642512046,-0.33666173892069173,-0.590034583639939,0.44145624059666766,2.180232569330132,2.45505135673177,-0.551535796948449,-0.12695185890452432,0.02395418448105254,-0.9778822592669749,1,1,0.9040576569619737,1.6680188101252378,-1.1030651226980426
0,0.6688147570162435,0.38489400794446554,0.0,-0.21255601662360676,-0.40311303933587234,-0.7181203804692189,0.09489977530908213,-0.33364615654815216,-0.2964865005702198,1.8580582979381688,1.3537725358923014,-0.7561696428265708,-0.7686590636707612,0.2583305730445488,0.3885862290557195,1,0,0.9040576569619737,1.6680188101252378,-0.9892608230172637
0,1.035571366589891,0.3584737219520626,0.0,0.6156252037024466,0.006061119108773155,1.0271728478394702,0.9580228037686299,0.8201017653648883,0.44145624059666766,0.38526162871776576,0.06261805628740667,-0.8978392284344903,-0.5964937160505487,0.4796860511322951,0.3885862290557195,0,0,0.9040576569619737,1.6680188101252378,-0.8754565233364849
0,0.28847456931023957,0.14711143401283472,0.0,-0.6266466267866334,0.31294173794225727,-0.46879277642512046,0.7422420466537429,1.3328786195484619,0.44145624059666766,-0.6272860813712614,-0.5449840517619555,-0.2524555606650594,-0.12695185890452432,0.34947694637479726,0.08796316162472684,0,0,0.9040576569619737,1.6680188101252378,-0.7616522236557063
0,0.38355961623674056,0.3320534359596588,0.0,-1.0407372369496601,0.7221158963869028,-0.9674479845133174,-0.9840040102653526,1.3328786195484619,0.7366333370634226,-0.9494603527632245,-0.8487851057866367,-0.06356277985448822,-0.04869488271352026,0.544790603511044,0.3612568592892657,0,0,0.9040576569619737,1.6680188101252378,-0.6478479239749275
0,0.2477238349131676,0.5302055809026848,0.0,-1.0407372369496601,0.7221158963869028,-0.9674479845133174,-0.7682232531504656,1.3328786195484619,0.7366333370634226,-1.2256097282420502,-1.0766358963051474,-0.2524555606650594,-0.3304199970011278,0.8963551863562882,0.5525624476544432,0,0,0.9040576569619737,1.6680188101252378,-0.5340436242941488
0,0.030386584795450644,0.9529301567811407,0.0,-0.8336919318681467,0.21064819833109588,-0.7181203804692189,0.09489977530908213,1.3328786195484619,-1.1820177899704847,-1.363684415981463,-1.3044866868236584,-0.787651772961654,-0.9095216208145649,1.052606112065286,0.9898323639177048,0,0,0.9040576569619737,1.6680188101252378,-0.42023932461337
0,0.30205814744259657,1.494546019625412,0.0,1.4438064240284998,2.0519319113320007,0.2791900357071748,2.036926589343065,1.0764901924566752,-0.2964865005702198,-1.1795848323289124,-1.228536423317488,-1.7321156770144743,-1.676439987486401,1.5864634415710275,1.6457372383125988,0,0,0.9040576569619737,1.6680188101252378,-0.3064350249325912
0,1.3208265073693939,0.6358867248722992,0.0,0.4085798986209332,1.6427577528873551,0.2791900357071748,0.09489977530908213,-1.1028114378235125,0.44145624059666766,0.10911225323894017,0.3664191103120878,-1.228401594852981,-1.2851551065313809,0.8182297235017898,0.6618799267202584,0,1,0.9040576569619737,1.6680188101252378,-0.19263072525181246
0,0.5601461319573855,0.14711143401283472,0.0,0.6156252037024466,0.21064819833109588,1.2765004518835685,0.9580228037686299,0.3073249111813148,-1.6247834346706171,1.3057595469805177,1.5816233264108122,-0.8506160332318385,-0.9408244112909737,-0.09323400980069536,0.06063379185827305,1,0,0.9040576569619737,1.6680188101252378,-0.07882642557103371
0,0.5601461319573855,0.8208287268191233,0.0,1.0297158138654732,0.006061119108773155,-0.9674479845133174,-0.5524424960355787,0.1791306976354214,-1.1820177899704847,0.10911225323894017,0.2145185832997472,-1.385812245528451,-1.4729718493897976,0.7661460815987904,0.7711974057860745,0,0,0.9040576569619737,1.6680188101252378,0.03497787410974503
0,1.130656413516392,0.9397200137849387,0.0,-1.0407372369496601,1.1312900548315483,-0.46879277642512046,-0.7682232531504656,1.717461260186142,-0.0013094041034648074,-0.7193358731975366,-0.0892824707249339,-1.0552498791099603,-0.9251730160527694,1.117710664444035,1.0171617336841592,0,0,0.9040576569619737,1.6680188101252378,0.14878217379052378
0,1.5924980700165399,1.085031586743158,0.0,1.650851729110013,1.6427577528873551,-0.9674479845133174,-0.12088098180580481,1.5892670466402488,-0.0013094041034648074,-0.903435456850087,-0.3171332612434447,-0.7719107078941034,-0.9408244112909737,1.0135433806380365,0.9898323639177048,0,1,0.9040576569619737,1.6680188101252378,0.26258647347130254
0,1.035571366589891,1.2039228737089733,0.0,-0.21255601662360676,1.3358771340538709,0.02986243166307639,0.09489977530908213,-0.590034583639939,-0.8868406935037297,0.6153861082834537,0.13856831979357695,-1.2756247900556148,-1.332109292245994,0.9875015596865371,1.3177848011151523,1,0,0.9040576569619737,1.6680188101252378,0.3763907731520813
0,1.2121578823105355,0.9265098707887368,0.0,0.6156252037024466,1.8473448321096777,0.02986243166307639,-0.7682232531504656,-0.0772577294563654,-0.5916635970369748,-0.3051118099792982,0.06261805628740667,-1.4015533105959836,-1.3164578970077896,1.2609406796772824,0.9761676790344787,0,0,0.9040576569619737,1.6680188101252378,0.49019507283286007
0,1.5789144918841829,1.0321910147583513,0.0,-1.0407372369496601,0.9267029756092254,-0.46879277642512046,-0.7682232531504656,1.0764901924566752,1.3269875299969325,-0.48921139363184857,-0.3171332612434447,-1.070990944177511,-1.0816869684347774,1.052606112065286,1.099149842983521,0,0,0.9040576569619737,1.6680188101252378,0.6039993725136388
0,1.4702458668253242,0.9265098707887368,0.0,-0.21255601662360676,0.51752881716458,-0.9674479845133174,-0.33666173892069173,1.0764901924566752,1.3269875299969325,0.29321183689149055,0.5183196373244283,-1.3385890503257993,-1.5355774303425975,1.1307315749197846,0.9898323639177048,0,0,0.9040576569619737,1.6680188101252378,0.7178036721944175
0,1.4023279761635379,0.292423006971054,0.0,0.20153459353941988,0.31294173794225727,0.2791900357071748,0.31068053242396904,0.3073249111813148,-0.8868406935037297,0.7534607960228665,2.45505135673177,-1.51174076606882,-1.4573204541515934,0.9354179177835377,0.12895721627440776,0,1,0.9040576569619737,1.6680188101252378,0.8316079718751963
0,1.144239991648749,-0.06425085392639318,0.0,-0.4196013217051201,-0.6077001185581951,0.02986243166307639,-0.33666173892069173,-0.590034583639939,0.29386769236329013,1.950108089764444,2.45505135673177,-1.307106920190716,-1.2851551065313809,0.46666514065654563,0.03330442209181926,1,1,0.9040576569619737,1.6680188101252378,0.9454122715559751
0,1.130656413516392,-0.11709142591119993,0.0,0.20153459353941988,1.3358771340538709,0.02986243166307639,-0.33666173892069173,0.1791306976354214,1.3269875299969325,2.4563819448089577,2.45505135673177,-1.82656206741976,-1.9112109160594133,0.42760240922929615,-0.1443364813901311,1,1,0.9040576569619737,1.6680188101252378,1.0592165712367538
0,1.035571366589891,-0.3945044288314365,0.0,-0.8336919318681467,2.2053722207487425,-0.21946517238102203,0.09489977530908213,1.717461260186142,3.171844382914151,2.6404815284615077,2.45505135673177,-2.912695557080518,-2.8737717232087596,0.1541632892385504,-0.663594506952755,1,1,0.9040576569619737,1.6680188101252378,1.1730208709175325
0,1.035571366589891,0.7151475828495089,0.0,1.8578970341915266,0.21064819833109588,2.5231384721040606,1.6053650751132906,-0.0772577294563654,2.0649302711638198,1.5819089224593432,1.3537725358923014,-2.912695557080518,-2.8346432351132576,0.6489578873170424,0.6072211871873509,1,0,0.9040576569619737,1.6680188101252378,1.2868251705983114
0,1.1034892572516775,0.8472490128115262,0.0,0.4085798986209332,0.9267029756092254,0.7778452437953717,1.6053650751132906,1.5892670466402488,-0.2964865005702198,0.9375603796754168,1.2018720088799608,-2.6923206461348452,-2.271193006538043,1.1307315749197846,0.6755446116034856,0,0,0.9040576569619737,1.6680188101252378,1.40062947027909
0,1.1849907260458208,1.0057707287659474,0.0,1.2367611189469865,-0.8122871977805178,1.0271728478394702,2.036926589343065,-0.0772577294563654,-0.0013094041034648074,-0.8113856650238117,-0.6968845787742961,-1.9997137831627807,-1.9268623112976178,1.0005224701622866,1.003497048800932,0,0,0.9040576569619737,1.6680188101252378,1.514433769959869
0,0.7095654914133155,0.8736692988039301,0.0,-1.0407372369496601,-0.40311303933587234,-0.46879277642512046,1.6053650751132906,0.5637133382731015,-1.6247834346706171,-0.5812611854581238,-0.01333220721876361,-1.9682316530276796,-1.942513706535822,0.9354179177835377,0.8258561453189821,0,0,0.9040576569619737,1.6680188101252378,1.6282380696406475
0,1.2529086167076073,0.34526357895586074,0.0,-0.21255601662360676,0.51752881716458,0.02986243166307639,-0.9840040102653526,0.8201017653648883,-0.0013094041034648074,-0.12101222632674781,1.1259217453737906,-1.8895263276899446,-1.6607885922481969,1.182815216822784,0.3339274895228119,0,0,0.9040576569619737,1.6680188101252378,1.7420423693214264
0,1.0627385228546053,0.7547780118381147,0.0,-1.0407372369496601,-0.40311303933587234,1.525828055927667,-1.1997847673802395,0.1791306976354214,1.3269875299969325,0.3392367328046281,0.2145185832997472,-1.5432228962039212,-1.3008065017695853,0.8963551863562882,0.812191460435755,0,0,1.6806515506397688,-1.5895723809361793,-1.6720866211019363
0,1.1849907260458208,0.3056331499672559,0.0,-0.6266466267866334,0.51752881716458,-0.46879277642512046,-0.7682232531504656,1.5892670466402488,0.44145624059666766,-0.48921139363184857,0.2904688468059175,-1.070990944177511,-0.8938702255763605,0.6359369768412925,0.34759217440603907,0,0,1.6806515506397688,-1.5895723809361793,-1.5582823214211574
0,0.9676534759281045,0.6490968678685002,0.0,-1.0407372369496601,1.1312900548315483,-0.9674479845133174,-0.7682232531504656,1.5892670466402488,0.7366333370634226,-0.5812611854581238,-0.16523273423110416,-1.2913658551231655,-1.2068981303403767,0.8833342758805387,0.5662271325376703,0,0,1.6806515506397688,-1.5895723809361793,-1.4444780217403788
0,0.8725684290016029,0.9793504427735436,0.0,-0.6266466267866334,0.31294173794225727,-0.9674479845133174,-0.9840040102653526,1.5892670466402488,0.29386769236329013,-0.9494603527632245,-0.3171332612434447,-1.51174076606882,-1.441669058913389,1.091668843492535,0.907844254618344,0,0,1.6806515506397688,-1.5895723809361793,-1.3306737220595999
0,1.1578235697811063,1.2567634456937802,0.0,-1.0407372369496601,0.9267029756092254,-0.46879277642512046,-0.9840040102653526,1.5892670466402488,-0.0013094041034648074,-1.0875350405026374,-0.393083524749615,-1.7635978071495755,-1.7390455684392008,1.5343797996680277,1.208467322049336,0,0,1.6806515506397688,-1.5895723809361793,-1.2168694223788212
0,1.2664921948399648,1.283183731686184,0.0,1.8578970341915266,-0.1985259601135496,-0.21946517238102203,-0.33666173892069173,-1.4873940784611928,0.29386769236329013,0.29321183689149055,0.2145185832997472,-2.2043476290408845,-2.1303304493942212,1.3911497844347802,1.208467322049336,0,0,1.6806515506397688,-1.5895723809361793,-1.1030651226980426
0,1.7962517420018993,1.111451872735561,0.0,-0.8336919318681467,0.9267029756092254,-0.21946517238102203,-0.9840040102653526,-1.1028114378235125,-0.5916635970369748,0.3392367328046281,0.4423693738182581,-2.267311889311069,-2.3024957970144335,1.3651079634832808,1.1538085825164286,0,0,1.6806515506397688,-1.5895723809361793,-0.9892608230172637
0,1.4430787105606098,1.085031586743158,0.0,-0.8336919318681467,-0.8122871977805178,1.2765004518835685,-0.33666173892069173,-0.0772577294563654,-1.1820177899704847,0.29321183689149055,0.13856831979357695,-2.1413833687707,-1.942513706535822,1.052606112065286,1.194802637166109,0,0,1.6806515506397688,-1.5895723809361793,-0.8754565233364849
0,1.6196652262812543,1.1642924447203686,0.0,0.8226705087839599,-0.6077001185581951,-0.9674479845133174,-0.9840040102653526,0.5637133382731015,0.44145624059666766,-0.213062018153023,0.06261805628740667,-1.9682316530276796,-1.864256730344818,1.4953170682407786,1.2357966918157903,0,0,1.6806515506397688,-1.5895723809361793,-0.7616522236557063
0,1.7962517420018993,0.9265098707887368,0.0,-1.0407372369496601,0.31294173794225727,-0.46879277642512046,-1.1997847673802395,1.717461260186142,1.3269875299969325,-0.39716160180557336,0.2904688468059175,-1.8895263276899446,-1.629485801771806,1.5994843520467765,1.099149842983521,0,0,1.6806515506397688,-1.5895723809361793,-0.6478479239749275
0,1.5245801793547533,1.0982417297393599,0.0,-0.8336919318681467,2.0519319113320007,-0.46879277642512046,-1.1997847673802395,0.5637133382731015,1.6221646264636875,0.43128652463090333,0.6702201643367689,-1.6848924818118405,-1.7390455684392008,1.3000034111045318,1.0581557883338395,0,1,1.6806515506397688,-1.5895723809361793,-0.5340436242941488
0,0.9676534759281045,0.49057515191407997,0.0,-0.005510711542093443,1.5404642132761937,-0.9674479845133174,-0.5524424960355787,-1.1028114378235125,0.44145624059666766,2.41035704889582,2.45505135673177,-1.8895263276899446,-1.9268623112976178,0.4796860511322951,-0.0486836872075426,1,1,1.6806515506397688,-1.5895723809361793,-0.42023932461337
0,1.3887443980311804,0.5566258668950886,0.0,2.06494233927304,0.51752881716458,0.7778452437953717,-0.7682232531504656,-0.0772577294563654,1.0318104335301777,1.1676848592411049,2.45505135673177,-2.078419108500516,-1.6451371970100102,1.169794306347034,0.005975052325365468,1,0,1.6806515506397688,-1.5895723809361793,-0.3064350249325912
0,0.9540698977957469,0.14711143401283472,0.0,-0.6266466267866334,0.31294173794225727,1.2765004518835685,-1.1997847673802395,0.8201017653648883,1.0318104335301777,0.8915354837622793,1.4297227993984716,-1.0395088140424098,-0.8469160398617652,0.21926784161729937,0.11529253139118063,0,0,1.6806515506397688,-1.5895723809361793,-0.19263072525181246
0,0.9948206321928189,0.7151475828495089,0.0,-1.0407372369496601,0.31294173794225727,-0.9674479845133174,-1.1997847673802395,1.0764901924566752,0.44145624059666766,0.017062461412664976,0.8980709548552798,-1.0552498791099603,-1.1129897589111684,0.6489578873170424,0.7711974057860745,0,0,1.6806515506397688,-1.5895723809361793,-0.07882642557103371
0,1.4702458668253242,0.9925605857697455,0.0,-0.8336919318681467,-0.1985259601135496,-0.7181203804692189,-0.33666173892069173,1.3328786195484619,1.0318104335301777,-0.9494603527632245,-0.0892824707249339,-1.4487765057986355,-1.4729718493897976,1.234898858725783,1.0718204732170666,0,0,1.6806515506397688,-1.5895723809361793,0.03497787410974503
0,1.1849907260458208,1.283183731686184,0.0,-0.21255601662360676,0.51752881716458,-0.46879277642512046,-0.7682232531504656,-0.33364615654815216,0.29386769236329013,-0.6272860813712614,0.06261805628740667,-1.8423031324873107,-1.8329539398684094,1.1307315749197846,1.4134375952977403,0,0,1.6806515506397688,-1.5895723809361793,0.14878217379052378
0,1.4838294449576812,0.8076185838229214,0.0,-0.8336919318681467,1.1312900548315483,0.2791900357071748,-0.9840040102653526,-0.590034583639939,0.7366333370634226,0.9375603796754168,1.4297227993984716,-1.8580441975548612,-1.6920913827246056,1.2088570377742833,0.8805148848518897,0,1,1.6806515506397688,-1.5895723809361793,0.26258647347130254
0,1.3615772417664658,0.5698360098912906,0.0,0.20153459353941988,0.7221158963869028,0.5285176397512733,0.31068053242396904,1.0764901924566752,1.9173417229304426,1.397809338806793,1.9613746439416637,-1.747856742082025,-1.785999754153814,0.9093760968320382,0.6072211871873509,1,1,1.6806515506397688,-1.5895723809361793,0.3763907731520813
0,1.5653309137518252,0.5302055809026848,0.0,1.650851729110013,-0.1985259601135496,0.7778452437953717,0.31068053242396904,-0.0772577294563654,0.44145624059666766,1.1216599633279674,2.265175697966345,-2.0154548482303314,-1.785999754153814,1.156773395871284,0.45690965347185425,1,1,1.6806515506397688,-1.5895723809361793,0.49019507283286007
0,1.3887443980311804,0.27921286397485207,0.0,-0.21255601662360676,-1.119167816614002,-0.7181203804692189,0.9580228037686299,-0.33364615654815216,-1.1820177899704847,1.4438342347199304,2.45505135673177,-1.51174076606882,-1.3164578970077896,0.9223970073077882,0.15628658604086157,1,1,1.6806515506397688,-1.5895723809361793,0.6039993725136388
0,1.3615772417664658,0.9397200137849387,0.0,-0.005510711542093443,0.7221158963869028,-0.7181203804692189,2.036926589343065,-1.7437825055529794,-0.5916635970369748,1.2597346510673801,1.1259217453737906,-1.4487765057986355,-1.5042746398661886,0.9614597387350372,0.9625029941512515,1,1,1.6806515506397688,-1.5895723809361793,0.7178036721944175
0,1.1714071479134638,0.5434157238988867,0.0,1.2367611189469865,0.9267029756092254,-0.7181203804692189,1.6053650751132906,0.1791306976354214,-1.4771948864372397,1.6739587142856185,2.45505135673177,-1.464517570866186,-1.5042746398661886,0.6489578873170424,0.5252330778879889,1,1,1.6806515506397688,-1.5895723809361793,0.8316079718751963
0,0.9948206321928189,-0.6587072887554711,0.0,1.0297158138654732,-0.40311303933587234,1.525828055927667,0.7422420466537429,0.3073249111813148,0.7366333370634226,2.6404815284615077,2.45505135673177,-1.0237677489748591,-0.5808423208123443,0.10207964733555146,-0.5542770278869394,1,0,1.6806515506397688,-1.5895723809361793,0.9454122715559751
0,0.9269027415310325,0.5037852949102819,0.0,-1.0407372369496601,-0.40311303933587234,-0.9674479845133174,-1.1997847673802395,0.8201017653648883,-0.0013094041034648074,1.719983610198756,2.1892254344601745,-0.4570894065431634,-0.45563115890674494,0.34947694637479726,0.4432449685886271,0,0,1.6806515506397688,-1.5895723809361793,1.0592165712367538
0,1.2393250385752503,0.675517153860904,0.0,-0.21255601662360676,0.7221158963869028,-0.9674479845133174,-0.9840040102653526,1.0764901924566752,0.7366333370634226,1.1676848592411049,1.7335238534231527,-0.6774643174888357,-0.5964937160505487,0.8442715444532892,0.634550556953805,0,1,1.6806515506397688,-1.5895723809361793,1.1730208709175325
0,1.3751608198988232,0.9925605857697455,0.0,-0.21255601662360676,1.1312900548315483,-0.9674479845133174,-0.9840040102653526,0.8201017653648883,-0.0013094041034648074,0.38526162871776576,0.5942699008305986,-0.9293213585695735,-0.8469160398617652,1.117710664444035,0.9761676790344787,1,0,1.6806515506397688,-1.5895723809361793,1.2868251705983114
0,1.3887443980311804,1.1642924447203686,0.0,-1.0407372369496601,0.31294173794225727,-0.7181203804692189,-0.33666173892069173,0.1791306976354214,0.29386769236329013,0.10911225323894017,0.5183196373244283,-0.8506160332318385,-0.7530076684325568,1.3911497844347802,1.1401438976332015,0,0,1.6806515506397688,-1.5895723809361793,1.40062947027909
0,1.4838294449576812,1.3096040176785868,0.0,-0.8336919318681467,-0.40311303933587234,-0.9674479845133174,0.7422420466537429,-0.0772577294563654,-1.6247834346706171,-0.12101222632674781,-0.24118299773727445,-0.7719107078941034,-0.7999618541471522,1.3781288739590307,1.3451141708816057,0,0,1.6806515506397688,-1.5895723809361793,1.514433769959869
0,1.2664921948399648,1.4417054476406042,0.0,1.650851729110013,0.006061119108773155,-0.9674479845133174,0.9580228037686299,-1.7437825055529794,-1.4771948864372397,-0.48921139363184857,-0.393083524749615,-1.1969194647178798,-1.1286411541493728,1.6645889044255255,1.3587788557648328,0,0,1.6806515506397688,-1.5895723809361793,1.6282380696406475
0,1.5789144918841829,1.468125733633008,0.0,-1.0407372369496601,0.21064819833109588,-0.46879277642512046,-0.9840040102653526,0.8201017653648883,0.44145624059666766,0.10911225323894017,-0.5449840517619555,-1.3385890503257993,-1.2382009208167855,1.4432334263377797,1.5637491290132368,0,0,1.6806515506397688,-1.5895723809361793,1.7420423693214264
0,1.7826681638695423,1.3756547326595956,0.0,-0.8336919318681467,0.21064819833109588,-0.46879277642512046,-0.33666173892069173,1.0764901924566752,-0.8868406935037297,0.06308735732580258,-0.0892824707249339,-1.1024730743125941,-1.0973383636729819,1.4432334263377797,1.3587788557648328,0,0,1.6806515506397688,-1.2934277272033232,-1.6720866211019363
0,1.7690845857371846,0.8076185838229214,0.0,-1.0407372369496601,0.006061119108773155,-0.46879277642512046,-1.1997847673802395,-0.590034583639939,1.0318104335301777,0.3392367328046281,0.8221206913491095,-0.8191339030967553,-0.8625674350999696,1.0395852015895362,0.8668501999686625,0,1,1.6806515506397688,-1.2934277272033232,-1.5582823214211574
0,1.225741460442893,0.7415678688419127,0.0,-0.8336919318681467,0.31294173794225727,-0.7181203804692189,-1.1997847673802395,1.3328786195484619,0.44145624059666766,0.15513714915207777,0.7461704278429392,-1.0237677489748591,-1.0347327827201642,0.9484388282592877,0.6482152418370313,1,0,1.6806515506397688,-1.2934277272033232,-1.4444780217403788
0,1.5109966012223963,1.111451872735561,0.0,-0.005510711542093443,-1.0168742770028405,0.02986243166307639,0.09489977530908213,0.3073249111813148,-1.4771948864372397,-0.213062018153023,0.5183196373244283,-1.5589639612714539,-1.6607885922481969,1.2869825006287818,1.099149842983521,0,0,1.6806515506397688,-1.2934277272033232,-1.3306737220595999
0,1.3479936636341083,1.1378721587279648,0.0,0.6156252037024466,-0.6077001185581951,0.5285176397512733,-0.5524424960355787,-0.590034583639939,-0.5916635970369748,0.29321183689149055,0.2145185832997472,-2.0154548482303314,-2.0207706827268264,1.4041706949105301,1.194802637166109,0,0,1.6806515506397688,-1.2934277272033232,-1.2168694223788212
0,1.5381637574871108,1.1642924447203686,0.0,-0.8336919318681467,2.2053722207487425,-0.46879277642512046,-1.1997847673802395,0.3073249111813148,0.29386769236329013,0.10911225323894017,0.5183196373244283,-1.8737852626223939,-1.817302544630205,1.3000034111045318,1.194802637166109,0,1,1.6806515506397688,-1.2934277272033232,-1.1030651226980426
0,1.3479936636341083,0.9925605857697455,0.0,-0.21255601662360676,2.2053722207487425,-0.9674479845133174,-0.33666173892069173,-0.0772577294563654,2.0649302711638198,1.2137097551542424,0.8980709548552798,-1.7163746119469239,-1.7390455684392008,0.8703133654047888,1.0854851581002938,1,1,1.6806515506397688,-1.2934277272033232,-0.9892608230172637
0,1.3072429292370369,1.1642924447203686,0.0,-0.21255601662360676,0.9267029756092254,-0.21946517238102203,-0.12088098180580481,-0.0772577294563654,1.3269875299969325,0.8915354837622793,0.3664191103120878,-1.7950799372846589,-1.6138344065336014,1.1307315749197846,1.194802637166109,1,0,1.6806515506397688,-1.2934277272033232,-0.8754565233364849
0,1.5109966012223963,1.3492344466671926,0.0,-0.8336919318681467,1.5404642132761937,-0.9674479845133174,-0.5524424960355787,-2.256559359736553,-0.8868406935037297,0.20116204506521534,0.2904688468059175,-1.5432228962039212,-1.5825316160571927,1.4302125158620298,1.3041201162319251,0,0,1.6806515506397688,-1.2934277272033232,-0.7616522236557063
0,1.4023279761635379,1.2435533026975782,0.0,1.8578970341915266,2.2053722207487425,-0.9674479845133174,-0.9840040102653526,-0.33364615654815216,0.44145624059666766,-0.213062018153023,0.06261805628740667,-1.590446091406555,-1.519926035104393,1.3651079634832808,1.0308264185673863,0,1,1.6806515506397688,-1.2934277272033232,-0.6478479239749275
0,1.049154944722248,1.1907127307127714,0.0,0.6156252037024466,-1.119167816614002,1.0271728478394702,1.6053650751132906,0.1791306976354214,-1.1820177899704847,0.6153861082834537,0.13856831979357695,-1.3700711804609005,-1.3164578970077896,0.9875015596865371,1.3177848011151523,1,0,1.6806515506397688,-1.2934277272033232,-0.5340436242941488
0,1.5653309137518252,1.283183731686184,0.0,0.8226705087839599,0.9267029756092254,1.525828055927667,0.7422420466537429,1.0764901924566752,0.44145624059666766,0.20116204506521534,0.2145185832997472,-1.5747050263390043,-1.441669058913389,1.2869825006287818,1.3451141708816057,0,0,1.6806515506397688,-1.2934277272033232,-0.42023932461337
0,1.1714071479134638,0.7679881548343166,0.0,-0.6266466267866334,0.21064819833109588,-0.46879277642512046,-0.7682232531504656,1.3328786195484619,1.0318104335301777,-0.5352362895449861,-0.3171332612434447,-0.8978392284344903,-0.7686590636707612,0.6749997082685419,0.7028739813699398,0,0,1.6806515506397688,-1.2934277272033232,-0.3064350249325912
0,1.0219877884575335,0.7811982978305175,0.0,-0.8336919318681467,0.21064819833109588,-0.9674479845133174,-0.9840040102653526,1.717461260186142,0.29386769236329013,-0.9954852486763621,-0.5449840517619555,-0.6774643174888357,-0.7060534827179615,0.8182297235017898,0.7438680360196203,0,0,1.6806515506397688,-1.2934277272033232,-0.19263072525181246
0,0.7638998039427449,1.1246620157317628,0.0,-1.0407372369496601,-1.3237548958363246,-0.7181203804692189,0.7422420466537429,0.1791306976354214,-1.4771948864372397,-1.0875350405026374,-0.8487851057866367,-1.0237677489748591,-1.1129897589111684,1.0786479330167855,1.208467322049336,0,0,1.6806515506397688,-1.2934277272033232,-0.07882642557103371
0,0.6552311788838865,1.283183731686184,0.0,1.4438064240284998,-1.119167816614002,-0.9674479845133174,-0.5524424960355787,-0.8464230107317258,-1.1820177899704847,-0.9494603527632245,-0.6968845787742961,-1.2756247900556148,-1.2068981303403767,1.0656270225410356,1.3451141708816057,0,0,1.6806515506397688,-1.2934277272033232,0.03497787410974503
0,0.73673264767803,1.1775025877165695,0.0,1.0297158138654732,0.006061119108773155,1.2765004518835685,0.9580228037686299,0.8201017653648883,-0.8868406935037297,-0.39716160180557336,-0.8487851057866367,-1.0080266839073087,-0.7843104589089656,1.0786479330167855,1.2631260615822437,0,0,1.6806515506397688,-1.2934277272033232,0.14878217379052378
0,0.9948206321928189,0.47736500891787803,0.0,1.0297158138654732,-0.1985259601135496,1.2765004518835685,0.526461289538856,0.1791306976354214,-0.2964865005702198,-0.48921139363184857,-0.393083524749615,-0.3154198209352439,-0.3147686017629412,0.5317696930352945,0.4295802837054009,0,0,1.6806515506397688,-1.2934277272033232,0.26258647347130254
0,0.2477238349131676,0.1339012910166328,0.0,-0.6266466267866334,0.31294173794225727,-0.46879277642512046,0.9580228037686299,1.0764901924566752,0.44145624059666766,-0.3051118099792982,-0.393083524749615,-0.20523236546242557,-0.37737418271574086,0.11510055781130096,0.07429847674150018,0,0,1.6806515506397688,-1.2934277272033232,0.3763907731520813
0,-0.010364149601621101,0.2527925779824482,0.0,-0.8336919318681467,-0.40311303933587234,-0.9674479845133174,-1.1997847673802395,0.8201017653648883,0.44145624059666766,-0.8113856650238117,-0.924735369292807,-0.3941251462729789,-0.5025853446213403,0.10207964733555146,0.2519393802234501,0,0,1.6806515506397688,-1.2934277272033232,0.49019507283286007
0,-0.13261635279283682,0.09427086202802798,0.0,-1.0407372369496601,0.006061119108773155,-0.7181203804692189,1.3895843179984038,0.8201017653648883,-1.4771948864372397,-0.903435456850087,-0.924735369292807,-0.5357947318808984,-0.7686590636707612,0.544790603511044,0.7302033511363931,0,0,1.6806515506397688,-1.2934277272033232,0.6039993725136388
0,0.2205566786484531,1.0057707287659474,0.0,1.2367611189469865,-0.6077001185581951,1.7751556599717655,1.6053650751132906,0.5637133382731015,-0.0013094041034648074,-0.5812611854581238,-0.5449840517619555,-0.8978392284344903,-0.7373562731943525,0.8703133654047888,1.003497048800932,0,0,1.6806515506397688,-1.2934277272033232,0.7178036721944175
0,0.492228241295599,0.8208287268191233,0.0,-1.0407372369496601,0.31294173794225727,-0.46879277642512046,-0.7682232531504656,1.3328786195484619,0.44145624059666766,-0.7193358731975366,-0.7728348422804664,-0.15800917025977382,-0.01739209223711152,0.6359369768412925,0.8668501999686625,0,0,1.6806515506397688,-1.2934277272033232,0.8316079718751963
0,0.6552311788838865,0.8340388698153253,0.0,0.8226705087839599,0.9267029756092254,-0.9674479845133174,0.7422420466537429,1.5892670466402488,-0.0013094041034648074,-0.6272860813712614,-0.6209343152681258,0.3614459769692702,0.2017274410976963,0.6880206187442919,0.812191460435755,0,0,1.6806515506397688,-1.2934277272033232,0.9454122715559751
0,0.492228241295599,0.7283577258457108,0.0,-1.0407372369496601,0.21064819833109588,-0.46879277642512046,-0.9840040102653526,1.0764901924566752,0.44145624059666766,-0.6272860813712614,-0.5449840517619555,0.015142545483246818,-0.06434627795172464,0.622916066365543,0.716538666253166,0,0,1.6806515506397688,-1.2934277272033232,1.0592165712367538
0,0.6552311788838865,0.9397200137849387,0.0,-0.6266466267866334,-0.40311303933587234,-0.9674479845133174,-0.9840040102653526,0.8201017653648883,-0.0013094041034648074,-0.903435456850087,-0.7728348422804664,-0.5357947318808984,-0.612145111288753,0.7921879025502903,0.9898323639177048,0,0,1.6806515506397688,-1.2934277272033232,1.1730208709175325
0,0.41072677250145506,1.0057707287659474,0.0,1.0297158138654732,-0.40311303933587234,-0.9674479845133174,1.173803560883517,1.3328786195484619,-0.8868406935037297,-1.133559936415775,-1.0006856327989773,-0.5672768620159996,-0.5808423208123443,0.7531251711230409,1.0581557883338395,0,0,1.6806515506397688,-1.2934277272033232,1.2868251705983114
0,0.19338952238373835,1.0321910147583513,0.0,1.0297158138654732,-0.40311303933587234,-0.9674479845133174,0.9580228037686299,-0.33364615654815216,0.29386769236329013,-1.2716346241551877,-1.1525861598113178,-0.7246875126914696,-0.7060534827179615,0.9484388282592877,1.194802637166109,0,0,1.6806515506397688,-1.2934277272033232,1.40062947027909
0,0.628064022619172,1.2435533026975782,0.0,-0.6266466267866334,0.9267029756092254,-0.9674479845133174,0.7422420466537429,0.1791306976354214,0.7366333370634226,-0.903435456850087,-0.6968845787742961,-0.708946447623919,-0.533888135097749,1.156773395871284,1.2221320069325632,0,0,1.6806515506397688,-0.9972830734704672,-1.6720866211019363
0,0.8861520071339605,1.058611300750754,0.0,0.8226705087839599,1.3358771340538709,-0.46879277642512046,-0.7682232531504656,0.3073249111813148,1.9173417229304426,-1.0415101445894996,-0.924735369292807,-0.3783840812054283,-0.4086769731921318,1.169794306347034,1.1401438976332015,0,0,1.6806515506397688,-0.9972830734704672,-1.5582823214211574
0,0.682398335148601,1.0189808717621494,0.0,-1.0407372369496601,1.1312900548315483,1.525828055927667,-0.7682232531504656,-0.33364615654815216,1.3269875299969325,-0.9494603527632245,-0.8487851057866367,-0.6617232524212852,-0.6590992970033484,1.169794306347034,0.9898323639177048,0,0,1.6806515506397688,-0.9972830734704672,-1.4444780217403788
0,0.8589848508692459,1.058611300750754,0.0,-0.6266466267866334,0.21064819833109588,-0.9674479845133174,0.9580228037686299,0.8201017653648883,0.29386769236329013,-0.9954852486763621,-0.924735369292807,-0.7404285777590202,-0.6747506922415527,1.1437524853955345,1.1264792127499743,0,0,1.6806515506397688,-0.9972830734704672,-1.3306737220595999
0,0.8046505383398165,1.1642924447203686,0.0,-1.0407372369496601,-0.1985259601135496,-0.46879277642512046,-0.7682232531504656,0.1791306976354214,0.7366333370634226,-0.9954852486763621,-1.0006856327989773,-0.7719107078941034,-0.6904020874797572,1.182815216822784,1.2494613766990175,0,0,1.6806515506397688,-0.9972830734704672,-1.2168694223788212
0,0.9269027415310325,0.886879441800132,0.0,0.8226705087839599,0.006061119108773155,1.2765004518835685,0.7422420466537429,0.8201017653648883,0.44145624059666766,-0.7653607691106742,-0.6209343152681258,-0.7719107078941034,-0.7843104589089656,0.8703133654047888,0.9488383092680244,0,0,1.6806515506397688,-0.9972830734704672,-1.1030651226980426
0,1.0763221009869623,0.2131621489938434,0.0,-1.0407372369496601,-0.6077001185581951,-0.46879277642512046,-1.1997847673802395,0.1791306976354214,0.29386769236329013,-0.39716160180557336,-0.01333220721876361,-0.787651772961654,-0.6590992970033484,0.5057278720837945,0.292933434873131,0,0,1.6806515506397688,-0.9972830734704672,-0.9892608230172637
0,0.9404863196633895,0.46415486592167615,0.0,0.20153459353941988,-0.6077001185581951,-0.7181203804692189,0.31068053242396904,-0.33364615654815216,-0.8868406935037297,-0.48921139363184857,-0.16523273423110416,-0.9135802935020408,-0.7060534827179615,0.8442715444532892,0.538897762771216,0,0,1.6806515506397688,-0.9972830734704672,-0.8754565233364849
0,0.45147750689852706,0.7944084408267195,0.0,-0.21255601662360676,-1.0168742770028405,1.525828055927667,-1.1997847673802395,-0.8464230107317258,0.29386769236329013,0.29321183689149055,-0.3171332612434447,-0.7404285777590202,-0.7217048779561481,0.7921879025502903,0.812191460435755,0,0,1.6806515506397688,-0.9972830734704672,-0.7616522236557063
0,1.4702458668253242,0.8076185838229214,0.0,-0.005510711542093443,-0.40311303933587234,0.02986243166307639,0.9580228037686299,0.1791306976354214,-1.4771948864372397,-0.8113856650238117,-0.01333220721876361,-0.7719107078941034,-0.5964937160505487,1.1307315749197846,0.812191460435755,0,0,1.6806515506397688,-0.9972830734704672,-0.6478479239749275
0,1.0219877884575335,0.9265098707887368,0.0,1.2367611189469865,-0.6077001185581951,-0.46879277642512046,1.8211458322281777,-1.7437825055529794,-0.5916635970369748,-1.1795848323289124,-0.16523273423110416,-0.8978392284344903,-0.8782188303381562,1.091668843492535,0.9625029941512515,0,0,1.6806515506397688,-0.9972830734704672,-0.5340436242941488
0,1.6468323825459692,0.7944084408267195,0.0,1.2367611189469865,0.51752881716458,1.525828055927667,-0.7682232531504656,0.5637133382731015,-0.2964865005702198,0.10911225323894017,0.4423693738182581,-0.9922856188397758,-0.987778597005569,0.8312506339775393,0.7438680360196203,0,0,1.6806515506397688,-0.9972830734704672,-0.42023932461337
0,0.2477238349131676,0.7019374398533079,0.0,-1.0407372369496601,0.006061119108773155,-0.9674479845133174,2.036926589343065,1.0764901924566752,-1.4771948864372397,-0.5812611854581238,-0.3171332612434447,-0.7246875126914696,-0.7686590636707612,0.3624978568505472,0.5935565023041237,0,0,1.6806515506397688,-0.9972830734704672,-0.3064350249325912
0,0.546562553825028,1.1378721587279648,0.0,1.0297158138654732,-1.119167816614002,-0.46879277642512046,1.173803560883517,-0.33364615654815216,-1.1820177899704847,-0.48921139363184857,-0.7728348422804664,-0.7246875126914696,-0.8938702255763605,0.6489578873170424,1.194802637166109,0,0,1.6806515506397688,-0.9972830734704672,-0.19263072525181246
0,0.46506108503088406,1.5209663056178149,0.0,0.6156252037024466,0.21064819833109588,1.2765004518835685,1.8211458322281777,-1.1028114378235125,-0.0013094041034648074,-0.7653607691106742,-0.6209343152681258,-1.1654373345827787,-1.3008065017695853,0.7791669920745403,1.6047431836629173,0,0,1.6806515506397688,-0.9972830734704672,-0.07882642557103371
0,1.2121578823105355,0.6226765818760973,0.0,0.6156252037024466,0.7221158963869028,1.525828055927667,-0.7682232531504656,1.0764901924566752,0.44145624059666766,0.017062461412664976,-0.16523273423110416,-0.7561696428265708,-0.6590992970033484,0.41458149875354616,0.6892092964867127,0,0,1.6806515506397688,-0.9972830734704672,0.03497787410974503
0,0.7231490695456729,0.9661402997773425,0.0,-1.0407372369496601,-0.40311303933587234,-0.9674479845133174,-0.9840040102653526,1.3328786195484619,-1.4771948864372397,-0.7193358731975366,-0.5449840517619555,-0.2524555606650594,-0.4086769731921318,0.4927069616080451,0.9625029941512515,0,0,1.6806515506397688,-0.9972830734704672,0.14878217379052378
0,0.7910669602074595,1.111451872735561,0.0,-0.8336919318681467,-0.40311303933587234,-0.9674479845133174,0.7422420466537429,0.1791306976354214,-0.2964865005702198,-0.6272860813712614,-0.6968845787742961,-0.22097343052995827,-0.3617227874775365,0.9875015596865371,1.099149842983521,0,0,1.6806515506397688,-0.9972830734704672,0.26258647347130254
0,0.641647600751529,1.2039228737089733,0.0,-0.8336919318681467,-0.6077001185581951,-0.9674479845133174,0.9580228037686299,0.1791306976354214,0.29386769236329013,-0.903435456850087,-1.0006856327989773,-0.7404285777590202,-0.8938702255763605,1.0005224701622866,1.194802637166109,0,0,1.6806515506397688,-0.9972830734704672,0.3763907731520813
0,0.41072677250145506,1.2303431597013772,0.0,1.2367611189469865,0.7221158963869028,1.0271728478394702,-0.12088098180580481,-0.590034583639939,-0.8868406935037297,-0.9494603527632245,-1.0766358963051474,-1.1969194647178798,-1.2068981303403767,0.7661460815987904,1.3041201162319251,0,0,1.6806515506397688,-0.9972830734704672,0.49019507283286007
0,0.9948206321928189,1.1246620157317628,0.0,0.6156252037024466,-0.40311303933587234,1.2765004518835685,-0.12088098180580481,0.1791306976354214,-1.1820177899704847,-0.02896243450047262,-0.6209343152681258,-0.9293213585695735,-1.0190813874819777,0.6880206187442919,1.0581557883338395,0,0,1.6806515506397688,-0.9972830734704672,0.6039993725136388
0,1.1714071479134638,1.2567634456937802,0.0,-0.8336919318681467,-0.40311303933587234,-0.9674479845133174,1.8211458322281777,0.5637133382731015,-0.5916635970369748,-0.443186497718711,-0.5449840517619555,-0.7561696428265708,-0.8782188303381562,0.9223970073077882,1.194802637166109,0,0,1.6806515506397688,-0.9972830734704672,0.7178036721944175
0,1.3751608198988232,1.3756547326595956,0.0,-0.4196013217051201,-0.8122871977805178,-0.9674479845133174,0.7422420466537429,-0.0772577294563654,-1.4771948864372397,-0.6733109772843989,-0.7728348422804664,-0.8033928380292047,-0.8625674350999696,1.0656270225410356,1.3314494859983785,0,0,1.6806515506397688,-0.9972830734704672,0.8316079718751963
0,1.0899056791193198,1.3492344466671926,0.0,-0.21255601662360676,-0.8122871977805178,-0.46879277642512046,-0.9840040102653526,-0.0772577294563654,0.7366333370634226,-0.7193358731975366,-0.924735369292807,-1.0080266839073087,-1.0034299922437733,1.104689753968285,1.3997729104145131,0,0,1.6806515506397688,-0.9972830734704672,0.9454122715559751
0,0.9269027415310325,1.3492344466671926,0.0,-1.0407372369496601,-0.6077001185581951,-0.46879277642512046,0.9580228037686299,-1.1028114378235125,-1.1820177899704847,-0.9954852486763621,-0.924735369292807,-1.1182141393801448,-1.25385231605499,1.1307315749197846,1.3451141708816057,0,0,1.6806515506397688,-0.9972830734704672,1.0592165712367538
0,0.5329789756926705,1.48133587662921,0.0,0.20153459353941988,-0.40311303933587234,-0.46879277642512046,-0.5524424960355787,-1.1028114378235125,0.44145624059666766,-1.0415101445894996,-1.0766358963051474,-1.3228479852582486,-1.2851551065313809,0.9875015596865371,1.5500844441300097,0,0,1.6806515506397688,-0.9972830734704672,1.1730208709175325
0,1.4702458668253242,0.9529301567811407,0.0,1.0297158138654732,0.9267029756092254,1.525828055927667,0.7422420466537429,1.5892670466402488,1.0318104335301777,0.06308735732580258,0.3664191103120878,-1.0395088140424098,-0.7217048779561481,1.247919769201533,0.9351736243847972,0,0,1.6806515506397688,-0.9972830734704672,1.2868251705983114
0,1.3072429292370369,0.8736692988039301,0.0,-1.0407372369496601,-0.6077001185581951,-0.46879277642512046,-0.7682232531504656,0.3073249111813148,1.0318104335301777,-0.5812611854581238,-0.24118299773727445,-0.630241122286184,-0.7217048779561481,0.8312506339775393,0.9625029941512515,0,0,1.6806515506397688,-0.9972830734704672,1.40062947027909
0,1.4566622886929668,0.5698360098912906,0.0,1.0297158138654732,1.1312900548315483,-0.46879277642512046,1.8211458322281777,0.1791306976354214,-0.5916635970369748,-0.48921139363184857,0.2904688468059175,-0.7404285777590202,-0.56519092557414,0.7270833501715414,0.6482152418370313,0,0,1.6806515506397688,-0.9972830734704672,1.514433769959869
0,0.43789392876616956,-0.31524357085422594,0.0,1.0297158138654732,0.51752881716458,1.2765004518835685,0.7422420466537429,1.3328786195484619,1.0318104335301777,0.43128652463090333,-0.24118299773727445,0.42441023723945465,0.42084697443250413,-0.22344311455819324,-0.30831269998885436,0,0,1.6806515506397688,-0.9972830734704672,1.6282380696406475
0,0.19338952238373835,-0.20956242688461196,0.0,-1.0407372369496601,-0.40311303933587234,-0.9674479845133174,-0.7682232531504656,1.0764901924566752,-0.2964865005702198,-0.7653607691106742,-0.6209343152681258,0.3614459769692702,0.3269386030032957,-0.2364640250339432,-0.22632459068949295,0,0,1.6806515506397688,-0.9972830734704672,1.7420423693214264
0,-0.3363700247781963,-0.1831421408922086,0.0,1.0297158138654732,0.7221158963869028,-0.9674479845133174,0.7422420466537429,0.5637133382731015,0.7366333370634226,-0.6272860813712614,-0.6968845787742961,0.4401513023070052,0.5304067410999169,-0.17135947265519427,-0.10334242674045017,0,0,1.6806515506397688,-0.701138419737611,-1.6720866211019363
0,-0.18695066532226606,-0.3284537138504278,0.0,-1.0407372369496601,0.7221158963869028,-0.46879277642512046,-0.7682232531504656,0.5637133382731015,1.3269875299969325,-0.5352362895449861,-0.3171332612434447,0.8809011241983321,0.7808290649111157,-0.22344311455819324,-0.30831269998885436,0,0,1.6806515506397688,-0.701138419737611,-1.5582823214211574
0,-0.40428791543998277,-0.23598271287701533,0.0,-1.0407372369496601,0.006061119108773155,-0.9674479845133174,0.7422420466537429,0.8201017653648883,-0.0013094041034648074,-0.39716160180557336,-0.4690337882557853,0.8651600591307815,0.6556179030055163,-0.21042220408244372,-0.18533053603981203,0,0,1.6806515506397688,-0.701138419737611,-1.4444780217403788
0,-0.40428791543998277,-0.1831421408922086,0.0,0.8226705087839599,-0.8122871977805178,-0.46879277642512046,0.9580228037686299,0.1791306976354214,0.44145624059666766,-0.903435456850087,-1.0006856327989773,0.6290440831175764,0.5304067410999169,-0.2755267564611927,-0.18533053603981203,0,0,1.6806515506397688,-0.701138419737611,-1.3306737220595999
0,-0.6216251655576994,-0.07746099692259464,0.0,-0.6266466267866334,-0.1985259601135496,1.2765004518835685,0.9580228037686299,0.1791306976354214,-0.2964865005702198,-1.0415101445894996,-0.924735369292807,0.14107106602361572,-0.01739209223711152,-0.13229674122794483,-0.13067179650690397,0,0,1.6806515506397688,-0.701138419737611,-1.2168694223788212
0,-0.3092028685134818,0.08106071903182606,0.0,-0.8336919318681467,0.006061119108773155,-0.9674479845133174,-0.5524424960355787,0.5637133382731015,-1.1820177899704847,-0.8113856650238117,-1.0006856327989773,-0.0005985195843037679,-0.15825464938093306,-0.05417127837344591,0.11529253139118063,0,0,1.6806515506397688,-0.701138419737611,-1.1030651226980426
0,-0.5265401186311984,0.5698360098912906,0.0,1.8578970341915266,-0.6077001185581951,-0.9674479845133174,0.09489977530908213,-0.33364615654815216,-1.1820177899704847,-0.8574105609369493,-0.8487851057866367,-0.11078597505713997,-0.11130046366631995,0.11510055781130096,0.538897762771216,0,0,1.6806515506397688,-0.701138419737611,-0.9892608230172637
0,-0.02394772773397835,0.8472490128115262,0.0,1.0297158138654732,-0.40311303933587234,1.525828055927667,0.31068053242396904,-1.1028114378235125,-1.1820177899704847,-0.7653607691106742,-1.0006856327989773,-0.14226810519222324,-0.033043487475315894,0.2843723939960483,0.7848620906693007,0,0,1.6806515506397688,-0.701138419737611,-0.8754565233364849
0,0.19338952238373835,-0.05104071093019127,0.0,1.0297158138654732,-0.40311303933587234,1.525828055927667,-0.7682232531504656,0.5637133382731015,0.7366333370634226,0.38526162871776576,-0.0892824707249339,0.6290440831175764,0.608663717290921,-0.08021309932494586,0.005975052325365468,0,0,1.6806515506397688,-0.701138419737611,-0.7616522236557063
0,-0.28203571224876706,-0.44734500081624323,0.0,-1.0407372369496601,0.7221158963869028,-0.46879277642512046,-0.7682232531504656,1.5892670466402488,0.44145624059666766,0.24718694097835295,0.06261805628740667,0.7077494084553115,0.5617095315763079,-0.4708404135974395,-0.3629714395217624,0,0,1.6806515506397688,-0.701138419737611,-0.6478479239749275
0,-0.730293790616558,-0.5662362877820587,0.0,-1.0407372369496601,0.31294173794225727,-0.9674479845133174,-1.1997847673802395,0.8201017653648883,0.7366333370634226,-0.2590869140661606,-0.5449840517619555,0.566079822847392,0.4364983696707085,-0.6401122497821864,-0.5816063976533932,0,0,1.6806515506397688,-0.701138419737611,-0.5340436242941488
0,-0.6623758999547714,-0.2624029988694192,0.0,-0.8336919318681467,-0.8122871977805178,-0.9674479845133174,0.7422420466537429,0.1791306976354214,-0.0013094041034648074,-0.5352362895449861,-0.8487851057866367,0.5031155625771897,0.45214976490891284,-0.5359449659761885,-0.30831269998885436,0,0,1.6806515506397688,-0.701138419737611,-0.42023932461337
0,-0.5265401186311984,-0.1435117119036033,0.0,-1.0407372369496601,-0.40311303933587234,-0.9674479845133174,-1.1997847673802395,0.1791306976354214,1.0318104335301777,-0.7193358731975366,-1.0006856327989773,0.6605262132526597,0.6399665077673119,-0.35365221931569113,-0.15800116627335825,0,0,1.6806515506397688,-0.701138419737611,-0.3064350249325912
0,-0.3635371810429108,-0.07746099692259464,0.0,-1.0407372369496601,-0.40311303933587234,-0.46879277642512046,-0.33666173892069173,-0.0772577294563654,0.29386769236329013,-0.7193358731975366,-1.0006856327989773,0.6290440831175764,0.5304067410999169,-0.2755267564611927,-0.13067179650690397,0,0,1.6806515506397688,-0.701138419737611,-0.19263072525181246
0,0.45147750689852706,-0.15672185489980522,0.0,-0.8336919318681467,-1.0168742770028405,1.525828055927667,-0.12088098180580481,-0.590034583639939,-1.1820177899704847,0.06308735732580258,-0.6968845787742961,0.07810680575343126,0.12347046490669224,-0.4187567716944401,-0.1443364813901311,0,0,1.6806515506397688,-0.701138419737611,-0.07882642557103371
0,-0.2684521341164098,0.19995200599764149,0.0,-0.8336919318681467,-1.0168742770028405,1.2765004518835685,-0.9840040102653526,-1.1028114378235125,-0.5916635970369748,-0.6272860813712614,-0.7728348422804664,-0.09504490998958938,-0.15825464938093306,-0.22344311455819324,0.1972806406905425,0,0,1.6806515506397688,-0.701138419737611,0.03497787410974503
0,0.6552311788838865,-0.7908087187174885,0.0,1.650851729110013,-0.6077001185581951,-0.46879277642512046,0.9580228037686299,-1.3591998649152994,0.29386769236329013,-0.6733109772843989,2.45505135673177,-0.189491300394875,0.0921676744302835,0.03697509495680251,-1.4424815452966908,0,1,1.6806515506397688,-0.701138419737611,0.14878217379052378
0,0.09830447545723713,-1.1739028656073385,0.0,-0.8336919318681467,-1.119167816614002,0.02986243166307639,-0.9840040102653526,0.1791306976354214,-1.1820177899704847,1.029610171501692,2.45505135673177,-0.03208064971940494,0.3112872077650913,-0.2625058459854427,-1.0735350534495633,1,1,1.6806515506397688,-0.701138419737611,0.26258647347130254
0,0.43789392876616956,-0.46055514381244517,0.0,0.6156252037024466,-0.6077001185581951,-0.9674479845133174,1.173803560883517,-0.33364615654815216,0.44145624059666766,2.3183072570695447,2.45505135673177,0.1568121310911663,0.21737883633590066,-0.2625058459854427,-0.41763017905467,1,1,1.6806515506397688,-0.701138419737611,0.3763907731520813
0,0.5601461319573855,-0.23598271287701533,0.0,-1.0407372369496601,0.51752881716458,-0.9674479845133174,-1.1997847673802395,-1.7437825055529794,-1.1820177899704847,2.6404815284615077,2.45505135673177,0.4558923673745558,0.38954418395609536,-0.1583385621794443,-0.29464801510562766,1,1,1.6806515506397688,-0.701138419737611,0.49019507283286007
0,0.492228241295599,-0.10388128291499801,0.0,1.0297158138654732,-0.6077001185581951,1.525828055927667,0.7422420466537429,-1.1028114378235125,-1.9199605311373722,2.180232569330132,1.7335238534231527,0.09384787082098185,0.18607604585949192,-0.09323400980069536,-0.1443364813901311,1,0,1.6806515506397688,-0.701138419737611,0.6039993725136388
0,0.31564172557495407,-0.1831421408922086,0.0,-0.8336919318681467,-0.8122871977805178,-0.46879277642512046,-1.1997847673802395,-0.33364615654815216,0.7366333370634226,2.1342076734169946,1.2018720088799608,0.31422278176663637,0.2486816268122916,-0.35365221931569113,-0.1716658511565849,0,0,1.6806515506397688,-0.701138419737611,0.7178036721944175
0,0.1798059442513811,0.0150100040508174,0.0,-1.0407372369496601,0.006061119108773155,-0.46879277642512046,-0.33666173892069173,0.8201017653648883,-0.5916635970369748,1.1216599633279674,0.9740212183614501,0.030883610550779508,-0.033043487475315894,-0.028129457421946422,-0.00768963255786167,0,0,1.6806515506397688,-0.701138419737611,0.8316079718751963
0,0.492228241295599,0.1735317200052381,0.0,0.6156252037024466,-0.1985259601135496,1.2765004518835685,1.3895843179984038,-0.33364615654815216,0.44145624059666766,0.799485691936004,0.6702201643367689,-0.4098662113405295,-0.29911720652473683,0.23228875209304933,0.292933434873131,0,0,1.6806515506397688,-0.701138419737611,0.9454122715559751
0,0.15263878798666636,-0.407714571827638,0.0,1.0297158138654732,0.006061119108773155,1.2765004518835685,0.9580228037686299,-0.590034583639939,-0.2964865005702198,1.5819089224593432,1.6575735899169826,0.14107106602361572,0.2486816268122916,-0.22344311455819324,-0.3629714395217624,0,0,1.6806515506397688,-0.701138419737611,1.0592165712367538
0,-0.28203571224876706,-0.8172290047098919,0.0,1.0297158138654732,-0.40311303933587234,1.2765004518835685,0.7422420466537429,0.8201017653648883,-0.0013094041034648074,0.7534607960228665,0.5183196373244283,0.849418994063231,0.8747374363403241,-0.6140704288306869,-0.8002413557850245,0,0,1.6806515506397688,-0.701138419737611,1.1730208709175325
0,-0.6216251655576994,-0.9889608636605145,0.0,-0.6266466267866334,0.21064819833109588,-0.46879277642512046,-1.1997847673802395,0.8201017653648883,1.3269875299969325,0.6153861082834537,0.5183196373244283,1.164240295414171,1.2347195268189535,-0.9005304592971823,-1.0052116290334288,0,0,1.6806515506397688,-0.701138419737611,1.2868251705983114
0,-0.7167102124842006,-1.094642007630128,0.0,-0.6266466267866334,0.006061119108773155,-0.9674479845133174,-0.7682232531504656,1.0764901924566752,1.0318104335301777,0.3392367328046281,0.2145185832997472,1.211463490616805,1.062554179198741,-1.0307395640546801,-1.128193792982471,0,0,1.6806515506397688,-0.701138419737611,1.40062947027909
0,-0.5401236967635558,-1.1606927226111365,0.0,-0.6266466267866334,-0.1985259601135496,-0.9674479845133174,-0.9840040102653526,0.3073249111813148,1.0318104335301777,0.43128652463090333,0.5183196373244283,0.8021957988605971,0.7964804601493201,-0.9526141012001815,-1.0598703685663362,0,0,1.6806515506397688,-0.701138419737611,1.514433769959869
0,-0.24128497785169528,-1.2399535805883473,0.0,-0.8336919318681467,-1.5283419750586473,-0.9674479845133174,-0.33666173892069173,-0.0772577294563654,-1.4771948864372397,0.3392367328046281,0.8221206913491095,0.39292810710437137,0.4364983696707085,-0.7442795335881848,-1.169187847632152,0,0,1.6806515506397688,-0.701138419737611,1.6282380696406475
0,-1.0970504001902048,-0.6587072887554711,0.0,1.2367611189469865,-1.3237548958363246,1.2765004518835685,0.9580228037686299,-1.3591998649152994,-0.5916635970369748,0.5693612123703161,0.13856831979357695,0.39292810710437137,0.6399665077673119,-0.7573004440639347,-0.704588561602436,0,0,1.6806515506397688,-0.40499376600475495,-1.6720866211019363
0,-0.730293790616558,-0.8700695766946986,0.0,1.0297158138654732,-0.6077001185581951,1.525828055927667,-0.7682232531504656,1.0764901924566752,0.44145624059666766,1.0756350674148296,0.9740212183614501,0.9596064495360672,1.1095083649133364,-0.6791749812094359,-0.9095588348508401,0,0,1.6806515506397688,-0.40499376600475495,-1.5582823214211574
0,-0.7167102124842006,-1.0682217216377246,0.0,-1.0407372369496601,0.31294173794225727,-0.9674479845133174,-0.7682232531504656,0.8201017653648883,-0.0013094041034648074,0.5693612123703161,0.7461704278429392,1.4318384015624774,1.4068848744391482,-0.8744886383456827,-1.0735350534495633,0,0,1.6806515506397688,-0.40499376600475495,-1.4444780217403788
0,-0.7710445250136296,-0.9889608636605145,0.0,-1.0407372369496601,-0.6077001185581951,-0.9674479845133174,-0.7682232531504656,0.3073249111813148,-0.2964865005702198,0.3392367328046281,0.3664191103120878,1.368874141292275,1.3442792934863486,-0.9395931907244316,-0.9368882046172939,0,0,1.6806515506397688,-0.40499376600475495,-1.3306737220595999
0,-1.1921354471167058,-0.5794464307782606,0.0,-0.8336919318681467,-1.5283419750586473,-0.9674479845133174,1.8211458322281777,-0.33364615654815216,-1.6247834346706171,-0.07498733041361022,-0.24118299773727445,1.2272045556843734,1.172113945866136,-0.9395931907244316,-0.5816063976533932,0,0,1.6806515506397688,-0.40499376600475495,-1.2168694223788212
0,-1.0291325095284183,-0.3548739998428312,0.0,-1.0407372369496601,-1.119167816614002,-0.46879277642512046,0.7422420466537429,-0.8464230107317258,-0.8868406935037297,-0.39716160180557336,-0.3171332612434447,1.3373920111571738,1.3755820839627573,-0.4708404135974395,-0.3219773848720815,0,0,1.6806515506397688,-0.40499376600475495,-1.1030651226980426
0,-0.49937296236648376,-0.44734500081624323,0.0,-0.8336919318681467,0.31294173794225727,-0.46879277642512046,-1.1997847673802395,-0.0772577294563654,1.0318104335301777,-0.5352362895449861,-0.4690337882557853,1.4633205316975786,1.438187664915557,-0.548965876451938,-0.37663612440498906,0,0,1.6806515506397688,-0.40499376600475495,-0.9892608230172637
0,-0.6759594780871288,-0.6322870027630674,0.0,-1.0407372369496601,-0.1985259601135496,-0.7181203804692189,-1.1997847673802395,0.1791306976354214,0.44145624059666766,-0.02896243450047262,-0.16523273423110416,1.3373920111571738,1.172113945866136,-0.6270913393064369,-0.6362651371863013,0,0,1.6806515506397688,-0.40499376600475495,-0.8754565233364849
0,-0.8389624156754162,-0.9889608636605145,0.0,-1.0407372369496601,-1.0168742770028405,-0.9674479845133174,0.7422420466537429,0.1791306976354214,-0.2964865005702198,0.29321183689149055,0.13856831979357695,1.1012760351439688,1.1095083649133364,-0.8875095488214326,-0.9778822592669749,0,0,1.6806515506397688,-0.40499376600475495,-0.7616522236557063
0,-1.1921354471167058,-1.015381149652918,0.0,-0.8336919318681467,-1.0168742770028405,-0.46879277642512046,-1.1997847673802395,-0.8464230107317258,-1.4771948864372397,-0.07498733041361022,-0.3171332612434447,0.9596064495360672,0.9060402268167328,-1.1088650269091789,-1.0188763139166552,0,0,1.6806515506397688,-0.40499376600475495,-0.6478479239749275
0,-1.4094726972344227,-0.7511782897288832,0.0,-1.0407372369496601,-1.5283419750586473,-0.46879277642512046,-1.1997847673802395,-0.8464230107317258,-1.1820177899704847,-0.443186497718711,-0.4690337882557853,0.7864547337930465,0.608663717290921,-0.9916768326274308,-0.7319179313688898,0,0,1.6806515506397688,-0.40499376600475495,-0.5340436242941488
0,-1.2057190252490633,-0.44734500081624323,0.0,0.20153459353941988,-1.3237548958363246,-0.46879277642512046,1.8211458322281777,-1.1028114378235125,-0.2964865005702198,-0.5352362895449861,-0.4690337882557853,0.2669995865639846,0.18607604585949192,-1.0046977431031805,-0.3903008092882162,0,0,1.6806515506397688,-0.40499376600475495,-0.42023932461337
0,-1.0427160876607757,-0.2227725698808139,0.0,0.4085798986209332,-0.40311303933587234,1.2765004518835685,1.8211458322281777,-2.0001709326447665,1.0318104335301777,0.017062461412664976,-0.3171332612434447,-0.03208064971940494,0.2017274410976963,-0.7573004440639347,-0.21265990580626581,0,0,1.6806515506397688,-0.40499376600475495,-0.3064350249325912
0,-1.0427160876607757,-0.44734500081624323,0.0,1.8578970341915266,-1.73292905428097,1.525828055927667,0.31068053242396904,-1.1028114378235125,-0.8868406935037297,0.017062461412664976,-0.24118299773727445,0.28274065163153517,0.3269386030032957,-0.8354259069184334,-0.3903008092882162,0,0,1.6806515506397688,-0.40499376600475495,-0.19263072525181246
0,-1.2464697596461354,-0.28882328486182257,0.0,1.8578970341915266,-0.1985259601135496,1.2765004518835685,0.31068053242396904,-1.1028114378235125,1.3269875299969325,-0.07498733041361022,-0.3171332612434447,0.062365740685880675,-0.06434627795172464,-0.913551369772932,-0.1989952209230387,0,0,1.6806515506397688,-0.40499376600475495,-0.07882642557103371
0,-1.0970504001902048,-0.10388128291499801,0.0,0.4085798986209332,0.9267029756092254,-0.21946517238102203,0.31068053242396904,-1.4873940784611928,1.9173417229304426,0.24718694097835295,-0.5449840517619555,-0.4098662113405295,-0.533888135097749,-0.7052168021609355,-0.035019002324315464,0,0,1.6806515506397688,-0.40499376600475495,0.03497787410974503
0,-0.4857893842341265,-0.7511782897288832,0.0,2.06494233927304,-0.6077001185581951,1.0271728478394702,1.3895843179984038,-0.590034583639939,-0.5916635970369748,0.3392367328046281,0.4423693738182581,-0.551535796948449,-0.2834658112865324,-0.43177768217019,-0.704588561602436,0,0,1.6806515506397688,-0.40499376600475495,0.14878217379052378
0,-1.3279712284402787,-1.094642007630128,0.0,0.6156252037024466,-1.3237548958363246,1.0271728478394702,0.9580228037686299,-1.1028114378235125,-0.5916635970369748,1.1676848592411049,0.7461704278429392,0.29848171669908574,0.4364983696707085,-1.173969579287928,-1.0052116290334288,0,0,1.6806515506397688,-0.40499376600475495,0.26258647347130254
0,-1.3823055409697083,-1.055011578641523,0.0,-0.8336919318681467,-1.5283419750586473,-0.9674479845133174,-0.5524424960355787,-2.256559359736553,-1.4771948864372397,1.3057595469805177,0.7461704278429392,0.4716334324421064,0.23303023157408725,-1.3171995945211754,-1.0598703685663362,0,0,1.6806515506397688,-0.40499376600475495,0.3763907731520813
0,-1.4094726972344227,-0.5794464307782606,0.0,0.4085798986209332,-1.5283419750586473,1.2765004518835685,1.8211458322281777,-1.1028114378235125,-0.2964865005702198,0.799485691936004,-0.0892824707249339,-0.06356277985448822,-0.07999767318992901,-1.1349068478606783,-0.5269476581204856,0,0,1.6806515506397688,-0.40499376600475495,0.49019507283286007
0,-0.9883817751313465,-0.13030156890740185,0.0,0.20153459353941988,0.31294173794225727,-0.46879277642512046,-0.5524424960355787,-1.3591998649152994,1.3269875299969325,0.15513714915207777,-0.24118299773727445,-0.2839376908001606,-0.2834658112865324,-0.8484468173941832,-0.035019002324315464,0,0,1.6806515506397688,-0.40499376600475495,0.6039993725136388
0,-0.6487923218224142,-0.05104071093019127,0.0,0.20153459353941988,0.006061119108773155,0.02986243166307639,1.8211458322281777,-1.7437825055529794,0.29386769236329013,0.24718694097835295,-0.24118299773727445,-0.11078597505713997,0.0921676744302835,-0.31458948788844165,0.08796316162472684,0,0,1.6806515506397688,-0.40499376600475495,0.7178036721944175
0,-0.9340474626019174,-0.43413485782004135,0.0,0.8226705087839599,-1.73292905428097,1.0271728478394702,-0.33666173892069173,-0.8464230107317258,-0.8868406935037297,0.4773114205440409,0.2904688468059175,0.6762672783202103,0.7025720887201116,-0.6921958916851858,-0.30831269998885436,0,0,1.6806515506397688,-0.40499376600475495,0.8316079718751963
0,-0.594458009292985,-0.48697542980484854,0.0,-1.0407372369496601,0.006061119108773155,-0.46879277642512046,-1.1997847673802395,0.5637133382731015,-0.0013094041034648074,0.5693612123703161,0.4423693738182581,0.8651600591307815,0.8277832506257288,-0.8093840859669337,-0.4586242337043509,0,0,1.6806515506397688,-0.40499376600475495,0.9454122715559751
0,0.016803006663093395,-0.5398160017896553,0.0,0.6156252037024466,-0.40311303933587234,1.7751556599717655,0.526461289538856,0.1791306976354214,0.44145624059666766,0.8455105878491417,0.9740212183614501,0.770713668725496,0.8277832506257288,-0.7312586231124351,-0.5542770278869394,0,0,1.6806515506397688,-0.40499376600475495,1.0592165712367538
0,-0.02394772773397835,-0.3680841428390327,0.0,1.8578970341915266,-0.1985259601135496,-0.9674479845133174,0.31068053242396904,-2.256559359736553,0.44145624059666766,1.1676848592411049,0.2904688468059175,0.5345976927122909,0.4364983696707085,-0.6401122497821864,-0.25365396045594674,0,0,1.6806515506397688,-0.40499376600475495,1.1730208709175325
0,-0.7031266343518432,-0.31524357085422594,0.0,1.650851729110013,-1.3237548958363246,1.7751556599717655,1.8211458322281777,-1.4873940784611928,-0.8868406935037297,-0.3051118099792982,-0.5449840517619555,0.4401513023070052,0.5617095315763079,-0.5750076974034374,-0.23998927557271962,0,0,1.6806515506397688,-0.40499376600475495,1.2868251705983114
0,-0.8797131500724882,-0.7643884327250846,0.0,-1.0407372369496601,-0.8122871977805178,1.2765004518835685,-0.7682232531504656,-0.8464230107317258,-0.5916635970369748,0.15513714915207777,0.13856831979357695,0.7234904735228621,0.8590860411021197,-0.9395931907244316,-0.7592473011353436,0,0,1.6806515506397688,-0.40499376600475495,1.40062947027909
0,-0.24128497785169528,-1.0814318646339265,0.0,-1.0407372369496601,-0.40311303933587234,-0.9674479845133174,-0.7682232531504656,0.1791306976354214,-0.5916635970369748,0.7534607960228665,0.8221206913491095,1.13275816527907,1.3129765030099576,-0.9265722802486819,-1.1008644232160172,0,0,1.6806515506397688,-0.40499376600475495,1.514433769959869
0,-0.689543056219486,-1.015381149652918,0.0,-1.0407372369496601,-0.6077001185581951,1.2765004518835685,-1.1997847673802395,-0.590034583639939,-0.0013094041034648074,0.8915354837622793,0.6702201643367689,1.494802661832644,1.6103530125357695,-1.2000114002394273,-0.9232235197340668,0,0,1.6806515506397688,-0.40499376600475495,1.6282380696406475
0,-1.2328861815137777,-1.3060042955693558,0.0,-1.0407372369496601,0.51752881716458,-0.9674479845133174,-1.1997847673802395,0.3073249111813148,1.6221646264636875,0.6153861082834537,0.6702201643367689,1.9040703535888874,1.8764267315851726,-1.291157773569676,-1.2101819022818328,0,0,1.6806515506397688,-0.40499376600475495,1.7420423693214264
0,-1.2057190252490633,-1.451315868527575,0.0,-1.0407372369496601,0.21064819833109588,-0.9674479845133174,-0.7682232531504656,0.5637133382731015,1.0318104335301777,0.8455105878491417,-0.0892824707249339,1.967034613859054,2.15815184587278,-1.473450520230173,-1.4698109150631447,0,0,1.6806515506397688,-0.10884911227189885,-1.6720866211019363
0,-1.7626457286757125,-1.4777361545199785,0.0,-1.0407372369496601,-0.40311303933587234,-0.46879277642512046,-0.7682232531504656,-0.0772577294563654,0.7366333370634226,0.10911225323894017,-0.393083524749615,2.1401863296020927,2.095546264919998,-1.8510569240269168,-1.565463709245733,0,0,1.6806515506397688,-0.10884911227189885,-1.5582823214211574
0,-1.4502234316314948,-1.398475296542768,0.0,-0.8336919318681467,-0.1985259601135496,-0.46879277642512046,-1.1997847673802395,0.1791306976354214,-0.0013094041034648074,-0.02896243450047262,-0.0892824707249339,1.8253650282511524,1.6886099887267556,-1.6166805354634206,-1.3878228057637831,0,0,1.6806515506397688,-0.10884911227189885,-1.4444780217403788
0,-1.3551383847049936,-1.5305767265047852,0.0,-1.0407372369496601,-1.0168742770028405,-0.46879277642512046,-1.1997847673802395,-0.590034583639939,-0.2964865005702198,-0.02896243450047262,0.2145185832997472,1.5420258570353136,1.4225362696773525,-1.4994923411816725,-1.4288168604134637,0,0,1.6806515506397688,-0.10884911227189885,-1.3306737220595999
0,-1.3008040721755643,-1.2795840095769526,0.0,-1.0407372369496601,-0.40311303933587234,-0.46879277642512046,-0.7682232531504656,-0.0772577294563654,1.0318104335301777,-0.213062018153023,-0.924735369292807,1.573507987170379,1.6573071982503647,-1.3953250573756741,-1.2648406418147404,0,0,1.6806515506397688,-0.10884911227189885,-1.2168694223788212
0,-1.8033964630727843,-1.2663738665807507,0.0,-1.0407372369496601,0.21064819833109588,-0.46879277642512046,-1.1997847673802395,-0.590034583639939,1.6221646264636875,-0.6272860813712614,-1.3044866868236584,1.9985167439941551,1.9703351030143987,-1.707826908793669,-1.2511759569315137,0,0,1.6806515506397688,-0.10884911227189885,-1.1030651226980426
0,-1.8984815099992853,-1.1474825796149353,0.0,-1.0407372369496601,0.21064819833109588,-0.46879277642512046,-0.9840040102653526,-0.590034583639939,0.44145624059666766,-0.7193358731975366,-0.3171332612434447,1.8725882234537863,1.8294725458705772,-1.4994923411816725,-1.169187847632152,0,0,1.6806515506397688,-0.10884911227189885,-0.9892608230172637
0,-1.42305627536678,-1.3720550105503646,0.0,0.8226705087839599,-0.1985259601135496,-0.46879277642512046,-0.7682232531504656,-0.590034583639939,1.3269875299969325,0.7074359001097289,0.2145185832997472,2.0614810042643574,2.095546264919998,-1.5515759830846718,-1.374158120880556,0,0,1.6806515506397688,-0.10884911227189885,-0.8754565233364849
0,-1.5045577441609237,-1.398475296542768,0.0,-1.0407372369496601,0.21064819833109588,-0.46879277642512046,-1.1997847673802395,0.1791306976354214,1.0318104335301777,0.5233363164571785,-0.01333220721876361,2.3133380453450956,2.2520602173020063,-1.603659624987671,-1.3878228057637831,0,0,1.6806515506397688,-0.10884911227189885,-0.7616522236557063
0,-1.5317249004256384,-1.5569970124971886,0.0,-1.0407372369496601,0.51752881716458,-0.46879277642512046,-1.1997847673802395,-0.33364615654815216,0.44145624059666766,0.6153861082834537,0.4423693738182581,2.1874095248047265,2.173803241111002,-1.66876417736642,-1.5927930790121874,0,0,1.6806515506397688,-0.10884911227189885,-0.6478479239749275
0,-1.6403935254844968,-1.49094629751618,0.0,-1.0407372369496601,-0.8122871977805178,1.2765004518835685,-1.1997847673802395,-0.0772577294563654,-0.0013094041034648074,0.7534607960228665,0.06261805628740667,2.0299988741292565,2.017289288728994,-1.6948059983179193,-1.4014874906470098,0,0,1.6806515506397688,-0.10884911227189885,-0.5340436242941488
0,-1.2736369159108498,-1.4116854395389697,0.0,-1.0407372369496601,0.51752881716458,-0.46879277642512046,-1.1997847673802395,-0.590034583639939,-0.0013094041034648074,0.6153861082834537,0.4423693738182581,1.7938828981160513,1.9546837077761765,-1.6297014459391703,-1.3468287511141022,0,0,1.6806515506397688,-0.10884911227189885,-0.42023932461337
0,-1.6268099473521396,-1.2135332945959438,0.0,-0.8336919318681467,-0.6077001185581951,-0.46879277642512046,-1.1997847673802395,-0.0772577294563654,0.29386769236329013,0.6614110041965913,0.6702201643367689,1.5892490522379474,1.516444641106561,-1.3953250573756741,-1.1965172173986056,0,0,1.6806515506397688,-0.10884911227189885,-0.3064350249325912
0,-1.6539771036168542,-1.1871130086035404,0.0,0.8226705087839599,-1.9375161335032929,1.2765004518835685,0.9580228037686299,-0.8464230107317258,-1.4771948864372397,0.799485691936004,0.3664191103120878,1.5420258570353136,1.4851418506301521,-1.5776178040361712,-1.1965172173986056,0,0,1.6806515506397688,-0.10884911227189885,-0.19263072525181246
0,-1.6132263692197821,-1.0418014356453211,0.0,0.6156252037024466,-2.244396752336777,1.0271728478394702,-1.1997847673802395,-1.1028114378235125,-1.4771948864372397,0.7534607960228665,0.06261805628740667,1.242945620751906,1.2660223172953444,-1.590638714511921,-0.9505528895005206,0,0,1.6806515506397688,-0.10884911227189885,-0.07882642557103371
0,-1.2600533377784924,-0.80401886171369,0.0,-1.0407372369496601,-1.73292905428097,1.2765004518835685,-1.1997847673802395,-0.8464230107317258,-0.8868406935037297,0.4773114205440409,0.06261805628740667,1.054052839941335,1.0469027839605367,-1.1349068478606783,-0.7865766709017974,0,0,1.6806515506397688,-0.10884911227189885,0.03497787410974503
0,-1.0970504001902048,-0.9229101486795058,0.0,-0.6266466267866334,-1.0168742770028405,1.0271728478394702,-0.7682232531504656,-0.33364615654815216,-0.0013094041034648074,0.4773114205440409,0.13856831979357695,1.368874141292275,1.516444641106561,-1.2781368630939263,-0.8139060406682511,0,0,1.6806515506397688,-0.10884911227189885,0.14878217379052378
0,-0.8797131500724882,-1.2795840095769526,0.0,-0.6266466267866334,0.006061119108773155,1.2765004518835685,-1.1997847673802395,0.1791306976354214,1.3269875299969325,0.6153861082834537,0.6702201643367689,1.730918637845849,1.7199127792031643,-1.226053221190927,-1.2375112720482866,0,0,1.6806515506397688,-0.10884911227189885,0.26258647347130254
0,-0.9612146188666318,-1.2927941525731539,0.0,-1.0407372369496601,-0.6077001185581951,-0.46879277642512046,-1.1997847673802395,-0.33364615654815216,-0.0013094041034648074,0.9375603796754168,0.7461704278429392,1.5892490522379474,1.5633988268211563,-1.3041786840454257,-1.1965172173986056,0,0,1.6806515506397688,-0.10884911227189885,0.3763907731520813
0,-1.4909741660285665,-1.1342724366187333,0.0,-1.0407372369496601,-1.0168742770028405,-0.46879277642512046,-1.1997847673802395,-0.33364615654815216,-0.5916635970369748,0.7534607960228665,0.2904688468059175,1.1957224255492722,1.2347195268189535,-1.5125132516574222,-1.1145291080992443,0,0,1.6806515506397688,-0.10884911227189885,0.49019507283286007
0,-1.5860592129550677,-0.9229101486795058,0.0,-1.0407372369496601,-1.0168742770028405,1.2765004518835685,-0.9840040102653526,-0.590034583639939,-0.8868406935037297,0.38526162871776576,0.06261805628740667,1.1799813604817038,1.093856969675132,-1.4213668783271738,-0.9095588348508401,0,0,1.6806515506397688,-0.10884911227189885,0.6039993725136388
0,-1.4773905878962093,-0.6719174317516726,0.0,0.20153459353941988,-1.9375161335032929,1.2765004518835685,-0.5524424960355787,-0.590034583639939,-1.1820177899704847,0.6153861082834537,-0.16523273423110416,1.006829644738701,0.9060402268167328,-1.3171995945211754,-0.6226004523030741,0,0,1.6806515506397688,-0.10884911227189885,0.7178036721944175
0,-1.2328861815137777,-0.46055514381244517,0.0,-0.4196013217051201,-0.40311303933587234,1.2765004518835685,1.8211458322281777,-1.1028114378235125,-1.1820177899704847,0.4773114205440409,0.06261805628740667,0.6133030180500258,0.5460581363381035,-1.1088650269091789,-0.40396549417144284,0,0,1.6806515506397688,-0.10884911227189885,0.8316079718751963
0,-0.9068803063372027,-0.44734500081624323,0.0,0.8226705087839599,-1.3237548958363246,1.525828055927667,-0.5524424960355787,-0.590034583639939,-1.4771948864372397,0.38526162871776576,0.06261805628740667,0.3614459769692702,0.49910395062350815,-0.7703213545396844,-0.41763017905467,0,0,1.6806515506397688,-0.10884911227189885,0.9454122715559751
0,0.057553741060165385,0.09427086202802798,0.0,-1.0407372369496601,0.006061119108773155,-0.46879277642512046,-0.7682232531504656,-0.0772577294563654,-0.0013094041034648074,0.8915354837622793,0.9740212183614501,0.487374497509657,0.718223483958316,-0.7833422650154342,-1.1145291080992443,0,0,1.6806515506397688,-0.10884911227189885,1.0592165712367538
